municipality,party,votes,population,percentage_dutch
Aa en Hunze,PVV,19.402149574563367,25399,93.4
Aa en Hunze,PvdA/GL,17.95230631437528,25399,93.4
Aa en Hunze,VVD,16.222570532915363,25399,93.4
Aa en Hunze,NSC,15.875503806538289,25399,93.4
Aa en Hunze,BBB,9.57792207792208,25399,93.4
Aa en Hunze,D66,5.625839677563816,25399,93.4
Aa en Hunze,SP,3.4930586654724585,25399,93.4
Aa en Hunze,PvdD,2.507836990595611,25399,93.4
Aa en Hunze,CDA,2.4854455888938647,25399,93.4
Aa en Hunze,FvD,1.7577250335871024,25399,93.4
Aa en Hunze,ChristenUnie,1.371473354231975,25399,93.4
Aa en Hunze,Volt,1.371473354231975,25399,93.4
Aa en Hunze,JA21,0.6269592476489028,25399,93.4
Aa en Hunze,BVNL,0.4758172861621138,25399,93.4
Aa en Hunze,50PLUS,0.33587102552619796,25399,93.4
Aa en Hunze,SGP,0.2407075682937752,25399,93.4
Aa en Hunze,DENK,0.23510971786833856,25399,93.4
Aa en Hunze,BIJ1,0.11755485893416928,25399,93.4
Aa en Hunze,Piratenpartij - De Groenen,0.08956560680698611,25399,93.4
Aa en Hunze,Samen voor Nederland,0.08396775638154949,25399,93.4
Aa en Hunze,Splinter,0.07836990595611285,25399,93.4
Aa en Hunze,LEF - Voor de Nieuwe Generatie,0.05038065382892969,25399,93.4
Aa en Hunze,LP (Libertaire Partij),0.02239140170174652,25399,93.4
Aalsmeer,VVD,25.070379280339868,31991,78.5
Aalsmeer,PVV,25.060142294108616,31991,78.5
Aalsmeer,NSC,12.340686901776117,31991,78.5
Aalsmeer,PvdA/GL,9.551108153759532,31991,78.5
Aalsmeer,D66,6.689870502124175,31991,78.5
Aalsmeer,CDA,3.6955520294825206,31991,78.5
Aalsmeer,BBB,3.383323949429288,31991,78.5
Aalsmeer,ChristenUnie,2.2367814915288937,31991,78.5
Aalsmeer,FvD,2.067871218713211,31991,78.5
Aalsmeer,SP,1.9910938219788092,31991,78.5
Aalsmeer,PvdD,1.6481547832318164,31991,78.5
Aalsmeer,DENK,1.3973486205661052,31991,78.5
Aalsmeer,Volt,1.3308082100629577,31991,78.5
Aalsmeer,JA21,0.9520397195065772,31991,78.5
Aalsmeer,SGP,0.6449301325689717,31991,78.5
Aalsmeer,50PLUS,0.5886267082970773,31991,78.5
Aalsmeer,BVNL,0.5783897220658238,31991,78.5
Aalsmeer,BIJ1,0.2610431488969647,31991,78.5
Aalsmeer,Splinter,0.19450273839381685,31991,78.5
Aalsmeer,PartijvdSport,0.07165890361877462,31991,78.5
Aalsmeer,Piratenpartij - De Groenen,0.07165890361877462,31991,78.5
Aalsmeer,Nederland met een PLAN,0.06142191738752112,31991,78.5
Aalsmeer,LEF - Voor de Nieuwe Generatie,0.05118493115626759,31991,78.5
Aalsmeer,LP (Libertaire Partij),0.03071095869376056,31991,78.5
Aalsmeer,Samen voor Nederland,0.03071095869376056,31991,78.5
Aalten,PVV,19.796010368533754,27120,88.5
Aalten,NSC,18.51684886735039,27120,88.5
Aalten,BBB,15.575340921897892,27120,88.5
Aalten,VVD,11.574439310267104,27120,88.5
Aalten,PvdA/GL,10.430519553702243,27120,88.5
Aalten,CDA,7.150907246703482,27120,88.5
Aalten,D66,4.040347120477854,27120,88.5
Aalten,ChristenUnie,3.076749690071002,27120,88.5
Aalten,SP,2.744280401217176,27120,88.5
Aalten,FvD,1.645441226191818,27120,88.5
Aalten,PvdD,1.200270483489237,27120,88.5
Aalten,Volt,0.7663698861715317,27120,88.5
Aalten,JA21,0.6874788684774034,27120,88.5
Aalten,SGP,0.6423982869379015,27120,88.5
Aalten,DENK,0.6198579961681505,27120,88.5
Aalten,BVNL,0.5691423419362109,27120,88.5
Aalten,50PLUS,0.3493745069311394,27120,88.5
Aalten,Samen voor Nederland,0.23667305308238476,27120,88.5
Aalten,BIJ1,0.10143130846387918,27120,88.5
Aalten,Splinter,0.10143130846387918,27120,88.5
Aalten,Piratenpartij - De Groenen,0.06762087230925279,27120,88.5
Aalten,LEF - Voor de Nieuwe Generatie,0.06198579961681506,27120,88.5
Aalten,Nederland met een PLAN,0.03944550884706413,27120,88.5
Aalten,LP (Libertaire Partij),0.00563507269243773,27120,88.5
Achtkarspelen,PVV,34.47947583580669,27900,95.5
Achtkarspelen,NSC,16.822534580276642,27900,95.5
Achtkarspelen,CDA,8.775270202161616,27900,95.5
Achtkarspelen,PvdA/GL,7.694461555692446,27900,95.5
Achtkarspelen,BBB,7.487259898079185,27900,95.5
Achtkarspelen,VVD,6.860054880439044,27900,95.5
Achtkarspelen,ChristenUnie,5.157641261130089,27900,95.5
Achtkarspelen,FvD,3.2144257154057234,27900,95.5
Achtkarspelen,SP,2.2008176065408525,27900,95.5
Achtkarspelen,SGP,2.0720165761326093,27900,95.5
Achtkarspelen,D66,1.9096152769222152,27900,95.5
Achtkarspelen,PvdD,0.9856078848630788,27900,95.5
Achtkarspelen,BVNL,0.6776054208433667,27900,95.5
Achtkarspelen,JA21,0.5656045248361986,27900,95.5
Achtkarspelen,Volt,0.3808030464243714,27900,95.5
Achtkarspelen,50PLUS,0.2800022400179202,27900,95.5
Achtkarspelen,Samen voor Nederland,0.08960071680573445,27900,95.5
Achtkarspelen,DENK,0.07840062720501764,27900,95.5
Achtkarspelen,BIJ1,0.05600044800358403,27900,95.5
Achtkarspelen,LP (Libertaire Partij),0.05040040320322563,27900,95.5
Achtkarspelen,LEF - Voor de Nieuwe Generatie,0.03920031360250882,27900,95.5
Achtkarspelen,Piratenpartij - De Groenen,0.03920031360250882,27900,95.5
Achtkarspelen,Splinter,0.03920031360250882,27900,95.5
Achtkarspelen,Nederland met een PLAN,0.02240017920143361,27900,95.5
Achtkarspelen,Politieke Partij voor Basisinkomen,0.02240017920143361,27900,95.5
Alblasserdam,PVV,24.987633965375103,20136,84.6
Alblasserdam,SGP,16.52926628194559,20136,84.6
Alblasserdam,NSC,11.788953009068424,20136,84.6
Alblasserdam,VVD,11.47568013190437,20136,84.6
Alblasserdam,PvdA/GL,8.854080791426217,20136,84.6
Alblasserdam,ChristenUnie,5.746084089035449,20136,84.6
Alblasserdam,CDA,4.154987633965375,20136,84.6
Alblasserdam,D66,3.2316570486397365,20136,84.6
Alblasserdam,FvD,2.431986809563067,20136,84.6
Alblasserdam,BBB,2.3742786479802143,20136,84.6
Alblasserdam,SP,2.184666117065128,20136,84.6
Alblasserdam,DENK,2.1104699093157464,20136,84.6
Alblasserdam,PvdD,1.2613355317394888,20136,84.6
Alblasserdam,JA21,0.6760098928277,20136,84.6
Alblasserdam,Volt,0.5770816158285244,20136,84.6
Alblasserdam,BVNL,0.5441055234954657,20136,84.6
Alblasserdam,50PLUS,0.5358615004122012,20136,84.6
Alblasserdam,BIJ1,0.1731244847485573,20136,84.6
Alblasserdam,Splinter,0.12366034624896947,20136,84.6
Alblasserdam,Nederland met een PLAN,0.06595218466611708,20136,84.6
Alblasserdam,Samen voor Nederland,0.0494641384995878,20136,84.6
Alblasserdam,LEF - Voor de Nieuwe Generatie,0.04122011541632316,20136,84.6
Alblasserdam,PartijvdSport,0.04122011541632316,20136,84.6
Alblasserdam,Piratenpartij - De Groenen,0.04122011541632316,20136,84.6
Albrandswaard,PVV,29.692662552209963,25814,77.6
Albrandswaard,VVD,20.7904744093261,25814,77.6
Albrandswaard,NSC,11.894520291752384,25814,77.6
Albrandswaard,PvdA/GL,9.930802319057417,25814,77.6
Albrandswaard,D66,5.367495792032916,25814,77.6
Albrandswaard,CDA,4.058350476902936,25814,77.6
Albrandswaard,SP,2.4873760987469606,25814,77.6
Albrandswaard,FvD,2.400099744404962,25814,77.6
Albrandswaard,BBB,2.356461567233963,25814,77.6
Albrandswaard,DENK,2.1694408079296803,25814,77.6
Albrandswaard,PvdD,2.019824200486254,25814,77.6
Albrandswaard,ChristenUnie,1.4151237454024064,25814,77.6
Albrandswaard,Volt,1.2281029860981234,25814,77.6
Albrandswaard,JA21,1.190698834237267,25814,77.6
Albrandswaard,SGP,1.0971884545851256,25814,77.6
Albrandswaard,50PLUS,0.5735303285331338,25814,77.6
Albrandswaard,BVNL,0.5672963032229911,25814,77.6
Albrandswaard,BIJ1,0.3989776198491366,25814,77.6
Albrandswaard,Splinter,0.1184464808927124,25814,77.6
Albrandswaard,Nederland met een PLAN,0.05610622779128483,25814,77.6
Albrandswaard,PartijvdSport,0.05610622779128483,25814,77.6
Albrandswaard,Samen voor Nederland,0.05610622779128483,25814,77.6
Albrandswaard,LP (Libertaire Partij),0.04363817717099931,25814,77.6
Albrandswaard,Piratenpartij - De Groenen,0.02493610124057103,25814,77.6
Albrandswaard,LEF - Voor de Nieuwe Generatie,0.00623402531014275,25814,77.6
Alkmaar,PVV,20.790728357671895,109896,77.1
Alkmaar,PvdA/GL,19.816186392395572,109896,77.1
Alkmaar,VVD,15.625655941707398,109896,77.1
Alkmaar,NSC,11.267204413925455,109896,77.1
Alkmaar,D66,7.73036672763801,109896,77.1
Alkmaar,SP,4.052595280218298,109896,77.1
Alkmaar,BBB,3.787220006596899,109896,77.1
Alkmaar,PvdD,3.115535698221836,109896,77.1
Alkmaar,FvD,3.046568112986896,109896,77.1
Alkmaar,CDA,2.400371825242136,109896,77.1
Alkmaar,DENK,2.0720261477105764,109896,77.1
Alkmaar,Volt,1.8996071846232272,109896,77.1
Alkmaar,ChristenUnie,0.8920807220606316,109896,77.1
Alkmaar,JA21,0.8021230021889711,109896,77.1
Alkmaar,50PLUS,0.7481483702659749,109896,77.1
Alkmaar,BVNL,0.6836786710246184,109896,77.1
Alkmaar,BIJ1,0.37182524213619594,109896,77.1
Alkmaar,SGP,0.18591262106809797,109896,77.1
Alkmaar,Splinter,0.17391825841854328,109896,77.1
Alkmaar,Piratenpartij - De Groenen,0.1514288284506282,109896,77.1
Alkmaar,LP (Libertaire Partij),0.0854598338780773,109896,77.1
Alkmaar,PartijvdSport,0.0854598338780773,109896,77.1
Alkmaar,LEF - Voor de Nieuwe Generatie,0.08096194788449429,109896,77.1
Alkmaar,Nederland met een PLAN,0.07046688056613391,109896,77.1
Alkmaar,Samen voor Nederland,0.06446969924135657,109896,77.1
Almelo,PVV,30.05682653211189,73132,73.2
Almelo,NSC,22.79429775143291,73132,73.2
Almelo,VVD,10.98074756282761,73132,73.2
Almelo,PvdA/GL,9.94464311958066,73132,73.2
Almelo,BBB,4.71758193308186,73132,73.2
Almelo,DENK,3.588399549306814,73132,73.2
Almelo,D66,3.5737030323813257,73132,73.2
Almelo,SP,2.958898740998383,73132,73.2
Almelo,FvD,2.8021358937931713,73132,73.2
Almelo,CDA,2.326948513202371,73132,73.2
Almelo,ChristenUnie,1.702346543869103,73132,73.2
Almelo,PvdD,1.2075638073776516,73132,73.2
Almelo,Volt,0.8964875324548082,73132,73.2
Almelo,SGP,0.5584676431685691,73132,73.2
Almelo,JA21,0.5070298339293587,73132,73.2
Almelo,BVNL,0.4678391221280557,73132,73.2
Almelo,50PLUS,0.3796600205751237,73132,73.2
Almelo,BIJ1,0.18860530054377111,73132,73.2
Almelo,Splinter,0.09797677950325771,73132,73.2
Almelo,Piratenpartij - De Groenen,0.0734825846274433,73132,73.2
Almelo,Samen voor Nederland,0.05143780923921031,73132,73.2
Almelo,LEF - Voor de Nieuwe Generatie,0.03919071180130309,73132,73.2
Almelo,Nederland met een PLAN,0.03184245333855876,73132,73.2
Almelo,PartijvdSport,0.02939303385097732,73132,73.2
Almelo,LP (Libertaire Partij),0.02449419487581443,73132,73.2
Almere,PVV,26.530066389645125,214715,55.4
Almere,VVD,15.836079667574152,214715,55.4
Almere,PvdA/GL,15.000238811673114,214715,55.4
Almere,NSC,11.54129053828151,214715,55.4
Almere,D66,5.432487940010508,214715,55.4
Almere,DENK,4.921430959545303,214715,55.4
Almere,SP,3.7961503558293934,214715,55.4
Almere,FvD,3.331900463294646,214715,55.4
Almere,BBB,2.599226250179109,214715,55.4
Almere,PvdD,2.441610545923485,214715,55.4
Almere,BIJ1,1.5188422410087403,214715,55.4
Almere,ChristenUnie,1.4108993647609496,214715,55.4
Almere,Volt,1.295314514973492,214715,55.4
Almere,CDA,1.1520275111047429,214715,55.4
Almere,50PLUS,0.8387065959784115,214715,55.4
Almere,JA21,0.6877776185699956,214715,55.4
Almere,BVNL,0.633328557099871,214715,55.4
Almere,SGP,0.32764961551320626,214715,55.4
Almere,Splinter,0.20060180541624875,214715,55.4
Almere,Piratenpartij - De Groenen,0.12036108324974926,214715,55.4
Almere,Nederland met een PLAN,0.11367435640254096,214715,55.4
Almere,LEF - Voor de Nieuwe Generatie,0.09456942255337442,214715,55.4
Almere,Samen voor Nederland,0.08119596885895783,214715,55.4
Almere,LP (Libertaire Partij),0.05827004823995797,214715,55.4
Almere,Politieke Partij voor Basisinkomen,0.03629937431341644,214715,55.4
Alphen aan den Rijn,PVV,23.12630442605254,112587,78.8
Alphen aan den Rijn,VVD,18.92335372436128,112587,78.8
Alphen aan den Rijn,PvdA/GL,12.417416336811804,112587,78.8
Alphen aan den Rijn,NSC,12.233177401943143,112587,78.8
Alphen aan den Rijn,D66,6.385030586541922,112587,78.8
Alphen aan den Rijn,CDA,4.344008636200072,112587,78.8
Alphen aan den Rijn,BBB,3.9352284994602376,112587,78.8
Alphen aan den Rijn,SP,2.7448722562072687,112587,78.8
Alphen aan den Rijn,ChristenUnie,2.63260165527168,112587,78.8
Alphen aan den Rijn,SGP,2.550557754587981,112587,78.8
Alphen aan den Rijn,FvD,2.272759985606333,112587,78.8
Alphen aan den Rijn,DENK,2.256926952141058,112587,78.8
Alphen aan den Rijn,PvdD,1.9935228499460236,112587,78.8
Alphen aan den Rijn,Volt,1.4609571788413098,112587,78.8
Alphen aan den Rijn,JA21,0.906801007556675,112587,78.8
Alphen aan den Rijn,50PLUS,0.577186038143217,112587,78.8
Alphen aan den Rijn,BVNL,0.4663548038862901,112587,78.8
Alphen aan den Rijn,BIJ1,0.25908600215905003,112587,78.8
Alphen aan den Rijn,Splinter,0.14105793450881612,112587,78.8
Alphen aan den Rijn,Piratenpartij - De Groenen,0.10363440086362,112587,78.8
Alphen aan den Rijn,PartijvdSport,0.05469593378913278,112587,78.8
Alphen aan den Rijn,LP (Libertaire Partij),0.05181720043181,112587,78.8
Alphen aan den Rijn,Nederland met een PLAN,0.05037783375314861,112587,78.8
Alphen aan den Rijn,LEF - Voor de Nieuwe Generatie,0.04893846707448722,112587,78.8
Alphen aan den Rijn,Samen voor Nederland,0.04605973371716445,112587,78.8
Alphen aan den Rijn,Politieke Partij voor Basisinkomen,0.01727240014393667,112587,78.8
Alphen-Chaam,PVV,24.215503653818597,10373,85.4
Alphen-Chaam,VVD,23.65668433873048,10373,85.4
Alphen-Chaam,NSC,11.735205616850552,10373,85.4
Alphen-Chaam,BBB,11.00444189711993,10373,85.4
Alphen-Chaam,PvdA/GL,8.826479438314944,10373,85.4
Alphen-Chaam,D66,5.54520704972059,10373,85.4
Alphen-Chaam,CDA,4.628170224960596,10373,85.4
Alphen-Chaam,SP,2.908726178535607,10373,85.4
Alphen-Chaam,FvD,1.6621292448774896,10373,85.4
Alphen-Chaam,PvdD,1.57615704255624,10373,85.4
Alphen-Chaam,Volt,1.103309929789368,10373,85.4
Alphen-Chaam,JA21,0.8597220232124947,10373,85.4
Alphen-Chaam,BVNL,0.7021063189568706,10373,85.4
Alphen-Chaam,50PLUS,0.6304628170224961,10373,85.4
Alphen-Chaam,ChristenUnie,0.2579166069637484,10373,85.4
Alphen-Chaam,DENK,0.2579166069637484,10373,85.4
Alphen-Chaam,BIJ1,0.1432870038687491,10373,85.4
Alphen-Chaam,Nederland met een PLAN,0.05731480154749964,10373,85.4
Alphen-Chaam,PartijvdSport,0.05731480154749964,10373,85.4
Alphen-Chaam,Splinter,0.05731480154749964,10373,85.4
Alphen-Chaam,Samen voor Nederland,0.04298610116062473,10373,85.4
Alphen-Chaam,SGP,0.04298610116062473,10373,85.4
Alphen-Chaam,Politieke Partij voor Basisinkomen,0.02865740077374982,10373,85.4
Altena,PVV,29.08631393879457,56352,92.09999999999998
Altena,NSC,12.826218339651668,56352,92.09999999999998
Altena,VVD,12.64490962035053,56352,92.09999999999998
Altena,SGP,11.677929784077795,56352,92.09999999999998
Altena,PvdA/GL,6.079336300203286,56352,92.09999999999998
Altena,CDA,5.9145101917477065,56352,92.09999999999998
Altena,ChristenUnie,5.51343332783913,56352,92.09999999999998
Altena,BBB,4.845887588594033,56352,92.09999999999998
Altena,D66,2.6811713642107575,56352,92.09999999999998
Altena,FvD,2.376243063567936,56352,92.09999999999998
Altena,SP,2.2004285478819847,56352,92.09999999999998
Altena,PvdD,1.1510356573814626,56352,92.09999999999998
Altena,JA21,0.785671116971595,56352,92.09999999999998
Altena,Volt,0.6565573320147244,56352,92.09999999999998
Altena,BVNL,0.5494203615185979,56352,92.09999999999998
Altena,50PLUS,0.43404208559969226,56352,92.09999999999998
Altena,DENK,0.25273336629855503,56352,92.09999999999998
Altena,BIJ1,0.07142464699741773,56352,92.09999999999998
Altena,Splinter,0.06318334157463876,56352,92.09999999999998
Altena,Piratenpartij - De Groenen,0.03845942530630185,56352,92.09999999999998
Altena,Samen voor Nederland,0.03571232349870886,56352,92.09999999999998
Altena,LEF - Voor de Nieuwe Generatie,0.03296522169111587,56352,92.09999999999998
Altena,PartijvdSport,0.03021811988352288,56352,92.09999999999998
Altena,LP (Libertaire Partij),0.02197681446074391,56352,92.09999999999998
Altena,Nederland met een PLAN,0.02197681446074391,56352,92.09999999999998
Altena,Politieke Partij voor Basisinkomen,0.00824130542277896,56352,92.09999999999998
Ameland,PVV,18.542238487343703,3746,91.8
Ameland,NSC,16.62092101250381,3746,91.8
Ameland,VVD,16.163464470875265,3746,91.8
Ameland,PvdA/GL,14.028667276608722,3746,91.8
Ameland,BBB,13.937175968283016,3746,91.8
Ameland,D66,5.458981396767307,3746,91.8
Ameland,CDA,5.062519060689234,3746,91.8
Ameland,SP,2.012808783165599,3746,91.8
Ameland,PvdD,1.799329063738945,3746,91.8
Ameland,ChristenUnie,1.5858493443122903,3746,91.8
Ameland,Volt,1.5858493443122903,3746,91.8
Ameland,FvD,1.1893870082342175,3746,91.8
Ameland,JA21,0.6709362610551998,3746,91.8
Ameland,BVNL,0.4269594388533089,3746,91.8
Ameland,50PLUS,0.39646233607807263,3746,91.8
Ameland,Piratenpartij - De Groenen,0.15248551387618176,3746,91.8
Ameland,Samen voor Nederland,0.09149130832570906,3746,91.8
Ameland,DENK,0.0609942055504727,3746,91.8
Ameland,Splinter,0.0609942055504727,3746,91.8
Ameland,SGP,0.0609942055504727,3746,91.8
Ameland,BIJ1,0.03049710277523635,3746,91.8
Ameland,LEF - Voor de Nieuwe Generatie,0.03049710277523635,3746,91.8
Ameland,Nederland met een PLAN,0.03049710277523635,3746,91.8
Amersfoort,PvdA/GL,21.704735376044567,157462,74.6
Amersfoort,PVV,15.725500126614332,157462,74.6
Amersfoort,VVD,15.24335274753102,157462,74.6
Amersfoort,NSC,10.974930362116991,157462,74.6
Amersfoort,D66,8.933907318308433,157462,74.6
Amersfoort,DENK,4.256267409470752,157462,74.6
Amersfoort,ChristenUnie,4.027348695872373,157462,74.6
Amersfoort,CDA,3.1187642441124335,157462,74.6
Amersfoort,PvdD,2.9759432767789313,157462,74.6
Amersfoort,SP,2.912129653076728,157462,74.6
Amersfoort,Volt,2.5555836920739425,157462,74.6
Amersfoort,BBB,2.1190174727779185,157462,74.6
Amersfoort,FvD,1.9083312230944545,157462,74.6
Amersfoort,SGP,0.9683464168143832,157462,74.6
Amersfoort,JA21,0.6381362370220309,157462,74.6
Amersfoort,BVNL,0.4872119523930109,157462,74.6
Amersfoort,50PLUS,0.4588503418586984,157462,74.6
Amersfoort,BIJ1,0.4466953659154216,157462,74.6
Amersfoort,Splinter,0.14687262598126108,157462,74.6
Amersfoort,Piratenpartij - De Groenen,0.09116231957457584,157462,74.6
Amersfoort,LP (Libertaire Partij),0.08407191694099772,157462,74.6
Amersfoort,LEF - Voor de Nieuwe Generatie,0.06077487971638389,157462,74.6
Amersfoort,Nederland met een PLAN,0.05165864775892631,157462,74.6
Amersfoort,PartijvdSport,0.04760698911116738,157462,74.6
Amersfoort,Samen voor Nederland,0.04456824512534819,157462,74.6
Amersfoort,Politieke Partij voor Basisinkomen,0.01823246391491517,157462,74.6
Amstelveen,VVD,22.818673435603134,90829,53.2
Amstelveen,PvdA/GL,20.69749475775301,90829,53.2
Amstelveen,PVV,15.444211455689215,90829,53.2
Amstelveen,NSC,10.89283743516168,90829,53.2
Amstelveen,D66,9.692086966118527,90829,53.2
Amstelveen,PvdD,2.748041055071184,90829,53.2
Amstelveen,SP,2.7193466504800794,90829,53.2
Amstelveen,Volt,2.551594746716698,90829,53.2
Amstelveen,CDA,2.3154177243129896,90829,53.2
Amstelveen,FvD,2.0593753448846708,90829,53.2
Amstelveen,DENK,1.9931574881359673,90829,53.2
Amstelveen,BBB,1.7900893941066107,90829,53.2
Amstelveen,ChristenUnie,1.0727292793289924,90829,53.2
Amstelveen,BIJ1,0.6732148769451495,90829,53.2
Amstelveen,JA21,0.6246551153294339,90829,53.2
Amstelveen,50PLUS,0.5231210683147555,90829,53.2
Amstelveen,BVNL,0.4723540448074164,90829,53.2
Amstelveen,SGP,0.2670786888864364,90829,53.2
Amstelveen,Splinter,0.1280211897141596,90829,53.2
Amstelveen,Nederland met een PLAN,0.11477761836441894,90829,53.2
Amstelveen,Piratenpartij - De Groenen,0.11036309458117206,90829,53.2
Amstelveen,PartijvdSport,0.08829047566493764,90829,53.2
Amstelveen,Samen voor Nederland,0.07725416620682043,90829,53.2
Amstelveen,LEF - Voor de Nieuwe Generatie,0.06842511864032667,90829,53.2
Amstelveen,LP (Libertaire Partij),0.05738880918220947,90829,53.2
Amsterdam,PvdA/GL,33.774939991768946,873338,43.8
Amsterdam,VVD,11.77969307187428,873338,43.8
Amsterdam,D66,9.853006596742308,873338,43.8
Amsterdam,PVV,9.62748507823075,873338,43.8
Amsterdam,DENK,7.519524977459743,873338,43.8
Amsterdam,NSC,6.610302146498588,873338,43.8
Amsterdam,PvdD,4.771873565214495,873338,43.8
Amsterdam,Volt,3.821019652249625,873338,43.8
Amsterdam,SP,3.1837072597470253,873338,43.8
Amsterdam,BIJ1,2.3092166457718286,873338,43.8
Amsterdam,FvD,2.0629985322069944,873338,43.8
Amsterdam,BBB,0.9951018058373914,873338,43.8
Amsterdam,ChristenUnie,0.9784493730359052,873338,43.8
Amsterdam,CDA,0.884244181758925,873338,43.8
Amsterdam,JA21,0.4129803334768614,873338,43.8
Amsterdam,BVNL,0.34422957519643926,873338,43.8
Amsterdam,50PLUS,0.2940343848948161,873338,43.8
Amsterdam,Piratenpartij - De Groenen,0.18864827445112392,873338,43.8
Amsterdam,SGP,0.1253690298054758,873338,43.8
Amsterdam,Splinter,0.12394167842249126,873338,43.8
Amsterdam,LEF - Voor de Nieuwe Generatie,0.08492740728758039,873338,43.8
Amsterdam,Nederland met een PLAN,0.08135902883011902,873338,43.8
Amsterdam,LP (Libertaire Partij),0.06066243377684312,873338,43.8
Amsterdam,PartijvdSport,0.04638891994699769,873338,43.8
Amsterdam,Politieke Partij voor Basisinkomen,0.03544589267744951,873338,43.8
Amsterdam,Samen voor Nederland,0.0304501628370036,873338,43.8
Apeldoorn,PVV,22.353382419708247,164781,81.6
Apeldoorn,VVD,15.662567362166644,164781,81.6
Apeldoorn,NSC,14.195898063522767,164781,81.6
Apeldoorn,PvdA/GL,14.146548490890067,164781,81.6
Apeldoorn,D66,5.978207228725399,164781,81.6
Apeldoorn,BBB,4.648729742000434,164781,81.6
Apeldoorn,SGP,3.7041789218105374,164781,81.6
Apeldoorn,CDA,3.270889674095422,164781,81.6
Apeldoorn,ChristenUnie,3.139619810892438,164781,81.6
Apeldoorn,SP,2.915572751139975,164781,81.6
Apeldoorn,FvD,2.331273811168795,164781,81.6
Apeldoorn,PvdD,2.1279535719220672,164781,81.6
Apeldoorn,DENK,1.8999585463589883,164781,81.6
Apeldoorn,Volt,1.3936319311474763,164781,81.6
Apeldoorn,JA21,0.6543753331096153,164781,81.6
Apeldoorn,BVNL,0.5260664442645927,164781,81.6
Apeldoorn,50PLUS,0.5112615724747823,164781,81.6
Apeldoorn,BIJ1,0.16680155549852935,164781,81.6
Apeldoorn,Splinter,0.12238694012909848,164781,81.6
Apeldoorn,Nederland met een PLAN,0.07698533330701356,164781,81.6
Apeldoorn,Piratenpartij - De Groenen,0.05724550425393315,164781,81.6
Apeldoorn,Samen voor Nederland,0.05527152134862512,164781,81.6
Apeldoorn,LEF - Voor de Nieuwe Generatie,0.0345447008428907,164781,81.6
Apeldoorn,LP (Libertaire Partij),0.02664876922165854,164781,81.6
Arnhem,PvdA/GL,24.92426792325816,162424,66.7
Arnhem,PVV,19.10580051610008,162424,66.7
Arnhem,VVD,11.901716593739485,162424,66.7
Arnhem,NSC,10.437563110063952,162424,66.7
Arnhem,D66,8.223942555817345,162424,66.7
Arnhem,DENK,4.361045663637383,162424,66.7
Arnhem,PvdD,4.208459553461236,162424,66.7
Arnhem,SP,3.726018175698418,162424,66.7
Arnhem,Volt,2.5894760462246156,162424,66.7
Arnhem,FvD,2.4985975541344105,162424,66.7
Arnhem,BBB,1.8635700661954449,162424,66.7
Arnhem,CDA,1.706496129249411,162424,66.7
Arnhem,ChristenUnie,1.41029956243689,162424,66.7
Arnhem,BIJ1,0.8874677437450915,162424,66.7
Arnhem,BVNL,0.4577583305284416,162424,66.7
Arnhem,JA21,0.4454168069112533,162424,66.7
Arnhem,50PLUS,0.3736115785930663,162424,66.7
Arnhem,SGP,0.29619656681252104,162424,66.7
Arnhem,Splinter,0.1570739369460339,162424,66.7
Arnhem,Piratenpartij - De Groenen,0.14361045663637384,162424,66.7
Arnhem,Nederland met een PLAN,0.10658588578480872,162424,66.7
Arnhem,LEF - Voor de Nieuwe Generatie,0.07853696847301694,162424,66.7
Arnhem,LP (Libertaire Partij),0.06282957477841355,162424,66.7
Arnhem,Samen voor Nederland,0.03365870077415012,162424,66.7
Assen,PVV,20.914740360623323,68836,83.5
Assen,PvdA/GL,17.715738430394047,68836,83.5
Assen,NSC,16.26335859893602,68836,83.5
Assen,VVD,12.471164257803306,68836,83.5
Assen,D66,5.632973965444188,68836,83.5
Assen,ChristenUnie,5.157478461466033,68836,83.5
Assen,BBB,4.479544277576386,68836,83.5
Assen,SP,4.1499929381855845,68836,83.5
Assen,CDA,3.187232239536745,68836,83.5
Assen,FvD,2.28802787062756,68836,83.5
Assen,PvdD,2.118544324655148,68836,83.5
Assen,Volt,1.3817616873028575,68836,83.5
Assen,SGP,0.9980697707264252,68836,83.5
Assen,DENK,0.8591874205545879,68836,83.5
Assen,JA21,0.6285014829810273,68836,83.5
Assen,BVNL,0.55552940068735,68836,83.5
Assen,50PLUS,0.5249282048867755,68836,83.5
Assen,BIJ1,0.235393813850572,68836,83.5
Assen,Splinter,0.13182053575632033,68836,83.5
Assen,Samen voor Nederland,0.12475872134080317,68836,83.5
Assen,Piratenpartij - De Groenen,0.07767995857068877,68836,83.5
Assen,LEF - Voor de Nieuwe Generatie,0.05649451532413728,68836,83.5
Assen,LP (Libertaire Partij),0.0470787627701144,68836,83.5
Asten,PVV,26.553980370774266,16817,88.8
Asten,VVD,19.929116684841873,16817,88.8
Asten,NSC,14.830970556161397,16817,88.8
Asten,BBB,9.233006179571063,16817,88.8
Asten,PvdA/GL,8.578698655034533,16817,88.8
Asten,D66,5.170846964740095,16817,88.8
Asten,CDA,5.007270083605961,16817,88.8
Asten,SP,3.680479825517993,16817,88.8
Asten,FvD,1.8356961105052707,16817,88.8
Asten,Volt,1.2450018175209014,16817,88.8
Asten,PvdD,0.999636495819702,16817,88.8
Asten,50PLUS,0.7179207560886951,16817,88.8
Asten,JA21,0.6179571065067249,16817,88.8
Asten,BVNL,0.5725190839694656,16817,88.8
Asten,DENK,0.39076699382042895,16817,88.8
Asten,ChristenUnie,0.15448927662668122,16817,88.8
Asten,BIJ1,0.11813885859687386,16817,88.8
Asten,Splinter,0.08178844056706652,16817,88.8
Asten,Samen voor Nederland,0.07270083605961468,16817,88.8
Asten,Nederland met een PLAN,0.05452562704471102,16817,88.8
Asten,PartijvdSport,0.04543802253725917,16817,88.8
Asten,Piratenpartij - De Groenen,0.03635041802980734,16817,88.8
Asten,SGP,0.03635041802980734,16817,88.8
Asten,LP (Libertaire Partij),0.02726281352235551,16817,88.8
Asten,LEF - Voor de Nieuwe Generatie,0.00908760450745183,16817,88.8
Baarle-Nassau,PVV,30.47200370198982,6899,74.2
Baarle-Nassau,VVD,16.381304951411384,6899,74.2
Baarle-Nassau,BBB,15.039333641832489,6899,74.2
Baarle-Nassau,NSC,11.522443313280888,6899,74.2
Baarle-Nassau,PvdA/GL,8.028690421101341,6899,74.2
Baarle-Nassau,CDA,4.164738546968995,6899,74.2
Baarle-Nassau,D66,3.3086534012031468,6899,74.2
Baarle-Nassau,SP,3.1698287829708467,6899,74.2
Baarle-Nassau,FvD,2.105506709856548,6899,74.2
Baarle-Nassau,PvdD,1.6658954187875985,6899,74.2
Baarle-Nassau,JA21,0.8560851457658493,6899,74.2
Baarle-Nassau,Volt,0.8560851457658493,6899,74.2
Baarle-Nassau,50PLUS,0.8098102730217491,6899,74.2
Baarle-Nassau,BVNL,0.6247107820453494,6899,74.2
Baarle-Nassau,ChristenUnie,0.34706154558074964,6899,74.2
Baarle-Nassau,DENK,0.2082369273484498,6899,74.2
Baarle-Nassau,Splinter,0.11568718186024989,6899,74.2
Baarle-Nassau,BIJ1,0.09254974548819991,6899,74.2
Baarle-Nassau,Nederland met een PLAN,0.09254974548819991,6899,74.2
Baarle-Nassau,LEF - Voor de Nieuwe Generatie,0.04627487274409996,6899,74.2
Baarle-Nassau,SGP,0.04627487274409996,6899,74.2
Baarle-Nassau,LP (Libertaire Partij),0.02313743637204998,6899,74.2
Baarle-Nassau,Piratenpartij - De Groenen,0.02313743637204998,6899,74.2
Baarn,VVD,21.417515800335355,24792,81.4
Baarn,PvdA/GL,17.741519411840578,24792,81.4
Baarn,PVV,16.825744872952406,24792,81.4
Baarn,NSC,11.60840964787824,24792,81.4
Baarn,D66,9.035212175931898,24792,81.4
Baarn,CDA,3.437379079066168,24792,81.4
Baarn,PvdD,2.8247130143170383,24792,81.4
Baarn,BBB,2.6699342190119952,24792,81.4
Baarn,SP,2.6570359860699084,24792,81.4
Baarn,FvD,2.095962853089127,24792,81.4
Baarn,Volt,2.0250225719076487,24792,81.4
Baarn,ChristenUnie,2.0185734554366053,24792,81.4
Baarn,DENK,1.61872823423191,24792,81.4
Baarn,SGP,0.9996130530117374,24792,81.4
Baarn,50PLUS,0.9093254224171288,24792,81.4
Baarn,JA21,0.8254869082935637,24792,81.4
Baarn,BVNL,0.5352766670966078,24792,81.4
Baarn,Splinter,0.20637172707339096,24792,81.4
Baarn,BIJ1,0.18702437766026056,24792,81.4
Baarn,Piratenpartij - De Groenen,0.08383851412356508,24792,81.4
Baarn,LEF - Voor de Nieuwe Generatie,0.07094028118147813,24792,81.4
Baarn,LP (Libertaire Partij),0.0580420482393912,24792,81.4
Baarn,PartijvdSport,0.05159293176834773,24792,81.4
Baarn,Politieke Partij voor Basisinkomen,0.0386946988262608,24792,81.4
Baarn,Samen voor Nederland,0.0386946988262608,24792,81.4
Baarn,Nederland met een PLAN,0.0193473494131304,24792,81.4
Barendrecht,PVV,27.569997956264057,48643,73.9
Barendrecht,VVD,17.51822331221473,48643,73.9
Barendrecht,NSC,12.756318550309969,48643,73.9
Barendrecht,PvdA/GL,10.113086722528784,48643,73.9
Barendrecht,D66,5.303494788473329,48643,73.9
Barendrecht,DENK,4.2407520948293485,48643,73.9
Barendrecht,CDA,4.223720961918387,48643,73.9
Barendrecht,SGP,4.032972273315621,48643,73.9
Barendrecht,SP,2.56148238980857,48643,73.9
Barendrecht,FvD,2.476326725253764,48643,73.9
Barendrecht,ChristenUnie,2.1084542543770013,48643,73.9
Barendrecht,BBB,1.7269568771714694,48643,73.9
Barendrecht,PvdD,1.5157708290755505,48643,73.9
Barendrecht,Volt,1.059336467061789,48643,73.9
Barendrecht,JA21,0.9707745759247904,48643,73.9
Barendrecht,BVNL,0.5075277607466449,48643,73.9
Barendrecht,50PLUS,0.4870904012534914,48643,73.9
Barendrecht,BIJ1,0.3780911506233395,48643,73.9
Barendrecht,Splinter,0.13284283670549765,48643,73.9
Barendrecht,Nederland met een PLAN,0.1158117037945364,48643,73.9
Barendrecht,PartijvdSport,0.0647183050616527,48643,73.9
Barendrecht,Piratenpartij - De Groenen,0.05449962531507595,48643,73.9
Barendrecht,LEF - Voor de Nieuwe Generatie,0.03406226582192247,48643,73.9
Barendrecht,LP (Libertaire Partij),0.02724981265753797,48643,73.9
Barendrecht,Samen voor Nederland,0.02043735949315348,48643,73.9
Barneveld,SGP,23.692660550458715,59992,90.9
Barneveld,PVV,20.471457696228335,59992,90.9
Barneveld,VVD,11.551987767584098,59992,90.9
Barneveld,NSC,10.711009174311927,59992,90.9
Barneveld,BBB,7.380224260958205,59992,90.9
Barneveld,ChristenUnie,7.135575942915392,59992,90.9
Barneveld,CDA,5.259938837920489,59992,90.9
Barneveld,PvdA/GL,4.329765545361876,59992,90.9
Barneveld,FvD,2.1788990825688073,59992,90.9
Barneveld,D66,2.1126401630988787,59992,90.9
Barneveld,SP,1.1162079510703364,59992,90.9
Barneveld,DENK,1.0728848114169214,59992,90.9
Barneveld,PvdD,0.8103975535168195,59992,90.9
Barneveld,JA21,0.6880733944954129,59992,90.9
Barneveld,Volt,0.5326197757390418,59992,90.9
Barneveld,BVNL,0.445973496432212,59992,90.9
Barneveld,50PLUS,0.26503567787971455,59992,90.9
Barneveld,Splinter,0.06116207951070336,59992,90.9
Barneveld,BIJ1,0.05606523955147808,59992,90.9
Barneveld,Samen voor Nederland,0.04332313965341488,59992,90.9
Barneveld,LEF - Voor de Nieuwe Generatie,0.02293577981651376,59992,90.9
Barneveld,Piratenpartij - De Groenen,0.02293577981651376,59992,90.9
Barneveld,LP (Libertaire Partij),0.02038735983690112,59992,90.9
Barneveld,Nederland met een PLAN,0.01783893985728848,59992,90.9
Beek,PVV,31.706124046174917,15875,84.8
Beek,VVD,15.17315593817257,15875,84.8
Beek,NSC,14.928585404030525,15875,84.8
Beek,PvdA/GL,12.65897084719233,15875,84.8
Beek,CDA,6.808843670514577,15875,84.8
Beek,D66,5.312072001565252,15875,84.8
Beek,BBB,3.159851301115242,15875,84.8
Beek,SP,3.003326159264332,15875,84.8
Beek,FvD,1.7315593817256898,15875,84.8
Beek,PvdD,1.57503423987478,15875,84.8
Beek,Volt,0.8511054588143221,15875,84.8
Beek,BVNL,0.6652318528663667,15875,84.8
Beek,DENK,0.5478379964781843,15875,84.8
Beek,JA21,0.5184895323811387,15875,84.8
Beek,50PLUS,0.4793582469184113,15875,84.8
Beek,ChristenUnie,0.3423987477988652,15875,84.8
Beek,Splinter,0.13695949911954608,15875,84.8
Beek,PartijvdSport,0.08804539229113677,15875,84.8
Beek,BIJ1,0.05869692819409117,15875,84.8
Beek,Piratenpartij - De Groenen,0.05869692819409117,15875,84.8
Beek,SGP,0.05869692819409117,15875,84.8
Beek,LEF - Voor de Nieuwe Generatie,0.04891410682840931,15875,84.8
Beek,Samen voor Nederland,0.03913128546272745,15875,84.8
Beek,Nederland met een PLAN,0.02934846409704558,15875,84.8
Beek,LP (Libertaire Partij),0.01956564273136372,15875,84.8
Beekdaelen,PVV,32.95007432018886,36065,84.1
Beekdaelen,NSC,16.19742939582058,36065,84.1
Beekdaelen,PvdA/GL,13.692401853632946,36065,84.1
Beekdaelen,VVD,13.530646148465506,36065,84.1
Beekdaelen,BBB,5.023170411821281,36065,84.1
Beekdaelen,D66,4.266853195768121,36065,84.1
Beekdaelen,CDA,3.606715047652356,36065,84.1
Beekdaelen,SP,3.239485879164117,36065,84.1
Beekdaelen,FvD,2.16840080440675,36065,84.1
Beekdaelen,PvdD,1.6743901372737606,36065,84.1
Beekdaelen,Volt,0.7781760951298418,36065,84.1
Beekdaelen,BVNL,0.6076768383317304,36065,84.1
Beekdaelen,JA21,0.6076768383317304,36065,84.1
Beekdaelen,50PLUS,0.4065751508262656,36065,84.1
Beekdaelen,ChristenUnie,0.31039608288886944,36065,84.1
Beekdaelen,DENK,0.31039608288886944,36065,84.1
Beekdaelen,SGP,0.1355250502754219,36065,84.1
Beekdaelen,Piratenpartij - De Groenen,0.09617906793739615,36065,84.1
Beekdaelen,BIJ1,0.08743551630672379,36065,84.1
Beekdaelen,PartijvdSport,0.07432018886071523,36065,84.1
Beekdaelen,Samen voor Nederland,0.07432018886071523,36065,84.1
Beekdaelen,Splinter,0.06557663723004284,36065,84.1
Beekdaelen,LEF - Voor de Nieuwe Generatie,0.0393459823380257,36065,84.1
Beekdaelen,LP (Libertaire Partij),0.03497420652268952,36065,84.1
Beekdaelen,Nederland met een PLAN,0.02185887907668094,36065,84.1
Beesel,PVV,36.540833950160376,13450,82.8
Beesel,NSC,13.989637305699482,13450,82.8
Beesel,VVD,13.656550703182829,13450,82.8
Beesel,PvdA/GL,11.176905995558846,13450,82.8
Beesel,BBB,4.7495682210708114,13450,82.8
Beesel,CDA,4.145077720207254,13450,82.8
Beesel,D66,4.021712311867752,13450,82.8
Beesel,SP,3.540587219343696,13450,82.8
Beesel,FvD,1.912163829262275,13450,82.8
Beesel,DENK,1.3570194917345175,13450,82.8
Beesel,PvdD,1.3446829509005676,13450,82.8
Beesel,Volt,0.9005674808783617,13450,82.8
Beesel,50PLUS,0.7772020725388601,13450,82.8
Beesel,JA21,0.6291635825314582,13450,82.8
Beesel,BVNL,0.5304712558598569,13450,82.8
Beesel,ChristenUnie,0.1480384900074019,13450,82.8
Beesel,SGP,0.13570194917345177,13450,82.8
Beesel,PartijvdSport,0.11102886750555144,13450,82.8
Beesel,Splinter,0.11102886750555144,13450,82.8
Beesel,Nederland met een PLAN,0.07401924500370095,13450,82.8
Beesel,BIJ1,0.04934616333580063,13450,82.8
Beesel,Piratenpartij - De Groenen,0.04934616333580063,13450,82.8
Beesel,LEF - Voor de Nieuwe Generatie,0.02467308166790031,13450,82.8
Beesel,Samen voor Nederland,0.02467308166790031,13450,82.8
Berg en Dal,PVV,27.7250478825282,35010,85.6
Berg en Dal,PvdA/GL,17.731432219621198,35010,85.6
Berg en Dal,VVD,14.679719089167907,35010,85.6
Berg en Dal,NSC,12.947435624600978,35010,85.6
Berg en Dal,D66,7.180251117258991,35010,85.6
Berg en Dal,BBB,4.0689508406043835,35010,85.6
Berg en Dal,SP,3.8135773568844433,35010,85.6
Berg en Dal,CDA,3.209193445413918,35010,85.6
Berg en Dal,PvdD,2.9367950627793147,35010,85.6
Berg en Dal,FvD,1.5577782506916364,35010,85.6
Berg en Dal,Volt,1.383273036816344,35010,85.6
Berg en Dal,JA21,0.625665035113854,35010,85.6
Berg en Dal,50PLUS,0.47244094488188976,35010,85.6
Berg en Dal,ChristenUnie,0.40008512449457334,35010,85.6
Berg en Dal,DENK,0.3319855288359225,35010,85.6
Berg en Dal,BVNL,0.29793573100659715,35010,85.6
Berg en Dal,BIJ1,0.2426048095339434,35010,85.6
Berg en Dal,Splinter,0.08938071930197915,35010,85.6
Berg en Dal,Piratenpartij - De Groenen,0.07235582038731644,35010,85.6
Berg en Dal,SGP,0.07235582038731644,35010,85.6
Berg en Dal,Samen voor Nederland,0.04256224728665674,35010,85.6
Berg en Dal,LEF - Voor de Nieuwe Generatie,0.03830602255799106,35010,85.6
Berg en Dal,Nederland met een PLAN,0.03404979782932539,35010,85.6
Berg en Dal,PartijvdSport,0.02979357310065971,35010,85.6
Berg en Dal,LP (Libertaire Partij),0.01702489891466269,35010,85.6
Bergeijk,PVV,27.096310493531384,18754,88.9
Bergeijk,VVD,19.05446414310813,18754,88.9
Bergeijk,NSC,14.622264813927488,18754,88.9
Bergeijk,BBB,8.872384603098546,18754,88.9
Bergeijk,PvdA/GL,8.744609487302348,18754,88.9
Bergeijk,CDA,7.059575147739977,18754,88.9
Bergeijk,D66,4.336367992333493,18754,88.9
Bergeijk,SP,3.0506308896342436,18754,88.9
Bergeijk,FvD,1.6211467816642708,18754,88.9
Bergeijk,Volt,1.301708992173774,18754,88.9
Bergeijk,PvdD,1.2937230474365118,18754,88.9
Bergeijk,JA21,0.8544960868870787,18754,88.9
Bergeijk,BVNL,0.590959910557419,18754,88.9
Bergeijk,50PLUS,0.5590161316083693,18754,88.9
Bergeijk,ChristenUnie,0.23159239738061013,18754,88.9
Bergeijk,Splinter,0.1437470052707235,18754,88.9
Bergeijk,SGP,0.11978917105893629,18754,88.9
Bergeijk,DENK,0.07985944737262418,18754,88.9
Bergeijk,Piratenpartij - De Groenen,0.07985944737262418,18754,88.9
Bergeijk,PartijvdSport,0.07187350263536176,18754,88.9
Bergeijk,BIJ1,0.06388755789809934,18754,88.9
Bergeijk,Nederland met een PLAN,0.05590161316083692,18754,88.9
Bergeijk,LEF - Voor de Nieuwe Generatie,0.03194377894904967,18754,88.9
Bergeijk,LP (Libertaire Partij),0.03194377894904967,18754,88.9
Bergeijk,Samen voor Nederland,0.02395783421178725,18754,88.9
Bergeijk,Politieke Partij voor Basisinkomen,0.00798594473726241,18754,88.9
Bergen (L.),PVV,35.57355252024659,13108,84
Bergen (L.),NSC,14.940166807687657,13108,84
Bergen (L.),VVD,13.767677988637736,13108,84
Bergen (L.),PvdA/GL,8.944760062855071,13108,84
Bergen (L.),BBB,8.642572222893751,13108,84
Bergen (L.),CDA,4.121842137072404,13108,84
Bergen (L.),SP,3.771304242717273,13108,84
Bergen (L.),D66,3.4570288891575007,13108,84
Bergen (L.),FvD,1.921914662153995,13108,84
Bergen (L.),PvdD,1.5351142270035054,13108,84
Bergen (L.),JA21,0.6527257343164511,13108,84
Bergen (L.),BVNL,0.6164631935210927,13108,84
Bergen (L.),Volt,0.5681131391272816,13108,84
Bergen (L.),50PLUS,0.5439381119303759,13108,84
Bergen (L.),ChristenUnie,0.30218783996132,13108,84
Bergen (L.),DENK,0.24175027196905596,13108,84
Bergen (L.),Splinter,0.08461259518916958,13108,84
Bergen (L.),BIJ1,0.06043756799226399,13108,84
Bergen (L.),SGP,0.06043756799226399,13108,84
Bergen (L.),Samen voor Nederland,0.04835005439381119,13108,84
Bergen (L.),LEF - Voor de Nieuwe Generatie,0.03626254079535839,13108,84
Bergen (L.),LP (Libertaire Partij),0.03626254079535839,13108,84
Bergen (L.),PartijvdSport,0.03626254079535839,13108,84
Bergen (L.),Nederland met een PLAN,0.02417502719690559,13108,84
Bergen (L.),Piratenpartij - De Groenen,0.01208751359845279,13108,84
Bergen (NH.),VVD,21.036394311882383,29715,86.3
Bergen (NH.),PVV,20.578452639190168,29715,86.3
Bergen (NH.),PvdA/GL,17.618703302000483,29715,86.3
Bergen (NH.),NSC,11.279826464208242,29715,86.3
Bergen (NH.),D66,7.900698963605689,29715,86.3
Bergen (NH.),BBB,3.86117136659436,29715,86.3
Bergen (NH.),PvdD,3.5912268016389493,29715,86.3
Bergen (NH.),CDA,3.0899011810074715,29715,86.3
Bergen (NH.),SP,2.8729814413111594,29715,86.3
Bergen (NH.),FvD,2.516268980477223,29715,86.3
Bergen (NH.),Volt,2.034225114485418,29715,86.3
Bergen (NH.),JA21,0.8773198361050856,29715,86.3
Bergen (NH.),BVNL,0.7471679922872981,29715,86.3
Bergen (NH.),ChristenUnie,0.5109664979513135,29715,86.3
Bergen (NH.),50PLUS,0.4290190407327067,29715,86.3
Bergen (NH.),DENK,0.2506628103157387,29715,86.3
Bergen (NH.),BIJ1,0.1638949144372138,29715,86.3
Bergen (NH.),Splinter,0.13497228247770546,29715,86.3
Bergen (NH.),SGP,0.11087008917811522,29715,86.3
Bergen (NH.),Piratenpartij - De Groenen,0.10122921185827911,29715,86.3
Bergen (NH.),LEF - Voor de Nieuwe Generatie,0.0819474572186069,29715,86.3
Bergen (NH.),Samen voor Nederland,0.06748614123885273,29715,86.3
Bergen (NH.),Nederland met een PLAN,0.05302482525909857,29715,86.3
Bergen (NH.),PartijvdSport,0.04820438659918052,29715,86.3
Bergen (NH.),LP (Libertaire Partij),0.04338394793926247,29715,86.3
Bergen op Zoom,PVV,30.032829940906108,67514,73.7
Bergen op Zoom,VVD,18.497701904136573,67514,73.7
Bergen op Zoom,NSC,12.309914642153643,67514,73.7
Bergen op Zoom,PvdA/GL,11.196323046618517,67514,73.7
Bergen op Zoom,D66,5.725541694024951,67514,73.7
Bergen op Zoom,DENK,4.635587655942219,67514,73.7
Bergen op Zoom,SP,3.818778726198293,67514,73.7
Bergen op Zoom,BBB,2.896913985554826,67514,73.7
Bergen op Zoom,CDA,2.80236375574524,67514,73.7
Bergen op Zoom,FvD,2.056467498358503,67514,73.7
Bergen op Zoom,PvdD,1.6835193696651345,67514,73.7
Bergen op Zoom,Volt,1.0847012475377544,67514,73.7
Bergen op Zoom,JA21,0.7590282337491793,67514,73.7
Bergen op Zoom,50PLUS,0.6618516086671045,67514,73.7
Bergen op Zoom,ChristenUnie,0.567301378857518,67514,73.7
Bergen op Zoom,BVNL,0.4701247537754432,67514,73.7
Bergen op Zoom,BIJ1,0.1943532501641497,67514,73.7
Bergen op Zoom,SGP,0.17859487852921865,67514,73.7
Bergen op Zoom,Splinter,0.12606697307944847,67514,73.7
Bergen op Zoom,Piratenpartij - De Groenen,0.0840446487196323,67514,73.7
Bergen op Zoom,Nederland met een PLAN,0.04727511490479317,67514,73.7
Bergen op Zoom,PartijvdSport,0.04464871963230466,67514,73.7
Bergen op Zoom,Samen voor Nederland,0.04464871963230466,67514,73.7
Bergen op Zoom,LP (Libertaire Partij),0.03676953381483913,67514,73.7
Bergen op Zoom,LEF - Voor de Nieuwe Generatie,0.0288903479973736,67514,73.7
Bergen op Zoom,Politieke Partij voor Basisinkomen,0.01575837163493106,67514,73.7
Berkelland,PVV,21.242033011930054,43846,91.9
Berkelland,NSC,20.85308056872038,43846,91.9
Berkelland,BBB,17.535545023696685,43846,91.9
Berkelland,VVD,12.53145938878902,43846,91.9
Berkelland,PvdA/GL,10.31214250694558,43846,91.9
Berkelland,D66,3.9516260826932506,43846,91.9
Berkelland,CDA,3.598627226671024,43846,91.9
Berkelland,SP,2.902435038404968,43846,91.9
Berkelland,FvD,1.8467069782644223,43846,91.9
Berkelland,PvdD,1.2910606308220298,43846,91.9
Berkelland,Volt,1.0001634253963063,43846,91.9
Berkelland,ChristenUnie,0.6994606961921883,43846,91.9
Berkelland,JA21,0.5589148553685243,43846,91.9
Berkelland,BVNL,0.5523778395162608,43846,91.9
Berkelland,50PLUS,0.3464618401699624,43846,91.9
Berkelland,DENK,0.30070272920411834,43846,91.9
Berkelland,SGP,0.1242033011930054,43846,91.9
Berkelland,Splinter,0.09151822193168818,43846,91.9
Berkelland,BIJ1,0.06210165059650269,43846,91.9
Berkelland,Samen voor Nederland,0.05229612681810754,43846,91.9
Berkelland,Piratenpartij - De Groenen,0.04902761889197581,43846,91.9
Berkelland,LP (Libertaire Partij),0.03922209511358065,43846,91.9
Berkelland,LEF - Voor de Nieuwe Generatie,0.03268507926131721,43846,91.9
Berkelland,Nederland met een PLAN,0.02614806340905377,43846,91.9
Bernheze,PVV,27.954853710521217,31455,90.7
Bernheze,VVD,19.182329006006587,31455,90.7
Bernheze,NSC,12.93838403410192,31455,90.7
Bernheze,PvdA/GL,9.566944390621972,31455,90.7
Bernheze,BBB,6.704127107149777,31455,90.7
Bernheze,D66,5.99689982561519,31455,90.7
Bernheze,SP,5.832203061422205,31455,90.7
Bernheze,CDA,5.255764386746755,31455,90.7
Bernheze,FvD,1.322418136020151,31455,90.7
Bernheze,PvdD,1.0317767874442936,31455,90.7
Bernheze,Volt,0.9881805851579152,31455,90.7
Bernheze,JA21,0.8283278434411935,31455,90.7
Bernheze,50PLUS,0.6636310792482076,31455,90.7
Bernheze,BVNL,0.5425305173416005,31455,90.7
Bernheze,DENK,0.4214299554349932,31455,90.7
Bernheze,ChristenUnie,0.2276690563844216,31455,90.7
Bernheze,Splinter,0.1404766518116644,31455,90.7
Bernheze,BIJ1,0.09203642704902153,31455,90.7
Bernheze,Nederland met een PLAN,0.07750435962022863,31455,90.7
Bernheze,SGP,0.06781631466770006,31455,90.7
Bernheze,LP (Libertaire Partij),0.04359620228637861,31455,90.7
Bernheze,PartijvdSport,0.04359620228637861,31455,90.7
Bernheze,Piratenpartij - De Groenen,0.03875217981011431,31455,90.7
Bernheze,Samen voor Nederland,0.02422011238132145,31455,90.7
Bernheze,Politieke Partij voor Basisinkomen,0.00968804495252857,31455,90.7
Bernheze,LEF - Voor de Nieuwe Generatie,0.00484402247626428,31455,90.7
Best,PVV,25.80765540036251,30216,81.8
Best,VVD,20.9350677044461,30216,81.8
Best,NSC,14.313892739097986,30216,81.8
Best,PvdA/GL,10.76873867150016,30216,81.8
Best,D66,7.308881543874614,30216,81.8
Best,SP,3.8543554749973343,30216,81.8
Best,BBB,3.614457831325301,30216,81.8
Best,CDA,3.182642072715641,30216,81.8
Best,FvD,1.6739524469559657,30216,81.8
Best,DENK,1.6099797419767568,30216,81.8
Best,Volt,1.5300138607527456,30216,81.8
Best,PvdD,1.41806162703913,30216,81.8
Best,ChristenUnie,1.354088922059921,30216,81.8
Best,JA21,0.6770444610299605,30216,81.8
Best,50PLUS,0.6237338735472865,30216,81.8
Best,BVNL,0.47979528734406657,30216,81.8
Best,SGP,0.22390446742723108,30216,81.8
Best,BIJ1,0.16526282119628957,30216,81.8
Best,Splinter,0.12261435121015034,30216,81.8
Best,LEF - Voor de Nieuwe Generatie,0.0906279987205459,30216,81.8
Best,Nederland met een PLAN,0.06397270497920887,30216,81.8
Best,Piratenpartij - De Groenen,0.05864164623094146,30216,81.8
Best,Samen voor Nederland,0.05864164623094146,30216,81.8
Best,PartijvdSport,0.04264846998613925,30216,81.8
Best,LP (Libertaire Partij),0.01066211749653481,30216,81.8
Best,Politieke Partij voor Basisinkomen,0.01066211749653481,30216,81.8
Beuningen,PVV,28.247037534294556,26157,86.7
Beuningen,VVD,19.893759850563303,26157,86.7
Beuningen,NSC,14.149786935964045,26157,86.7
Beuningen,PvdA/GL,13.431790321639134,26157,86.7
Beuningen,D66,6.730488587939992,26157,86.7
Beuningen,BBB,3.80012842215866,26157,86.7
Beuningen,SP,3.72424260113245,26157,86.7
Beuningen,CDA,2.5217442064094335,26157,86.7
Beuningen,FvD,1.6403012083357655,26157,86.7
Beuningen,PvdD,1.441830599497986,26157,86.7
Beuningen,Volt,1.1616367987858267,26157,86.7
Beuningen,JA21,0.6771350183877182,26157,86.7
Beuningen,50PLUS,0.6012491973615084,26157,86.7
Beuningen,DENK,0.48450178039810865,26157,86.7
Beuningen,ChristenUnie,0.47866440954993866,26157,86.7
Beuningen,BVNL,0.4261280719164089,26157,86.7
Beuningen,SGP,0.16344638374875955,26157,86.7
Beuningen,BIJ1,0.11674741696339969,26157,86.7
Beuningen,Splinter,0.08756056272254976,26157,86.7
Beuningen,Piratenpartij - De Groenen,0.08172319187437978,26157,86.7
Beuningen,Nederland met een PLAN,0.04086159593718989,26157,86.7
Beuningen,LP (Libertaire Partij),0.0350242250890199,26157,86.7
Beuningen,Samen voor Nederland,0.02918685424084992,26157,86.7
Beuningen,LEF - Voor de Nieuwe Generatie,0.01751211254450995,26157,86.7
Beuningen,PartijvdSport,0.01751211254450995,26157,86.7
Beverwijk,PVV,30.055948302034093,41863,71.4
Beverwijk,VVD,15.344580821442513,41863,71.4
Beverwijk,PvdA/GL,13.310491390900811,41863,71.4
Beverwijk,NSC,11.180986251463764,41863,71.4
Beverwijk,D66,5.568807737346576,41863,71.4
Beverwijk,SP,4.280695667259401,41863,71.4
Beverwijk,DENK,3.903369909355076,41863,71.4
Beverwijk,FvD,3.274493646181203,41863,71.4
Beverwijk,BBB,3.2528082577958974,41863,71.4
Beverwijk,CDA,2.272628702780067,41863,71.4
Beverwijk,PvdD,2.2422691590406387,41863,71.4
Beverwijk,Volt,1.2534154486706857,41863,71.4
Beverwijk,JA21,0.949820011276402,41863,71.4
Beverwijk,50PLUS,0.8370559916728108,41863,71.4
Beverwijk,BVNL,0.6462245738821182,41863,71.4
Beverwijk,ChristenUnie,0.5985167194344451,41863,71.4
Beverwijk,BIJ1,0.221190961530121,41863,71.4
Beverwijk,Splinter,0.15613479637420308,41863,71.4
Beverwijk,SGP,0.1301123303118359,41863,71.4
Beverwijk,PartijvdSport,0.12577525263477468,41863,71.4
Beverwijk,Piratenpartij - De Groenen,0.11276401960359111,41863,71.4
Beverwijk,LP (Libertaire Partij),0.08674155354122393,41863,71.4
Beverwijk,LEF - Voor de Nieuwe Generatie,0.07806739818710154,41863,71.4
Beverwijk,Nederland met een PLAN,0.07373032051004033,41863,71.4
Beverwijk,Samen voor Nederland,0.04337077677061196,41863,71.4
De Bilt,PvdA/GL,22.455339348479907,43384,81.4
De Bilt,VVD,20.40801536398884,43384,81.4
De Bilt,PVV,13.207957386672463,43384,81.4
De Bilt,D66,10.59897814979889,43384,81.4
De Bilt,NSC,9.747436315541544,43384,81.4
De Bilt,CDA,3.4713918179512264,43384,81.4
De Bilt,PvdD,3.246729716998224,43384,81.4
De Bilt,SGP,2.8481356669203173,43384,81.4
De Bilt,Volt,2.5908613255063955,43384,81.4
De Bilt,SP,2.3045983259049896,43384,81.4
De Bilt,ChristenUnie,2.174149364061311,43384,81.4
De Bilt,BBB,2.0437004022176324,43384,81.4
De Bilt,FvD,1.7356959089756132,43384,81.4
De Bilt,DENK,1.3987027575461102,43384,81.4
De Bilt,JA21,0.5399137587418923,43384,81.4
De Bilt,50PLUS,0.32612240460919667,43384,81.4
De Bilt,BVNL,0.30075732869514804,43384,81.4
De Bilt,BIJ1,0.21016777185926008,43384,81.4
De Bilt,Splinter,0.09058955683588796,43384,81.4
De Bilt,PartijvdSport,0.08334239228901692,43384,81.4
De Bilt,Piratenpartij - De Groenen,0.07247164546871036,43384,81.4
De Bilt,Nederland met een PLAN,0.03623582273435518,43384,81.4
De Bilt,LEF - Voor de Nieuwe Generatie,0.02898865818748415,43384,81.4
De Bilt,LP (Libertaire Partij),0.02898865818748415,43384,81.4
De Bilt,Politieke Partij voor Basisinkomen,0.02536507591404862,43384,81.4
De Bilt,Samen voor Nederland,0.02536507591404862,43384,81.4
Bladel,PVV,28.017817371937635,20529,89.4
Bladel,VVD,18.9086859688196,20529,89.4
Bladel,NSC,15.085374907201189,20529,89.4
Bladel,PvdA/GL,8.567186340014848,20529,89.4
Bladel,BBB,7.869339272457313,20529,89.4
Bladel,D66,4.892353377876764,20529,89.4
Bladel,CDA,4.573125463994061,20529,89.4
Bladel,SP,4.476614699331848,20529,89.4
Bladel,FvD,1.6926503340757235,20529,89.4
Bladel,Volt,1.380846325167038,20529,89.4
Bladel,PvdD,1.1878247958426131,20529,89.4
Bladel,JA21,0.957683741648107,20529,89.4
Bladel,50PLUS,0.7646622123236823,20529,89.4
Bladel,BVNL,0.4825538233110616,20529,89.4
Bladel,DENK,0.2301410541945063,20529,89.4
Bladel,ChristenUnie,0.21529324424647364,20529,89.4
Bladel,Splinter,0.13363028953229397,20529,89.4
Bladel,BIJ1,0.12620638455827765,20529,89.4
Bladel,SGP,0.12620638455827765,20529,89.4
Bladel,LP (Libertaire Partij),0.08908685968819599,20529,89.4
Bladel,PartijvdSport,0.05196733481811433,20529,89.4
Bladel,Nederland met een PLAN,0.04454342984409799,20529,89.4
Bladel,Samen voor Nederland,0.04454342984409799,20529,89.4
Bladel,Piratenpartij - De Groenen,0.03711952487008166,20529,89.4
Bladel,LEF - Voor de Nieuwe Generatie,0.02227171492204899,20529,89.4
Bladel,Politieke Partij voor Basisinkomen,0.02227171492204899,20529,89.4
Blaricum,VVD,34.15325177076626,11954,79.6
Blaricum,PVV,17.86220218931101,11954,79.6
Blaricum,NSC,11.693496458467482,11954,79.6
Blaricum,PvdA/GL,10.238248551191242,11954,79.6
Blaricum,D66,8.07469414037347,11954,79.6
Blaricum,CDA,2.858982614294913,11954,79.6
Blaricum,FvD,2.4082421120412105,11954,79.6
Blaricum,BBB,2.112041210560206,11954,79.6
Blaricum,SP,2.0218931101094655,11954,79.6
Blaricum,PvdD,1.8287186091435932,11954,79.6
Blaricum,Volt,1.6999356084996782,11954,79.6
Blaricum,DENK,1.6613007083065037,11954,79.6
Blaricum,ChristenUnie,0.9143593045717966,11954,79.6
Blaricum,JA21,0.7726980038634901,11954,79.6
Blaricum,BVNL,0.6954282034771411,11954,79.6
Blaricum,50PLUS,0.2962009014810045,11954,79.6
Blaricum,SGP,0.2446877012234385,11954,79.6
Blaricum,BIJ1,0.1159047005795235,11954,79.6
Blaricum,Piratenpartij - De Groenen,0.103026400515132,11954,79.6
Blaricum,Splinter,0.103026400515132,11954,79.6
Blaricum,PartijvdSport,0.051513200257566,11954,79.6
Blaricum,Samen voor Nederland,0.0386349001931745,11954,79.6
Blaricum,LP (Libertaire Partij),0.025756600128783,11954,79.6
Blaricum,LEF - Voor de Nieuwe Generatie,0.0128783000643915,11954,79.6
Blaricum,Nederland met een PLAN,0.0128783000643915,11954,79.6
Bloemendaal,VVD,32.33575694624773,23478,80.7
Bloemendaal,PvdA/GL,17.781095819267723,23478,80.7
Bloemendaal,D66,13.45105167488964,23478,80.7
Bloemendaal,PVV,10.581667099454688,23478,80.7
Bloemendaal,NSC,9.517008569202805,23478,80.7
Bloemendaal,CDA,3.317320176577512,23478,80.7
Bloemendaal,Volt,3.2978447156582704,23478,80.7
Bloemendaal,PvdD,2.759023630225915,23478,80.7
Bloemendaal,SP,1.4866268501687874,23478,80.7
Bloemendaal,BBB,1.44118410802389,23478,80.7
Bloemendaal,FvD,1.3308231628148532,23478,80.7
Bloemendaal,ChristenUnie,0.7270838743183589,23478,80.7
Bloemendaal,JA21,0.5323292651259413,23478,80.7
Bloemendaal,BVNL,0.4868865229810439,23478,80.7
Bloemendaal,50PLUS,0.19475460919241755,23478,80.7
Bloemendaal,DENK,0.16229550766034795,23478,80.7
Bloemendaal,BIJ1,0.14931186704752014,23478,80.7
Bloemendaal,Splinter,0.11036094520903662,23478,80.7
Bloemendaal,SGP,0.11036094520903662,23478,80.7
Bloemendaal,PartijvdSport,0.09737730459620876,23478,80.7
Bloemendaal,Piratenpartij - De Groenen,0.0714100233705531,23478,80.7
Bloemendaal,LEF - Voor de Nieuwe Generatie,0.03895092183848351,23478,80.7
Bloemendaal,LP (Libertaire Partij),0.01298364061282783,23478,80.7
Bloemendaal,Samen voor Nederland,0.00649182030641391,23478,80.7
Bodegraven-Reeuwijk,PVV,21.135867190913064,35278,86
Bodegraven-Reeuwijk,VVD,18.829183049366534,35278,86
Bodegraven-Reeuwijk,NSC,11.62953254696374,35278,86
Bodegraven-Reeuwijk,PvdA/GL,9.48012232415902,35278,86
Bodegraven-Reeuwijk,SGP,8.169506334643948,35278,86
Bodegraven-Reeuwijk,CDA,5.526430755788554,35278,86
Bodegraven-Reeuwijk,BBB,5.482743556138051,35278,86
Bodegraven-Reeuwijk,D66,5.128877238968982,35278,86
Bodegraven-Reeuwijk,ChristenUnie,4.73132372214941,35278,86
Bodegraven-Reeuwijk,FvD,2.1013543031891655,35278,86
Bodegraven-Reeuwijk,SP,1.7300131061598951,35278,86
Bodegraven-Reeuwijk,DENK,1.3674093490607253,35278,86
Bodegraven-Reeuwijk,PvdD,1.2581913499344692,35278,86
Bodegraven-Reeuwijk,Volt,1.1795543905635648,35278,86
Bodegraven-Reeuwijk,JA21,0.8519003931847969,35278,86
Bodegraven-Reeuwijk,BVNL,0.3888160768894714,35278,86
Bodegraven-Reeuwijk,50PLUS,0.3582350371341197,35278,86
Bodegraven-Reeuwijk,Splinter,0.235910878112713,35278,86
Bodegraven-Reeuwijk,BIJ1,0.12232415902140673,35278,86
Bodegraven-Reeuwijk,Piratenpartij - De Groenen,0.0655307994757536,35278,86
Bodegraven-Reeuwijk,PartijvdSport,0.05679335954565313,35278,86
Bodegraven-Reeuwijk,Nederland met een PLAN,0.05242463958060288,35278,86
Bodegraven-Reeuwijk,Samen voor Nederland,0.03931847968545216,35278,86
Bodegraven-Reeuwijk,LEF - Voor de Nieuwe Generatie,0.03494975972040192,35278,86
Bodegraven-Reeuwijk,LP (Libertaire Partij),0.03494975972040192,35278,86
Bodegraven-Reeuwijk,Politieke Partij voor Basisinkomen,0.00873743993010048,35278,86
Boekel,PVV,31.030133146461107,10959,91.3
Boekel,VVD,17.140854940434476,10959,91.3
Boekel,NSC,13.11843027330063,10959,91.3
Boekel,BBB,11.170287316047652,10959,91.3
Boekel,PvdA/GL,6.671338472319552,10959,91.3
Boekel,CDA,5.353889278206027,10959,91.3
Boekel,D66,4.709180098107919,10959,91.3
Boekel,SP,4.1485634197617385,10959,91.3
Boekel,FvD,1.5697266993693064,10959,91.3
Boekel,JA21,1.0371408549404346,10959,91.3
Boekel,PvdD,0.9950946040644708,10959,91.3
Boekel,Volt,0.7568325157673441,10959,91.3
Boekel,BVNL,0.7147862648913805,10959,91.3
Boekel,50PLUS,0.4064470918009811,10959,91.3
Boekel,DENK,0.322354590049054,10959,91.3
Boekel,ChristenUnie,0.18220042046250876,10959,91.3
Boekel,BIJ1,0.12613875262789068,10959,91.3
Boekel,Samen voor Nederland,0.09810791871058164,10959,91.3
Boekel,SGP,0.09810791871058164,10959,91.3
Boekel,Nederland met een PLAN,0.08409250175192712,10959,91.3
Boekel,Splinter,0.0700770847932726,10959,91.3
Boekel,Piratenpartij - De Groenen,0.05606166783461808,10959,91.3
Boekel,LEF - Voor de Nieuwe Generatie,0.04204625087596356,10959,91.3
Boekel,PartijvdSport,0.04204625087596356,10959,91.3
Boekel,Politieke Partij voor Basisinkomen,0.04204625087596356,10959,91.3
Boekel,LP (Libertaire Partij),0.01401541695865452,10959,91.3
Borger-Odoorn,PVV,27.86413356361543,25598,93.6
Borger-Odoorn,NSC,16.74726540011514,25598,93.6
Borger-Odoorn,VVD,12.642487046632125,25598,93.6
Borger-Odoorn,PvdA/GL,12.40644789867588,25598,93.6
Borger-Odoorn,BBB,10.33390903857225,25598,93.6
Borger-Odoorn,SP,3.5060449050086357,25598,93.6
Borger-Odoorn,D66,3.3909038572251005,25598,93.6
Borger-Odoorn,CDA,3.085780080598733,25598,93.6
Borger-Odoorn,FvD,2.6137017846862407,25598,93.6
Borger-Odoorn,PvdD,2.026482440990213,25598,93.6
Borger-Odoorn,ChristenUnie,1.7962003454231434,25598,93.6
Borger-Odoorn,BVNL,0.713874496257916,25598,93.6
Borger-Odoorn,Volt,0.6850892343120322,25598,93.6
Borger-Odoorn,SGP,0.6390328151986183,25598,93.6
Borger-Odoorn,JA21,0.6044905008635579,25598,93.6
Borger-Odoorn,50PLUS,0.4548071387449626,25598,93.6
Borger-Odoorn,Splinter,0.12089810017271156,25598,93.6
Borger-Odoorn,DENK,0.0978698906160046,25598,93.6
Borger-Odoorn,Samen voor Nederland,0.08059873344847437,25598,93.6
Borger-Odoorn,Piratenpartij - De Groenen,0.06332757628094415,25598,93.6
Borger-Odoorn,BIJ1,0.05757052389176742,25598,93.6
Borger-Odoorn,LEF - Voor de Nieuwe Generatie,0.03454231433506045,25598,93.6
Borger-Odoorn,LP (Libertaire Partij),0.03454231433506045,25598,93.6
Borne,NSC,33.38451145366333,23668,88.9
Borne,PVV,21.623779401830127,23668,88.9
Borne,VVD,13.246944666216296,23668,88.9
Borne,PvdA/GL,9.918319719953326,23668,88.9
Borne,BBB,5.103482159307253,23668,88.9
Borne,D66,4.99907879383406,23668,88.9
Borne,CDA,2.6714978812258185,23668,88.9
Borne,SP,2.35214641036664,23668,88.9
Borne,FvD,1.76257446416508,23668,88.9
Borne,Volt,0.9826199103359332,23668,88.9
Borne,ChristenUnie,0.9334889148191364,23668,88.9
Borne,PvdD,0.8413682982251428,23668,88.9
Borne,JA21,0.4974513296075662,23668,88.9
Borne,DENK,0.4913099551679666,23668,88.9
Borne,BVNL,0.3991893385739728,23668,88.9
Borne,SGP,0.2333722287047841,23668,88.9
Borne,50PLUS,0.15967573542958913,23668,88.9
Borne,Splinter,0.11054473991279248,23668,88.9
Borne,BIJ1,0.08597924215439415,23668,88.9
Borne,Samen voor Nederland,0.06141374439599582,23668,88.9
Borne,Piratenpartij - De Groenen,0.04298962107719707,23668,88.9
Borne,Nederland met een PLAN,0.0368482466375975,23668,88.9
Borne,LEF - Voor de Nieuwe Generatie,0.03070687219799791,23668,88.9
Borne,PartijvdSport,0.02456549775839833,23668,88.9
Borne,LP (Libertaire Partij),0.00614137443959958,23668,88.9
Borsele,PVV,23.027633159791748,22818,90.4
Borsele,SGP,16.379655586704047,22818,90.4
Borsele,VVD,13.209184354558804,22818,90.4
Borsele,NSC,11.620611400347084,22818,90.4
Borsele,PvdA/GL,8.583633693765853,22818,90.4
Borsele,BBB,8.490188225871046,22818,90.4
Borsele,CDA,4.859164330529969,22818,90.4
Borsele,D66,3.1370978507542384,22818,90.4
Borsele,SP,2.1692697904151648,22818,90.4
Borsele,ChristenUnie,2.095848351354959,22818,90.4
Borsele,FvD,1.935656120678147,22818,90.4
Borsele,PvdD,1.461754104925911,22818,90.4
Borsele,JA21,0.7609130957148579,22818,90.4
Borsele,BVNL,0.6874916566546523,22818,90.4
Borsele,50PLUS,0.6140702175944467,22818,90.4
Borsele,Volt,0.5339741022560406,22818,90.4
Borsele,DENK,0.19356561206781472,22818,90.4
Borsele,BIJ1,0.07342143906020558,22818,90.4
Borsele,Piratenpartij - De Groenen,0.04004805766920304,22818,90.4
Borsele,Splinter,0.04004805766920304,22818,90.4
Borsele,LEF - Voor de Nieuwe Generatie,0.03337338139100253,22818,90.4
Borsele,Samen voor Nederland,0.03337338139100253,22818,90.4
Borsele,LP (Libertaire Partij),0.02002402883460152,22818,90.4
Boxtel,PVV,25.80789056304521,32973,83.2
Boxtel,VVD,16.623711340206185,32973,83.2
Boxtel,PvdA/GL,14.606463124504362,32973,83.2
Boxtel,NSC,13.84318001586043,32973,83.2
Boxtel,D66,7.350317208564632,32973,83.2
Boxtel,BBB,4.554916732751784,32973,83.2
Boxtel,SP,4.545003965107058,32973,83.2
Boxtel,CDA,3.360428231562252,32973,83.2
Boxtel,PvdD,1.8140364789849328,32973,83.2
Boxtel,FvD,1.650475812846947,32973,83.2
Boxtel,DENK,1.556304520222046,32973,83.2
Boxtel,Volt,1.4224821570182395,32973,83.2
Boxtel,JA21,0.7632831086439333,32973,83.2
Boxtel,50PLUS,0.5848532910388581,32973,83.2
Boxtel,BVNL,0.34199048374306107,32973,83.2
Boxtel,ChristenUnie,0.30729579698651865,32973,83.2
Boxtel,BIJ1,0.23295003965107056,32973,83.2
Boxtel,Splinter,0.15364789849325933,32973,83.2
Boxtel,SGP,0.10904044409199048,32973,83.2
Boxtel,Nederland met een PLAN,0.09417129262490088,32973,83.2
Boxtel,Piratenpartij - De Groenen,0.07930214115781126,32973,83.2
Boxtel,PartijvdSport,0.06443298969072164,32973,83.2
Boxtel,Samen voor Nederland,0.04956383822363203,32973,83.2
Boxtel,LEF - Voor de Nieuwe Generatie,0.03965107057890563,32973,83.2
Boxtel,LP (Libertaire Partij),0.03965107057890563,32973,83.2
Boxtel,Politieke Partij voor Basisinkomen,0.0049563838223632,32973,83.2
Breda,VVD,20.84245733662259,184126,75.5
Breda,PVV,20.106069425580472,184126,75.5
Breda,PvdA/GL,17.630808178802745,184126,75.5
Breda,NSC,11.092940100340938,184126,75.5
Breda,D66,9.701471851872384,184126,75.5
Breda,SP,3.5147046594783378,184126,75.5
Breda,CDA,2.732119263427299,184126,75.5
Breda,PvdD,2.5168389832857496,184126,75.5
Breda,Volt,2.4272158623684525,184126,75.5
Breda,DENK,2.10383346730604,184126,75.5
Breda,BBB,2.038233038593379,184126,75.5
Breda,FvD,1.964317062579113,184126,75.5
Breda,JA21,0.7945967421533572,184126,75.5
Breda,50PLUS,0.5238794800011087,184126,75.5
Breda,BVNL,0.4970849386959374,184126,75.5
Breda,ChristenUnie,0.47121434709094434,184126,75.5
Breda,BIJ1,0.4056139183782835,184126,75.5
Breda,Splinter,0.14690800232835324,184126,75.5
Breda,Piratenpartij - De Groenen,0.0914710203176539,184126,75.5
Breda,SGP,0.09054707061747558,184126,75.5
Breda,PartijvdSport,0.06929622751337418,184126,75.5
Breda,LEF - Voor de Nieuwe Generatie,0.06282857961212591,184126,75.5
Breda,Nederland met een PLAN,0.06098068021176928,184126,75.5
Breda,LP (Libertaire Partij),0.04804538440927276,184126,75.5
Breda,Samen voor Nederland,0.04712143470909444,184126,75.5
Breda,Politieke Partij voor Basisinkomen,0.01940294370374476,184126,75.5
Bronckhorst,PVV,19.50111602772448,36087,93.9
Bronckhorst,BBB,18.3302658887105,36087,93.9
Bronckhorst,NSC,16.21177115557818,36087,93.9
Bronckhorst,VVD,15.06441633707953,36087,93.9
Bronckhorst,PvdA/GL,11.403062223440498,36087,93.9
Bronckhorst,D66,4.54634451971649,36087,93.9
Bronckhorst,CDA,4.330970748325958,36087,93.9
Bronckhorst,SP,2.5179151818929397,36087,93.9
Bronckhorst,PvdD,1.7229901711242512,36087,93.9
Bronckhorst,FvD,1.417551004424952,36087,93.9
Bronckhorst,ChristenUnie,1.2060931197869758,36087,93.9
Bronckhorst,Volt,1.0337941026745507,36087,93.9
Bronckhorst,SGP,0.771429690253358,36087,93.9
Bronckhorst,JA21,0.6187101069037084,36087,93.9
Bronckhorst,BVNL,0.3759251282452912,36087,93.9
Bronckhorst,50PLUS,0.3093550534518542,36087,93.9
Bronckhorst,DENK,0.23103731840075187,36087,93.9
Bronckhorst,Splinter,0.09789716881387787,36087,93.9
Bronckhorst,BIJ1,0.07440184829854721,36087,93.9
Bronckhorst,Samen voor Nederland,0.06657007479343696,36087,93.9
Bronckhorst,Piratenpartij - De Groenen,0.06265418804088185,36087,93.9
Bronckhorst,Nederland met een PLAN,0.05090652778321651,36087,93.9
Bronckhorst,LP (Libertaire Partij),0.03132709402044092,36087,93.9
Bronckhorst,LEF - Voor de Nieuwe Generatie,0.0234953205153307,36087,93.9
Brummen,PVV,24.018116198428984,20884,87.8
Brummen,VVD,15.731370745170192,20884,87.8
Brummen,PvdA/GL,14.945863703913382,20884,87.8
Brummen,NSC,14.23819970278112,20884,87.8
Brummen,BBB,9.043945934470312,20884,87.8
Brummen,D66,5.640082089024132,20884,87.8
Brummen,SP,3.4958601655933763,20884,87.8
Brummen,CDA,2.8872691246196305,20884,87.8
Brummen,FvD,1.9814592031703344,20884,87.8
Brummen,PvdD,1.903616163045786,20884,87.8
Brummen,DENK,1.5568608024909774,20884,87.8
Brummen,ChristenUnie,1.111032481777652,20884,87.8
Brummen,Volt,1.019036161630458,20884,87.8
Brummen,BVNL,0.5944377609511003,20884,87.8
Brummen,JA21,0.5802844809284552,20884,87.8
Brummen,50PLUS,0.4741348807586158,20884,87.8
Brummen,SGP,0.3538320005661312,20884,87.8
Brummen,BIJ1,0.10614960016983938,20884,87.8
Brummen,Splinter,0.09907296015851674,20884,87.8
Brummen,Nederland met een PLAN,0.07076640011322624,20884,87.8
Brummen,LP (Libertaire Partij),0.04953648007925837,20884,87.8
Brummen,Samen voor Nederland,0.04245984006793574,20884,87.8
Brummen,LEF - Voor de Nieuwe Generatie,0.02830656004529049,20884,87.8
Brummen,Piratenpartij - De Groenen,0.02830656004529049,20884,87.8
Brunssum,PVV,42.25044906338209,27670,75.9
Brunssum,NSC,14.799846035411855,27670,75.9
Brunssum,PvdA/GL,10.969976905311778,27670,75.9
Brunssum,VVD,10.206569155760842,27670,75.9
Brunssum,SP,4.509879394405953,27670,75.9
Brunssum,FvD,3.521939953810624,27670,75.9
Brunssum,BBB,2.9253271747498073,27670,75.9
Brunssum,D66,2.4441878367975365,27670,75.9
Brunssum,CDA,2.007954837054144,27670,75.9
Brunssum,PvdD,1.6230433666923276,27670,75.9
Brunssum,ChristenUnie,1.0200153964588146,27670,75.9
Brunssum,50PLUS,0.718501411342058,27670,75.9
Brunssum,DENK,0.6800102643058763,27670,75.9
Brunssum,BVNL,0.5581216320246343,27670,75.9
Brunssum,JA21,0.5324608673338466,27670,75.9
Brunssum,Volt,0.4169874262253015,27670,75.9
Brunssum,BIJ1,0.16679497049012065,27670,75.9
Brunssum,SGP,0.15396458814472672,27670,75.9
Brunssum,Splinter,0.10905824993584808,27670,75.9
Brunssum,LEF - Voor de Nieuwe Generatie,0.08981267641775725,27670,75.9
Brunssum,Piratenpartij - De Groenen,0.08981267641775725,27670,75.9
Brunssum,Samen voor Nederland,0.0705671028996664,27670,75.9
Brunssum,PartijvdSport,0.06415191172696946,27670,75.9
Brunssum,Nederland met een PLAN,0.04490633820887863,27670,75.9
Brunssum,LP (Libertaire Partij),0.02566076469078778,27670,75.9
Bunnik,PvdA/GL,24.9743062692703,15341,86.3
Bunnik,VVD,17.621227693170137,15341,86.3
Bunnik,PVV,13.1551901336074,15341,86.3
Bunnik,D66,10.38961038961039,15341,86.3
Bunnik,NSC,10.26814911706998,15341,86.3
Bunnik,CDA,4.746332803886761,15341,86.3
Bunnik,BBB,4.372605811454732,15341,86.3
Bunnik,PvdD,2.8029524432402133,15341,86.3
Bunnik,Volt,2.466598150051387,15341,86.3
Bunnik,ChristenUnie,2.074184807997758,15341,86.3
Bunnik,SP,1.9807530598897505,15341,86.3
Bunnik,SGP,1.5603101934037185,15341,86.3
Bunnik,FvD,1.1772400261608895,15341,86.3
Bunnik,DENK,0.5886200130804448,15341,86.3
Bunnik,JA21,0.5232177894048398,15341,86.3
Bunnik,50PLUS,0.3830701672428291,15341,86.3
Bunnik,BVNL,0.3083247687564234,15341,86.3
Bunnik,BIJ1,0.2055498458376156,15341,86.3
Bunnik,Splinter,0.0934317481080071,15341,86.3
Bunnik,LP (Libertaire Partij),0.07474539848640567,15341,86.3
Bunnik,Nederland met een PLAN,0.06540222367560497,15341,86.3
Bunnik,LEF - Voor de Nieuwe Generatie,0.05605904886480426,15341,86.3
Bunnik,Piratenpartij - De Groenen,0.03737269924320283,15341,86.3
Bunnik,PartijvdSport,0.02802952443240213,15341,86.3
Bunnik,Samen voor Nederland,0.02802952443240213,15341,86.3
Bunnik,Politieke Partij voor Basisinkomen,0.01868634962160141,15341,86.3
Bunschoten,PVV,33.68953880764904,22019,88
Bunschoten,NSC,14.489595050618671,22019,88
Bunschoten,ChristenUnie,10.904105736782904,22019,88
Bunschoten,VVD,10.440101237345331,22019,88
Bunschoten,SGP,8.28880764904387,22019,88
Bunschoten,CDA,6.5733970753655795,22019,88
Bunschoten,BBB,5.040776152980878,22019,88
Bunschoten,PvdA/GL,2.938695163104612,22019,88
Bunschoten,FvD,2.305961754780652,22019,88
Bunschoten,D66,1.265466816647919,22019,88
Bunschoten,SP,0.9139482564679416,22019,88
Bunschoten,DENK,0.8928571428571428,22019,88
Bunschoten,JA21,0.6467941507311586,22019,88
Bunschoten,PvdD,0.4640044994375703,22019,88
Bunschoten,BVNL,0.40073115860517433,22019,88
Bunschoten,Volt,0.36557930258717664,22019,88
Bunschoten,50PLUS,0.10545556805399324,22019,88
Bunschoten,BIJ1,0.06327334083239596,22019,88
Bunschoten,LP (Libertaire Partij),0.04921259842519684,22019,88
Bunschoten,Piratenpartij - De Groenen,0.04921259842519684,22019,88
Bunschoten,Samen voor Nederland,0.03515185601799775,22019,88
Bunschoten,Nederland met een PLAN,0.0281214848143982,22019,88
Bunschoten,LEF - Voor de Nieuwe Generatie,0.02109111361079865,22019,88
Bunschoten,Splinter,0.02109111361079865,22019,88
Bunschoten,PartijvdSport,0.00703037120359955,22019,88
Buren,PVV,31.289804507947057,27009,91
Buren,VVD,17.937641911723983,27009,91
Buren,NSC,11.037270864484688,27009,91
Buren,PvdA/GL,9.447859555850917,27009,91
Buren,BBB,7.027745472669879,27009,91
Buren,SGP,4.967602591792657,27009,91
Buren,D66,4.507947056543169,27009,91
Buren,CDA,2.9296117849033614,27009,91
Buren,FvD,2.0989090103560946,27009,91
Buren,SP,1.9992246774104228,27009,91
Buren,ChristenUnie,1.7223237525613335,27009,91
Buren,PvdD,1.589411308633771,27009,91
Buren,Volt,1.079913606911447,27009,91
Buren,JA21,0.8307027745472669,27009,91
Buren,50PLUS,0.46519355374646953,27009,91
Buren,BVNL,0.45965553524948777,27009,91
Buren,DENK,0.1938306473943623,27009,91
Buren,BIJ1,0.14952649941850807,27009,91
Buren,Splinter,0.07753225895774492,27009,91
Buren,Piratenpartij - De Groenen,0.04984216647283602,27009,91
Buren,LP (Libertaire Partij),0.04430414797585424,27009,91
Buren,Samen voor Nederland,0.04430414797585424,27009,91
Buren,PartijvdSport,0.02215207398792712,27009,91
Buren,LEF - Voor de Nieuwe Generatie,0.01661405549094534,27009,91
Buren,Nederland met een PLAN,0.01107603699396356,27009,91
Capelle aan den IJssel,PVV,26.778902687354805,67319,62.8
Capelle aan den IJssel,VVD,14.704448332233918,67319,62.8
Capelle aan den IJssel,PvdA/GL,13.45398227550406,67319,62.8
Capelle aan den IJssel,NSC,11.822066710643302,67319,62.8
Capelle aan den IJssel,D66,5.305876616858347,67319,62.8
Capelle aan den IJssel,SGP,4.938767315800041,67319,62.8
Capelle aan den IJssel,SP,3.415837324690969,67319,62.8
Capelle aan den IJssel,FvD,2.885249663005134,67319,62.8
Capelle aan den IJssel,ChristenUnie,2.6959589296469444,67319,62.8
Capelle aan den IJssel,DENK,2.632862018527548,67319,62.8
Capelle aan den IJssel,CDA,2.6185218114549573,67319,62.8
Capelle aan den IJssel,PvdD,1.898643416410933,67319,62.8
Capelle aan den IJssel,BBB,1.7982619669028022,67319,62.8
Capelle aan den IJssel,JA21,1.221785642584679,67319,62.8
Capelle aan den IJssel,Volt,1.1730289385378725,67319,62.8
Capelle aan den IJssel,BIJ1,0.777239223334385,67319,62.8
Capelle aan den IJssel,50PLUS,0.6424412768520378,67319,62.8
Capelle aan den IJssel,BVNL,0.6137608627068575,67319,62.8
Capelle aan den IJssel,Nederland met een PLAN,0.16061031921300944,67319,62.8
Capelle aan den IJssel,Splinter,0.1347979464823472,67319,62.8
Capelle aan den IJssel,Piratenpartij - De Groenen,0.1261938222387931,67319,62.8
Capelle aan den IJssel,PartijvdSport,0.06883299394843262,67319,62.8
Capelle aan den IJssel,LEF - Voor de Nieuwe Generatie,0.04875670404680643,67319,62.8
Capelle aan den IJssel,LP (Libertaire Partij),0.03728453838873433,67319,62.8
Capelle aan den IJssel,Samen voor Nederland,0.02868041414518025,67319,62.8
Capelle aan den IJssel,Politieke Partij voor Basisinkomen,0.01720824848710815,67319,62.8
Castricum,VVD,19.81917393555582,36086,88.2
Castricum,PvdA/GL,19.671804675986778,36086,88.2
Castricum,PVV,18.365396104672005,36086,88.2
Castricum,NSC,12.538335922252758,36086,88.2
Castricum,D66,8.786394232684112,36086,88.2
Castricum,CDA,3.5966065240769507,36086,88.2
Castricum,BBB,3.5488110885410444,36086,88.2
Castricum,PvdD,2.939419285458239,36086,88.2
Castricum,SP,2.7840841199665434,36086,88.2
Castricum,FvD,2.3937547297566417,36086,88.2
Castricum,Volt,1.9556299040108336,36086,88.2
Castricum,JA21,0.9041303222208946,36086,88.2
Castricum,BVNL,0.5576134145855737,36086,88.2
Castricum,ChristenUnie,0.4819373083203887,36086,88.2
Castricum,50PLUS,0.4620225435137611,36086,88.2
Castricum,DENK,0.29075556617676346,36086,88.2
Castricum,Splinter,0.1951646951049508,36086,88.2
Castricum,BIJ1,0.18719878918229976,36086,88.2
Castricum,SGP,0.12745449476241685,36086,88.2
Castricum,Piratenpartij - De Groenen,0.09559087107181263,36086,88.2
Castricum,PartijvdSport,0.06771020034253394,36086,88.2
Castricum,Samen voor Nederland,0.06372724738120843,36086,88.2
Castricum,LP (Libertaire Partij),0.0597442944198829,36086,88.2
Castricum,LEF - Voor de Nieuwe Generatie,0.05576134145855738,36086,88.2
Castricum,Nederland met een PLAN,0.05177838849723185,36086,88.2
Coevorden,PVV,27.924672674715183,35317,90.8
Coevorden,NSC,16.5448053052202,35317,90.8
Coevorden,VVD,13.450093521509949,35317,90.8
Coevorden,BBB,12.68066655330726,35317,90.8
Coevorden,PvdA/GL,10.946267641557558,35317,90.8
Coevorden,CDA,3.9704131950348582,35317,90.8
Coevorden,D66,3.4772997789491584,35317,90.8
Coevorden,SP,2.5378337017514028,35317,90.8
Coevorden,FvD,2.397551436830471,35317,90.8
Coevorden,PvdD,1.4665873150824689,35317,90.8
Coevorden,ChristenUnie,1.083999319843564,35317,90.8
Coevorden,Volt,0.7099132800544126,35317,90.8
Coevorden,SGP,0.6461486141812617,35317,90.8
Coevorden,JA21,0.5823839483081109,35317,90.8
Coevorden,BVNL,0.5441251487842204,35317,90.8
Coevorden,50PLUS,0.34432919571501447,35317,90.8
Coevorden,DENK,0.25080768576772655,35317,90.8
Coevorden,Samen voor Nederland,0.16578813127019212,35317,90.8
Coevorden,BIJ1,0.10627444312191804,35317,90.8
Coevorden,Splinter,0.07226662132290426,35317,90.8
Coevorden,Piratenpartij - De Groenen,0.05526271042339738,35317,90.8
Coevorden,LEF - Voor de Nieuwe Generatie,0.02550586634926033,35317,90.8
Coevorden,LP (Libertaire Partij),0.01700391089950688,35317,90.8
Cranendonck,PVV,33.00295074525232,21001,82
Cranendonck,VVD,18.30218657789211,21001,82
Cranendonck,NSC,14.32246349398502,21001,82
Cranendonck,BBB,7.876220019671636,21001,82
Cranendonck,PvdA/GL,7.694635696451539,21001,82
Cranendonck,D66,4.327759703412272,21001,82
Cranendonck,CDA,4.025119164712113,21001,82
Cranendonck,SP,3.2382537640917004,21001,82
Cranendonck,FvD,1.9974275554210488,21001,82
Cranendonck,PvdD,1.1651660739956116,21001,82
Cranendonck,JA21,1.051675871983052,21001,82
Cranendonck,Volt,0.7566013467503973,21001,82
Cranendonck,BVNL,0.7036392524778694,21001,82
Cranendonck,50PLUS,0.4842248619202542,21001,82
Cranendonck,ChristenUnie,0.2118483770901112,21001,82
Cranendonck,DENK,0.2118483770901112,21001,82
Cranendonck,Politieke Partij voor Basisinkomen,0.11349020201255958,21001,82
Cranendonck,BIJ1,0.09835817507755162,21001,82
Cranendonck,SGP,0.09079216161004766,21001,82
Cranendonck,Piratenpartij - De Groenen,0.08322614814254368,21001,82
Cranendonck,Splinter,0.07566013467503972,21001,82
Cranendonck,PartijvdSport,0.04539608080502383,21001,82
Cranendonck,LEF - Voor de Nieuwe Generatie,0.03783006733751986,21001,82
Cranendonck,LP (Libertaire Partij),0.03783006733751986,21001,82
Cranendonck,Nederland met een PLAN,0.02269804040251191,21001,82
Cranendonck,Samen voor Nederland,0.02269804040251191,21001,82
Culemborg,PvdA/GL,22.895238095238096,29121,76.09999999999998
Culemborg,PVV,20.174149659863943,29121,76.09999999999998
Culemborg,VVD,14.819047619047618,29121,76.09999999999998
Culemborg,NSC,10.606802721088435,29121,76.09999999999998
Culemborg,D66,6.868027210884353,29121,76.09999999999998
Culemborg,DENK,4.500680272108844,29121,76.09999999999998
Culemborg,PvdD,3.0204081632653064,29121,76.09999999999998
Culemborg,BBB,2.748299319727891,29121,76.09999999999998
Culemborg,SP,2.7210884353741496,29121,76.09999999999998
Culemborg,CDA,2.65578231292517,29121,76.09999999999998
Culemborg,FvD,2.0081632653061225,29121,76.09999999999998
Culemborg,Volt,2.0081632653061225,29121,76.09999999999998
Culemborg,ChristenUnie,1.6326530612244898,29121,76.09999999999998
Culemborg,SGP,0.8054421768707483,29121,76.09999999999998
Culemborg,JA21,0.5714285714285714,29121,76.09999999999998
Culemborg,50PLUS,0.5224489795918368,29121,76.09999999999998
Culemborg,BVNL,0.43537414965986393,29121,76.09999999999998
Culemborg,BIJ1,0.4136054421768708,29121,76.09999999999998
Culemborg,Splinter,0.14693877551020407,29121,76.09999999999998
Culemborg,LP (Libertaire Partij),0.0870748299319728,29121,76.09999999999998
Culemborg,PartijvdSport,0.0870748299319728,29121,76.09999999999998
Culemborg,Piratenpartij - De Groenen,0.0870748299319728,29121,76.09999999999998
Culemborg,Nederland met een PLAN,0.0816326530612245,29121,76.09999999999998
Culemborg,Samen voor Nederland,0.05442176870748299,29121,76.09999999999998
Culemborg,LEF - Voor de Nieuwe Generatie,0.04897959183673469,29121,76.09999999999998
Dalfsen,PVV,19.20959496657491,28901,93.8
Dalfsen,NSC,18.555839559575304,28901,93.8
Dalfsen,BBB,16.982894219425877,28901,93.8
Dalfsen,VVD,12.396775462052693,28901,93.8
Dalfsen,PvdA/GL,8.297286669288242,28901,93.8
Dalfsen,CDA,6.119740464018875,28901,93.8
Dalfsen,ChristenUnie,5.402084152575698,28901,93.8
Dalfsen,D66,3.932363350373574,28901,93.8
Dalfsen,SGP,2.329925285096343,28901,93.8
Dalfsen,SP,1.6663389697208022,28901,93.8
Dalfsen,FvD,1.4549744396382225,28901,93.8
Dalfsen,PvdD,0.9585135666535588,28901,93.8
Dalfsen,Volt,0.8307117577664176,28901,93.8
Dalfsen,JA21,0.5996854109319701,28901,93.8
Dalfsen,BVNL,0.5554463232402674,28901,93.8
Dalfsen,50PLUS,0.28018088871411717,28901,93.8
Dalfsen,DENK,0.16220998820290994,28901,93.8
Dalfsen,BIJ1,0.07373181281950453,28901,93.8
Dalfsen,Splinter,0.05898545025560361,28901,93.8
Dalfsen,Nederland met een PLAN,0.03932363350373574,28901,93.8
Dalfsen,PartijvdSport,0.0294927251278018,28901,93.8
Dalfsen,LP (Libertaire Partij),0.01966181675186787,28901,93.8
Dalfsen,Piratenpartij - De Groenen,0.01966181675186787,28901,93.8
Dalfsen,Samen voor Nederland,0.0147463625639009,28901,93.8
Dalfsen,LEF - Voor de Nieuwe Generatie,0.00983090837593392,28901,93.8
Dantumadiel,PVV,29.914460942543577,18943,95.4
Dantumadiel,NSC,19.23014848289219,18943,95.4
Dantumadiel,PvdA/GL,8.134280180761781,18943,95.4
Dantumadiel,BBB,8.021304067140091,18943,95.4
Dantumadiel,CDA,7.182052937378954,18943,95.4
Dantumadiel,VVD,6.512265978050355,18943,95.4
Dantumadiel,ChristenUnie,5.148482892188508,18943,95.4
Dantumadiel,SGP,5.100064557779213,18943,95.4
Dantumadiel,FvD,2.541962556488057,18943,95.4
Dantumadiel,SP,2.445125887669464,18943,95.4
Dantumadiel,D66,1.880245319561007,18943,95.4
Dantumadiel,BVNL,1.0490639122014205,18943,95.4
Dantumadiel,PvdD,0.9199483537766302,18943,95.4
Dantumadiel,JA21,0.7020658489347966,18943,95.4
Dantumadiel,Volt,0.3792769528728212,18943,95.4
Dantumadiel,50PLUS,0.31471917366042607,18943,95.4
Dantumadiel,DENK,0.12911555842479017,18943,95.4
Dantumadiel,Piratenpartij - De Groenen,0.1210458360232408,18943,95.4
Dantumadiel,BIJ1,0.07262750161394448,18943,95.4
Dantumadiel,Splinter,0.07262750161394448,18943,95.4
Dantumadiel,Samen voor Nederland,0.06455777921239508,18943,95.4
Dantumadiel,Nederland met een PLAN,0.02420916720464816,18943,95.4
Dantumadiel,LEF - Voor de Nieuwe Generatie,0.01613944480309877,18943,95.4
Dantumadiel,LP (Libertaire Partij),0.01613944480309877,18943,95.4
Dantumadiel,Politieke Partij voor Basisinkomen,0.00806972240154938,18943,95.4
Delft,PvdA/GL,25.920214208242943,103581,62.89999999999999
Delft,PVV,16.751965835140997,103581,62.89999999999999
Delft,VVD,12.562703362255965,103581,62.89999999999999
Delft,D66,10.401979392624728,103581,62.89999999999999
Delft,NSC,9.339411605206074,103581,62.89999999999999
Delft,Volt,5.124728850325379,103581,62.89999999999999
Delft,PvdD,3.2385439262472886,103581,62.89999999999999
Delft,SP,3.14533622559653,103581,62.89999999999999
Delft,DENK,2.5216919739696313,103581,62.89999999999999
Delft,CDA,2.481019522776573,103581,62.89999999999999
Delft,ChristenUnie,2.0302331887201737,103581,62.89999999999999
Delft,FvD,1.8861849240780912,103581,62.89999999999999
Delft,BBB,1.567584056399132,103581,62.89999999999999
Delft,BIJ1,0.6355070498915402,103581,62.89999999999999
Delft,JA21,0.6134761388286334,103581,62.89999999999999
Delft,SGP,0.4779013015184382,103581,62.89999999999999
Delft,50PLUS,0.4151979392624729,103581,62.89999999999999
Delft,BVNL,0.3067380694143167,103581,62.89999999999999
Delft,Splinter,0.15252169197396964,103581,62.89999999999999
Delft,Piratenpartij - De Groenen,0.14065889370932755,103581,62.89999999999999
Delft,LEF - Voor de Nieuwe Generatie,0.0711767895878525,103581,62.89999999999999
Delft,Nederland met een PLAN,0.06948210412147506,103581,62.89999999999999
Delft,PartijvdSport,0.06948210412147506,103581,62.89999999999999
Delft,LP (Libertaire Partij),0.05253524945770065,103581,62.89999999999999
Delft,Samen voor Nederland,0.02372559652928416,103581,62.89999999999999
Deurne,PVV,30.361875391509663,32437,89.9
Deurne,VVD,16.93249168794873,32437,89.9
Deurne,NSC,14.340095407892836,32437,89.9
Deurne,BBB,9.46851057678408,32437,89.9
Deurne,PvdA/GL,8.50961306799017,32437,89.9
Deurne,D66,5.025779405387173,32437,89.9
Deurne,CDA,4.187346407748278,32437,89.9
Deurne,SP,3.7103069435744223,32437,89.9
Deurne,FvD,1.594950127692382,32437,89.9
Deurne,PvdD,1.2431937551197416,32437,89.9
Deurne,JA21,0.9637160892401098,32437,89.9
Deurne,Volt,0.8625258998698984,32437,89.9
Deurne,BVNL,0.737242808268684,32437,89.9
Deurne,50PLUS,0.7131499060376814,32437,89.9
Deurne,DENK,0.5252252686358599,32437,89.9
Deurne,ChristenUnie,0.2746590854334313,32437,89.9
Deurne,BIJ1,0.10600876981641208,32437,89.9
Deurne,Splinter,0.096371608924011,32437,89.9
Deurne,SGP,0.09155302847781044,32437,89.9
Deurne,Piratenpartij - De Groenen,0.05300438490820604,32437,89.9
Deurne,Nederland met een PLAN,0.04336722401580494,32437,89.9
Deurne,Samen voor Nederland,0.04336722401580494,32437,89.9
Deurne,LEF - Voor de Nieuwe Generatie,0.0385486435696044,32437,89.9
Deurne,PartijvdSport,0.0385486435696044,32437,89.9
Deurne,LP (Libertaire Partij),0.0289114826772033,32437,89.9
Deurne,Politieke Partij voor Basisinkomen,0.0096371608924011,32437,89.9
Deventer,PvdA/GL,21.211879291074563,101236,77.4
Deventer,PVV,17.97860450263452,101236,77.4
Deventer,VVD,11.944754909787642,101236,77.4
Deventer,NSC,11.694076321251796,101236,77.4
Deventer,BBB,9.66629410825483,101236,77.4
Deventer,D66,7.193038479961681,101236,77.4
Deventer,SP,3.4440364042790996,101236,77.4
Deventer,DENK,3.4232795784767687,101236,77.4
Deventer,PvdD,2.8532652083665977,101236,77.4
Deventer,Volt,2.321571132045346,101236,77.4
Deventer,CDA,2.2369471499281492,101236,77.4
Deventer,FvD,1.9064346159987229,101236,77.4
Deventer,ChristenUnie,1.7020597157911543,101236,77.4
Deventer,JA21,0.5173239661504072,101236,77.4
Deventer,50PLUS,0.4342966629410826,101236,77.4
Deventer,BVNL,0.40076640587577833,101236,77.4
Deventer,SGP,0.3305125339294268,101236,77.4
Deventer,BIJ1,0.308159029219224,101236,77.4
Deventer,Splinter,0.13412102826121666,101236,77.4
Deventer,Piratenpartij - De Groenen,0.07983394539358135,101236,77.4
Deventer,LEF - Voor de Nieuwe Generatie,0.0718505508542232,101236,77.4
Deventer,PartijvdSport,0.04311033051253393,101236,77.4
Deventer,Nederland met een PLAN,0.0415136516046623,101236,77.4
Deventer,LP (Libertaire Partij),0.03193357815743254,101236,77.4
Deventer,Samen voor Nederland,0.03033689924956091,101236,77.4
Diemen,PvdA/GL,27.247006185024347,31334,51.2
Diemen,PVV,17.061455454665087,31334,51.2
Diemen,VVD,14.363732070009211,31334,51.2
Diemen,NSC,9.567048295828398,31334,51.2
Diemen,D66,7.257533886037637,31334,51.2
Diemen,DENK,4.316357415449401,31334,51.2
Diemen,SP,3.671535728385314,31334,51.2
Diemen,PvdD,3.4280826424529542,31334,51.2
Diemen,Volt,2.6450848795894197,31334,51.2
Diemen,FvD,2.427951046190288,31334,51.2
Diemen,BIJ1,1.7239110409264378,31334,51.2
Diemen,BBB,1.5791551519936835,31334,51.2
Diemen,CDA,1.434399263060929,31334,51.2
Diemen,ChristenUnie,0.960652717462824,31334,51.2
Diemen,BVNL,0.5395446769311751,31334,51.2
Diemen,JA21,0.486906171864719,31334,51.2
Diemen,50PLUS,0.4803263587314121,31334,51.2
Diemen,SGP,0.17765495459928937,31334,51.2
Diemen,Splinter,0.17107514146598235,31334,51.2
Diemen,Piratenpartij - De Groenen,0.11185682326621924,31334,51.2
Diemen,Nederland met een PLAN,0.09869719699960522,31334,51.2
Diemen,LEF - Voor de Nieuwe Generatie,0.07237794446637716,31334,51.2
Diemen,LP (Libertaire Partij),0.05921831819976313,31334,51.2
Diemen,PartijvdSport,0.05921831819976313,31334,51.2
Diemen,Samen voor Nederland,0.05921831819976313,31334,51.2
Dijk en Waard,PVV,25.15477230430324,86722,80.89605059846407
Dijk en Waard,VVD,19.15758289338752,86722,80.89605059846407
Dijk en Waard,NSC,12.72171369972274,86722,80.89605059846407
Dijk en Waard,PvdA/GL,12.457746211401876,86722,80.89605059846407
Dijk en Waard,D66,6.215579778950967,86722,80.89605059846407
Dijk en Waard,BBB,4.495043488168939,86722,80.89605059846407
Dijk en Waard,SP,3.648068669527897,86722,80.89605059846407
Dijk en Waard,FvD,3.09924417942193,86722,80.89605059846407
Dijk en Waard,CDA,3.002392798814995,86722,80.89605059846407
Dijk en Waard,PvdD,1.933229518781572,86722,80.89605059846407
Dijk en Waard,DENK,1.661665843746439,86722,80.89605059846407
Dijk en Waard,Volt,1.3635155152113638,86722,80.89605059846407
Dijk en Waard,ChristenUnie,1.3559193284970943,86722,80.89605059846407
Dijk en Waard,JA21,0.957119525997949,86722,80.89605059846407
Dijk en Waard,50PLUS,0.8146910251053971,86722,80.89605059846407
Dijk en Waard,BVNL,0.7406282046412701,86722,80.89605059846407
Dijk en Waard,SGP,0.31903984199931634,86722,80.89605059846407
Dijk en Waard,BIJ1,0.2620684416422956,86722,80.89605059846407
Dijk en Waard,Splinter,0.1899046678567359,86722,80.89605059846407
Dijk en Waard,Piratenpartij - De Groenen,0.11774089407117626,86722,80.89605059846407
Dijk en Waard,Nederland met een PLAN,0.07975996049982909,86722,80.89605059846407
Dijk en Waard,LEF - Voor de Nieuwe Generatie,0.074062820464127,86722,80.89605059846407
Dijk en Waard,Samen voor Nederland,0.06646663374985758,86722,80.89605059846407
Dijk en Waard,PartijvdSport,0.06456758707129022,86722,80.89605059846407
Dijk en Waard,LP (Libertaire Partij),0.04747616696418397,86722,80.89605059846407
Dinkelland,NSC,32.9745493107105,26606,91.90000000000002
Dinkelland,PVV,23.00106044538706,26606,91.90000000000002
Dinkelland,BBB,15.196182396606575,26606,91.90000000000002
Dinkelland,VVD,12.762460233297984,26606,91.90000000000002
Dinkelland,PvdA/GL,4.8038176033934255,26606,91.90000000000002
Dinkelland,CDA,3.4835630965005304,26606,91.90000000000002
Dinkelland,D66,2.518557794273595,26606,91.90000000000002
Dinkelland,FvD,1.1346765641569458,26606,91.90000000000002
Dinkelland,SP,1.0127253446447508,26606,91.90000000000002
Dinkelland,Volt,0.7051961823966065,26606,91.90000000000002
Dinkelland,JA21,0.6415694591728526,26606,91.90000000000002
Dinkelland,PvdD,0.5302226935312832,26606,91.90000000000002
Dinkelland,BVNL,0.39766702014846234,26606,91.90000000000002
Dinkelland,ChristenUnie,0.2651113467656416,26606,91.90000000000002
Dinkelland,50PLUS,0.11134676564156944,26606,91.90000000000002
Dinkelland,SGP,0.11134676564156944,26606,91.90000000000002
Dinkelland,DENK,0.09544008483563096,26606,91.90000000000002
Dinkelland,Samen voor Nederland,0.05832449628844114,26606,91.90000000000002
Dinkelland,Nederland met een PLAN,0.05302226935312832,26606,91.90000000000002
Dinkelland,Splinter,0.04772004241781548,26606,91.90000000000002
Dinkelland,BIJ1,0.02651113467656416,26606,91.90000000000002
Dinkelland,LP (Libertaire Partij),0.02651113467656416,26606,91.90000000000002
Dinkelland,Piratenpartij - De Groenen,0.02651113467656416,26606,91.90000000000002
Dinkelland,PartijvdSport,0.01590668080593849,26606,91.90000000000002
Doesburg,PVV,24.581724581724583,11064,79.4
Doesburg,PvdA/GL,15.8015158015158,11064,79.4
Doesburg,VVD,14.085514085514086,11064,79.4
Doesburg,NSC,13.985413985413986,11064,79.4
Doesburg,D66,6.535106535106536,11064,79.4
Doesburg,SP,5.033605033605033,11064,79.4
Doesburg,BBB,4.790504790504791,11064,79.4
Doesburg,CDA,3.231803231803232,11064,79.4
Doesburg,DENK,2.9744029744029747,11064,79.4
Doesburg,FvD,2.788502788502788,11064,79.4
Doesburg,PvdD,2.1164021164021163,11064,79.4
Doesburg,Volt,1.2441012441012442,11064,79.4
Doesburg,ChristenUnie,1.0296010296010296,11064,79.4
Doesburg,JA21,0.572000572000572,11064,79.4
Doesburg,BVNL,0.4147004147004147,11064,79.4
Doesburg,50PLUS,0.3003003003003003,11064,79.4
Doesburg,SGP,0.15730015730015728,11064,79.4
Doesburg,Splinter,0.1144001144001144,11064,79.4
Doesburg,BIJ1,0.0715000715000715,11064,79.4
Doesburg,Piratenpartij - De Groenen,0.0572000572000572,11064,79.4
Doesburg,LP (Libertaire Partij),0.0429000429000429,11064,79.4
Doesburg,LEF - Voor de Nieuwe Generatie,0.0286000286000286,11064,79.4
Doesburg,Nederland met een PLAN,0.0286000286000286,11064,79.4
Doesburg,Samen voor Nederland,0.0143000143000143,11064,79.4
Doetinchem,PVV,24.65338774627713,58270,85.1
Doetinchem,NSC,15.615794167725197,58270,85.1
Doetinchem,VVD,14.794194751493205,58270,85.1
Doetinchem,PvdA/GL,13.891516445501471,58270,85.1
Doetinchem,BBB,6.934947704116105,58270,85.1
Doetinchem,D66,5.726872246696035,58270,85.1
Doetinchem,SP,3.870165671198076,58270,85.1
Doetinchem,CDA,3.2215345531201858,58270,85.1
Doetinchem,FvD,2.594524472311559,58270,85.1
Doetinchem,PvdD,1.5540120537282776,58270,85.1
Doetinchem,DENK,1.49995946055512,58270,85.1
Doetinchem,ChristenUnie,1.2999648658144376,58270,85.1
Doetinchem,Volt,1.205372827761412,58270,85.1
Doetinchem,SGP,1.091862382097781,58270,85.1
Doetinchem,JA21,0.6837653036404421,58270,85.1
Doetinchem,50PLUS,0.47566281992378584,58270,85.1
Doetinchem,BVNL,0.3756655225534445,58270,85.1
Doetinchem,BIJ1,0.14323937190886732,58270,85.1
Doetinchem,Piratenpartij - De Groenen,0.0945920380530256,58270,85.1
Doetinchem,Splinter,0.08918677873570985,58270,85.1
Doetinchem,Samen voor Nederland,0.06486311180778898,58270,85.1
Doetinchem,Nederland met een PLAN,0.05675522283181536,58270,85.1
Doetinchem,LP (Libertaire Partij),0.03513418556255236,58270,85.1
Doetinchem,LEF - Voor de Nieuwe Generatie,0.02702629658657874,58270,85.1
Dongen,PVV,27.451575687655595,26368,85.6
Dongen,VVD,19.96478231829498,26368,85.6
Dongen,NSC,12.508349019369724,26368,85.6
Dongen,PvdA/GL,11.427530511870788,26368,85.6
Dongen,D66,6.442406946384116,26368,85.6
Dongen,BBB,4.529722508956221,26368,85.6
Dongen,CDA,4.013601311555043,26368,85.6
Dongen,SP,3.952881170684316,26368,85.6
Dongen,DENK,1.8762523529054589,26368,85.6
Dongen,PvdD,1.657659845770842,26368,85.6
Dongen,FvD,1.5665796344647518,26368,85.6
Dongen,Volt,1.1111785779343009,26368,85.6
Dongen,ChristenUnie,0.7832898172323759,26368,85.6
Dongen,50PLUS,0.7650737749711579,26368,85.6
Dongen,JA21,0.6011293946201955,26368,85.6
Dongen,BVNL,0.5525532819236141,26368,85.6
Dongen,SGP,0.2428805634829073,26368,85.6
Dongen,Splinter,0.19430445078632583,26368,85.6
Dongen,BIJ1,0.12144028174145365,26368,85.6
Dongen,PartijvdSport,0.05464812678365414,26368,85.6
Dongen,Nederland met een PLAN,0.04857611269658146,26368,85.6
Dongen,Piratenpartij - De Groenen,0.04250409860950877,26368,85.6
Dongen,Samen voor Nederland,0.03643208452243609,26368,85.6
Dongen,LEF - Voor de Nieuwe Generatie,0.02428805634829073,26368,85.6
Dongen,LP (Libertaire Partij),0.01821604226121804,26368,85.6
Dongen,Politieke Partij voor Basisinkomen,0.01214402817414536,26368,85.6
Dordrecht,PVV,24.47790857667023,119115,69
Dordrecht,PvdA/GL,15.488457422412475,119115,69
Dordrecht,VVD,13.78382510319523,119115,69
Dordrecht,NSC,11.663354227182388,119115,69
Dordrecht,D66,5.629108698975692,119115,69
Dordrecht,DENK,4.7760281302553125,119115,69
Dordrecht,SP,3.609539825714722,119115,69
Dordrecht,ChristenUnie,3.375630637517199,119115,69
Dordrecht,SGP,3.1187891759669775,119115,69
Dordrecht,CDA,2.835957804617031,119115,69
Dordrecht,PvdD,2.706008255618407,119115,69
Dordrecht,FvD,2.5149059776792537,119115,69
Dordrecht,BBB,2.037914691943128,119115,69
Dordrecht,Volt,1.3224277633389392,119115,69
Dordrecht,50PLUS,0.6680935636752791,119115,69
Dordrecht,JA21,0.6680935636752791,119115,69
Dordrecht,BVNL,0.40972328390154417,119115,69
Dordrecht,BIJ1,0.40819446567803086,119115,69
Dordrecht,Splinter,0.17428527748050757,119115,69
Dordrecht,Piratenpartij - De Groenen,0.09325791163430668,119115,69
Dordrecht,PartijvdSport,0.07185445650512154,119115,69
Dordrecht,Nederland met een PLAN,0.0565662742699893,119115,69
Dordrecht,Samen voor Nederland,0.03974927381134383,119115,69
Dordrecht,LP (Libertaire Partij),0.03822045558783061,119115,69
Dordrecht,LEF - Voor de Nieuwe Generatie,0.03210518269377771,119115,69
Drechterland,PVV,24.511696132170155,19838,88.8
Drechterland,VVD,20.767389793870144,19838,88.8
Drechterland,NSC,12.444993437813634,19838,88.8
Drechterland,PvdA/GL,10.700223886358373,19838,88.8
Drechterland,BBB,8.654365783988267,19838,88.8
Drechterland,D66,5.4659152319925886,19838,88.8
Drechterland,CDA,4.300162124604339,19838,88.8
Drechterland,SP,2.956843974368872,19838,88.8
Drechterland,FvD,2.6325947656913455,19838,88.8
Drechterland,PvdD,1.6752875781672198,19838,88.8
Drechterland,JA21,1.4050799042692812,19838,88.8
Drechterland,Volt,1.4050799042692812,19838,88.8
Drechterland,50PLUS,0.7951825831853625,19838,88.8
Drechterland,BVNL,0.7488612676600015,19838,88.8
Drechterland,DENK,0.39373118196556783,19838,88.8
Drechterland,ChristenUnie,0.3319694279317532,19838,88.8
Drechterland,SGP,0.2007257006098973,19838,88.8
Drechterland,BIJ1,0.12352350806762911,19838,88.8
Drechterland,PartijvdSport,0.1158032888134023,19838,88.8
Drechterland,Splinter,0.09264263105072185,19838,88.8
Drechterland,Piratenpartij - De Groenen,0.06948197328804138,19838,88.8
Drechterland,Samen voor Nederland,0.06948197328804138,19838,88.8
Drechterland,Nederland met een PLAN,0.06176175403381456,19838,88.8
Drechterland,LEF - Voor de Nieuwe Generatie,0.03860109627113409,19838,88.8
Drechterland,LP (Libertaire Partij),0.03860109627113409,19838,88.8
Drimmelen,PVV,31.446366012344996,27325,89.6
Drimmelen,VVD,20.035589167547126,27325,89.6
Drimmelen,NSC,12.411722182060837,27325,89.6
Drimmelen,PvdA/GL,9.698048156592336,27325,89.6
Drimmelen,BBB,6.561752766501697,27325,89.6
Drimmelen,D66,5.316131902352222,27325,89.6
Drimmelen,SP,3.659011288439081,27325,89.6
Drimmelen,CDA,3.203025079241506,27325,89.6
Drimmelen,FvD,1.679363843630095,27325,89.6
Drimmelen,PvdD,1.4235667018851137,27325,89.6
Drimmelen,Volt,1.0954790635600289,27325,89.6
Drimmelen,JA21,0.9064116109659124,27325,89.6
Drimmelen,BVNL,0.6005672023577824,27325,89.6
Drimmelen,50PLUS,0.56720235778235,27325,89.6
Drimmelen,ChristenUnie,0.3336484457543235,27325,89.6
Drimmelen,DENK,0.29472279374965243,27325,89.6
Drimmelen,SGP,0.1557026080186843,27325,89.6
Drimmelen,Splinter,0.12233776344325197,27325,89.6
Drimmelen,Samen voor Nederland,0.1056553411555358,27325,89.6
Drimmelen,BIJ1,0.0889729188678196,27325,89.6
Drimmelen,LP (Libertaire Partij),0.08341211143858088,27325,89.6
Drimmelen,PartijvdSport,0.07229049658010343,27325,89.6
Drimmelen,LEF - Voor de Nieuwe Generatie,0.05004726686314853,27325,89.6
Drimmelen,Nederland met een PLAN,0.03892565200467107,27325,89.6
Drimmelen,Piratenpartij - De Groenen,0.03892565200467107,27325,89.6
Drimmelen,Politieke Partij voor Basisinkomen,0.01112161485847745,27325,89.6
Dronten,PVV,25.36133181990163,42011,82.1
Dronten,VVD,16.617480136208854,42011,82.1
Dronten,NSC,14.877033673855466,42011,82.1
Dronten,BBB,9.60272417707151,42011,82.1
Dronten,PvdA/GL,8.978433598183882,42011,82.1
Dronten,CDA,4.438138479001135,42011,82.1
Dronten,D66,4.124101399924329,42011,82.1
Dronten,ChristenUnie,3.851683692773364,42011,82.1
Dronten,SP,2.436625047294741,42011,82.1
Dronten,FvD,2.4177071509648127,42011,82.1
Dronten,PvdD,1.4188422247446084,42011,82.1
Dronten,DENK,1.3091184260310254,42011,82.1
Dronten,SGP,1.191827468785471,42011,82.1
Dronten,Volt,0.8967082860385925,42011,82.1
Dronten,JA21,0.7604994324631101,42011,82.1
Dronten,BVNL,0.6129398410896708,42011,82.1
Dronten,50PLUS,0.5788876276958003,42011,82.1
Dronten,BIJ1,0.15891032917139614,42011,82.1
Dronten,Splinter,0.11350737797956868,42011,82.1
Dronten,Samen voor Nederland,0.07567158531971245,42011,82.1
Dronten,Piratenpartij - De Groenen,0.0681044267877412,42011,82.1
Dronten,LEF - Voor de Nieuwe Generatie,0.03783579265985622,42011,82.1
Dronten,LP (Libertaire Partij),0.03026863412788498,42011,82.1
Dronten,Nederland met een PLAN,0.03026863412788498,42011,82.1
Dronten,Politieke Partij voor Basisinkomen,0.01135073779795686,42011,82.1
Druten,PVV,29.48645824961826,18991,87
Druten,VVD,18.154785823354494,18991,87
Druten,NSC,14.602587800369683,18991,87
Druten,PvdA/GL,10.688740657397734,18991,87
Druten,BBB,5.786385919794261,18991,87
Druten,D66,5.673872860242707,18991,87
Druten,SP,4.323716145624045,18991,87
Druten,CDA,3.0298159607811623,18991,87
Druten,FvD,1.4305231857269147,18991,87
Druten,PvdD,1.4064132443944386,18991,87
Druten,DENK,1.2135337137346298,18991,87
Druten,Volt,1.1894237724021537,18991,87
Druten,JA21,0.7313348870851081,18991,87
Druten,50PLUS,0.6509684159768545,18991,87
Druten,BVNL,0.49827212087117256,18991,87
Druten,ChristenUnie,0.46612553242787114,18991,87
Druten,SGP,0.1526962951056819,18991,87
Druten,BIJ1,0.1366230008840312,18991,87
Druten,Splinter,0.12054970666238046,18991,87
Druten,LP (Libertaire Partij),0.05625652977577754,18991,87
Druten,Piratenpartij - De Groenen,0.05625652977577754,18991,87
Druten,Samen voor Nederland,0.04821988266495218,18991,87
Druten,PartijvdSport,0.04018323555412682,18991,87
Druten,Nederland met een PLAN,0.03214658844330145,18991,87
Druten,LEF - Voor de Nieuwe Generatie,0.02410994133247609,18991,87
Duiven,PVV,27.31581214993537,25066,84.90000000000002
Duiven,VVD,18.61882193635748,25066,84.90000000000002
Duiven,NSC,15.350526251000185,25066,84.90000000000002
Duiven,PvdA/GL,12.457684495599189,25066,84.90000000000002
Duiven,D66,6.130362528466794,25066,84.90000000000002
Duiven,BBB,4.690096633224596,25066,84.90000000000002
Duiven,CDA,3.4898750538560965,25066,84.90000000000002
Duiven,SP,3.4344802117313966,25066,84.90000000000002
Duiven,FvD,1.975749369114298,25066,84.90000000000002
Duiven,PvdD,1.4279559303255984,25066,84.90000000000002
Duiven,Volt,1.169446667076999,25066,84.90000000000002
Duiven,ChristenUnie,0.9170923862866992,25066,84.90000000000002
Duiven,JA21,0.7570628423708993,25066,84.90000000000002
Duiven,DENK,0.6832030528712993,25066,84.90000000000002
Duiven,50PLUS,0.4923985966639995,25066,84.90000000000002
Duiven,BVNL,0.3200590878315997,25066,84.90000000000002
Duiven,SGP,0.2708192281651997,25066,84.90000000000002
Duiven,BIJ1,0.17233950883239982,25066,84.90000000000002
Duiven,Splinter,0.11694466670769987,25066,84.90000000000002
Duiven,Nederland met een PLAN,0.05539484212469995,25066,84.90000000000002
Duiven,LP (Libertaire Partij),0.04308487720809995,25066,84.90000000000002
Duiven,Piratenpartij - De Groenen,0.04308487720809995,25066,84.90000000000002
Duiven,Samen voor Nederland,0.04308487720809995,25066,84.90000000000002
Duiven,LEF - Voor de Nieuwe Generatie,0.02461992983319997,25066,84.90000000000002
Echt-Susteren,PVV,38.21834761260584,31751,82.2
Echt-Susteren,NSC,15.131018588105617,31751,82.2
Echt-Susteren,VVD,13.01668420261536,31751,82.2
Echt-Susteren,PvdA/GL,10.426374066837017,31751,82.2
Echt-Susteren,BBB,4.78981912921489,31751,82.2
Echt-Susteren,D66,4.078360639310587,31751,82.2
Echt-Susteren,CDA,3.8378676286387097,31751,82.2
Echt-Susteren,SP,3.3167994388496416,31751,82.2
Echt-Susteren,FvD,2.079262488100606,31751,82.2
Echt-Susteren,PvdD,1.447968335086928,31751,82.2
Echt-Susteren,BVNL,0.6613557793476628,31751,82.2
Echt-Susteren,Volt,0.6613557793476628,31751,82.2
Echt-Susteren,50PLUS,0.5711709003457087,31751,82.2
Echt-Susteren,JA21,0.5661606292900445,31751,82.2
Echt-Susteren,DENK,0.4709654792324265,31751,82.2
Echt-Susteren,ChristenUnie,0.2605340948945338,31751,82.2
Echt-Susteren,BIJ1,0.09519515005761812,31751,82.2
Echt-Susteren,Splinter,0.09519515005761812,31751,82.2
Echt-Susteren,Piratenpartij - De Groenen,0.06513352372363344,31751,82.2
Echt-Susteren,SGP,0.06012325266796934,31751,82.2
Echt-Susteren,Samen voor Nederland,0.05010271055664111,31751,82.2
Echt-Susteren,PartijvdSport,0.03507189738964877,31751,82.2
Echt-Susteren,LEF - Voor de Nieuwe Generatie,0.03006162633398467,31751,82.2
Echt-Susteren,LP (Libertaire Partij),0.02004108422265644,31751,82.2
Echt-Susteren,Nederland met een PLAN,0.01503081316699233,31751,82.2
Edam-Volendam,PVV,42.91224303153207,36268,90.3
Edam-Volendam,VVD,14.636764881307409,36268,90.3
Edam-Volendam,NSC,9.817487772873672,36268,90.3
Edam-Volendam,BBB,8.326374806155314,36268,90.3
Edam-Volendam,PvdA/GL,8.274682889975745,36268,90.3
Edam-Volendam,FvD,3.5190266014553258,36268,90.3
Edam-Volendam,D66,3.0259652471271226,36268,90.3
Edam-Volendam,CDA,2.2068471907431704,36268,90.3
Edam-Volendam,SP,1.6779991252137263,36268,90.3
Edam-Volendam,PvdD,1.4354447492942064,36268,90.3
Edam-Volendam,Volt,0.9702175036780788,36268,90.3
Edam-Volendam,JA21,0.783331345182711,36268,90.3
Edam-Volendam,BVNL,0.7276631277585589,36268,90.3
Edam-Volendam,DENK,0.5368006680186092,36268,90.3
Edam-Volendam,ChristenUnie,0.4135353294365581,36268,90.3
Edam-Volendam,50PLUS,0.2783410871207603,36268,90.3
Edam-Volendam,Splinter,0.10736013360372182,36268,90.3
Edam-Volendam,SGP,0.09543122986997496,36268,90.3
Edam-Volendam,BIJ1,0.08747862738081037,36268,90.3
Edam-Volendam,Piratenpartij - De Groenen,0.05566821742415204,36268,90.3
Edam-Volendam,Samen voor Nederland,0.03976301244582289,36268,90.3
Edam-Volendam,PartijvdSport,0.0357867112012406,36268,90.3
Edam-Volendam,Nederland met een PLAN,0.01988150622291144,36268,90.3
Edam-Volendam,LEF - Voor de Nieuwe Generatie,0.01590520497832915,36268,90.3
Ede,PVV,19.08562471425772,118530,83.8
Ede,VVD,13.157860361831364,118530,83.8
Ede,SGP,12.721572725491477,118530,83.8
Ede,PvdA/GL,12.025341257919145,118530,83.8
Ede,NSC,11.376134805042126,118530,83.8
Ede,ChristenUnie,6.894389654496767,118530,83.8
Ede,D66,4.817451505453596,118530,83.8
Ede,BBB,4.645026451570766,118530,83.8
Ede,CDA,4.293645091764091,118530,83.8
Ede,DENK,2.075631898634968,118530,83.8
Ede,FvD,2.0233818823068384,118530,83.8
Ede,SP,1.866631833322448,118530,83.8
Ede,PvdD,1.8143818169943176,118530,83.8
Ede,Volt,1.2317941349356671,118530,83.8
Ede,JA21,0.630918947162171,118530,83.8
Ede,BVNL,0.4532688916465286,118530,83.8
Ede,50PLUS,0.3696688655215205,118530,83.8
Ede,BIJ1,0.19463131082228463,118530,83.8
Ede,Piratenpartij - De Groenen,0.0796812749003984,118530,83.8
Ede,Splinter,0.0744562732675854,118530,83.8
Ede,Samen voor Nederland,0.04963751551172359,118530,83.8
Ede,Nederland met een PLAN,0.04441251387891059,118530,83.8
Ede,LEF - Voor de Nieuwe Generatie,0.03788126183789432,118530,83.8
Ede,LP (Libertaire Partij),0.03657501142969107,118530,83.8
Eemnes,PVV,23.563218390804597,9362,85.9
Eemnes,VVD,22.506989748369055,9362,85.9
Eemnes,PvdA/GL,12.333022677850265,9362,85.9
Eemnes,NSC,12.19322771046909,9362,85.9
Eemnes,D66,6.539297918608264,9362,85.9
Eemnes,BBB,5.265610438024231,9362,85.9
Eemnes,CDA,3.976390183286735,9362,85.9
Eemnes,FvD,2.3609816713264986,9362,85.9
Eemnes,SP,2.3609816713264986,9362,85.9
Eemnes,PvdD,2.2988505747126435,9362,85.9
Eemnes,ChristenUnie,1.382416899658279,9362,85.9
Eemnes,Volt,1.3668841255048152,9362,85.9
Eemnes,JA21,0.9319664492078285,9362,85.9
Eemnes,BVNL,0.8543025784405094,9362,85.9
Eemnes,SGP,0.5902454178316247,9362,85.9
Eemnes,50PLUS,0.5281143212177695,9362,85.9
Eemnes,DENK,0.4659832246039142,9362,85.9
Eemnes,Splinter,0.1863932898415657,9362,85.9
Eemnes,BIJ1,0.15532774153463808,9362,85.9
Eemnes,Samen voor Nederland,0.04659832246039142,9362,85.9
Eemnes,LP (Libertaire Partij),0.03106554830692761,9362,85.9
Eemnes,PartijvdSport,0.03106554830692761,9362,85.9
Eemnes,LEF - Voor de Nieuwe Generatie,0.0155327741534638,9362,85.9
Eemnes,Nederland met een PLAN,0.0155327741534638,9362,85.9
Eemsdelta,PVV,26.81551646368967,45587,84.4
Eemsdelta,NSC,18.17771763644565,45587,84.4
Eemsdelta,PvdA/GL,13.024357239512854,45587,84.4
Eemsdelta,VVD,8.961058487445497,45587,84.4
Eemsdelta,BBB,7.739437678544579,45587,84.4
Eemsdelta,SP,6.483987370320253,45587,84.4
Eemsdelta,CDA,3.5633739287325215,45587,84.4
Eemsdelta,D66,3.277702601112615,45587,84.4
Eemsdelta,ChristenUnie,3.195008269433168,45587,84.4
Eemsdelta,FvD,2.371823785896858,45587,84.4
Eemsdelta,PvdD,1.665163133363404,45587,84.4
Eemsdelta,DENK,1.3306269733874605,45587,84.4
Eemsdelta,SGP,0.8795669824086604,45587,84.4
Eemsdelta,Volt,0.5976544880469102,45587,84.4
Eemsdelta,BVNL,0.533754322658247,45587,84.4
Eemsdelta,50PLUS,0.5036836565929935,45587,84.4
Eemsdelta,JA21,0.4585776574951135,45587,84.4
Eemsdelta,BIJ1,0.14659449706811006,45587,84.4
Eemsdelta,Samen voor Nederland,0.09021199819576003,45587,84.4
Eemsdelta,Splinter,0.07893549842129004,45587,84.4
Eemsdelta,Piratenpartij - De Groenen,0.04134716583972335,45587,84.4
Eemsdelta,LEF - Voor de Nieuwe Generatie,0.02255299954894001,45587,84.4
Eemsdelta,LP (Libertaire Partij),0.02255299954894001,45587,84.4
Eemsdelta,Nederland met een PLAN,0.01879416629078334,45587,84.4
Eersel,PVV,23.21442329917559,19528,90
Eersel,VVD,20.748902072578783,19528,90
Eersel,NSC,14.36166114492642,19528,90
Eersel,PvdA/GL,10.4553509515371,19528,90
Eersel,BBB,7.504430233454042,19528,90
Eersel,D66,6.394945681485477,19528,90
Eersel,CDA,5.439556206179213,19528,90
Eersel,SP,3.413205948069959,19528,90
Eersel,Volt,2.442406965097465,19528,90
Eersel,PvdD,1.6025887972879267,19528,90
Eersel,FvD,1.433084212959396,19528,90
Eersel,JA21,0.8398181678095384,19528,90
Eersel,50PLUS,0.7704753833115032,19528,90
Eersel,BVNL,0.4237614608213267,19528,90
Eersel,DENK,0.2619616303259111,19528,90
Eersel,ChristenUnie,0.238847368826566,19528,90
Eersel,BIJ1,0.10016179983049542,19528,90
Eersel,Splinter,0.10016179983049542,19528,90
Eersel,SGP,0.07704753833115031,19528,90
Eersel,Piratenpartij - De Groenen,0.04622852299869019,19528,90
Eersel,Samen voor Nederland,0.03852376916557516,19528,90
Eersel,LP (Libertaire Partij),0.03081901533246013,19528,90
Eersel,LEF - Voor de Nieuwe Generatie,0.01540950766623006,19528,90
Eersel,Nederland met een PLAN,0.01540950766623006,19528,90
Eersel,PartijvdSport,0.01540950766623006,19528,90
Eersel,Politieke Partij voor Basisinkomen,0.01540950766623006,19528,90
Eijsden-Margraten,PVV,25.33151787828558,25900,86.4
Eijsden-Margraten,VVD,17.203409898176652,25900,86.4
Eijsden-Margraten,PvdA/GL,16.04901728628937,25900,86.4
Eijsden-Margraten,NSC,14.651906227800144,25900,86.4
Eijsden-Margraten,D66,6.109400899834242,25900,86.4
Eijsden-Margraten,BBB,5.866682453232299,25900,86.4
Eijsden-Margraten,CDA,4.629410371773621,25900,86.4
Eijsden-Margraten,SP,2.9067013971110582,25900,86.4
Eijsden-Margraten,PvdD,1.8884679138053515,25900,86.4
Eijsden-Margraten,FvD,1.4918304522851054,25900,86.4
Eijsden-Margraten,Volt,1.2195121951219512,25900,86.4
Eijsden-Margraten,JA21,0.5564764385507933,25900,86.4
Eijsden-Margraten,BVNL,0.4676770068671561,25900,86.4
Eijsden-Margraten,50PLUS,0.4439971584181861,25900,86.4
Eijsden-Margraten,ChristenUnie,0.3551977267345489,25900,86.4
Eijsden-Margraten,DENK,0.23087852237745676,25900,86.4
Eijsden-Margraten,SGP,0.11839924224484964,25900,86.4
Eijsden-Margraten,Splinter,0.10063935590812216,25900,86.4
Eijsden-Margraten,BIJ1,0.08287946957139473,25900,86.4
Eijsden-Margraten,Piratenpartij - De Groenen,0.07695950745915225,25900,86.4
Eijsden-Margraten,LEF - Voor de Nieuwe Generatie,0.05919962112242481,25900,86.4
Eijsden-Margraten,PartijvdSport,0.04735969689793985,25900,86.4
Eijsden-Margraten,Samen voor Nederland,0.04735969689793985,25900,86.4
Eijsden-Margraten,Nederland met een PLAN,0.03551977267345489,25900,86.4
Eijsden-Margraten,LP (Libertaire Partij),0.0295998105612124,25900,86.4
Eindhoven,PvdA/GL,21.126054986669384,235691,61.5
Eindhoven,PVV,20.43405165826074,235691,61.5
Eindhoven,VVD,14.31640260159288,235691,61.5
Eindhoven,NSC,11.580654473822744,235691,61.5
Eindhoven,D66,8.619899128839982,235691,61.5
Eindhoven,SP,4.297213306841917,235691,61.5
Eindhoven,DENK,3.72493079966716,235691,61.5
Eindhoven,Volt,3.332654066262503,235691,61.5
Eindhoven,PvdD,2.801127583337579,235691,61.5
Eindhoven,FvD,2.285733693344881,235691,61.5
Eindhoven,CDA,2.2373359145482024,235691,61.5
Eindhoven,BBB,1.489293052796033,235691,61.5
Eindhoven,ChristenUnie,0.8117241496425356,235691,61.5
Eindhoven,50PLUS,0.6393601304192775,235691,61.5
Eindhoven,JA21,0.551055411211303,235691,61.5
Eindhoven,BIJ1,0.4788832849355546,235691,61.5
Eindhoven,BVNL,0.41944741623787934,235691,61.5
Eindhoven,SGP,0.2080255404418632,235691,61.5
Eindhoven,Splinter,0.1519860070983409,235691,61.5
Eindhoven,Piratenpartij - De Groenen,0.13160799497342368,235691,61.5
Eindhoven,Nederland met een PLAN,0.1027391444631243,235691,61.5
Eindhoven,LEF - Voor de Nieuwe Generatie,0.07387029395282489,235691,61.5
Eindhoven,PartijvdSport,0.05264319798936946,235691,61.5
Eindhoven,LP (Libertaire Partij),0.05094503031229303,235691,61.5
Eindhoven,Samen voor Nederland,0.05009594647375481,235691,61.5
Eindhoven,Politieke Partij voor Basisinkomen,0.03226518586445225,235691,61.5
Elburg,PVV,25.28868360277136,23429,93.20000000000002
Elburg,NSC,13.843982550680009,23429,93.20000000000002
Elburg,SGP,13.767000256607648,23429,93.20000000000002
Elburg,VVD,10.7133692584039,23429,93.20000000000002
Elburg,ChristenUnie,10.58506543494996,23429,93.20000000000002
Elburg,BBB,6.697459584295612,23429,93.20000000000002
Elburg,CDA,5.465742879137799,23429,93.20000000000002
Elburg,PvdA/GL,5.0551706440851945,23429,93.20000000000002
Elburg,D66,2.161919425198871,23429,93.20000000000002
Elburg,FvD,1.777007954837054,23429,93.20000000000002
Elburg,SP,1.53323069027457,23429,93.20000000000002
Elburg,PvdD,0.8018988965871183,23429,93.20000000000002
Elburg,JA21,0.6479343084423916,23429,93.20000000000002
Elburg,Volt,0.4939697202976648,23429,93.20000000000002
Elburg,BVNL,0.35283551449833206,23429,93.20000000000002
Elburg,50PLUS,0.28868360277136257,23429,93.20000000000002
Elburg,DENK,0.26943802925327176,23429,93.20000000000002
Elburg,Splinter,0.0705671028996664,23429,93.20000000000002
Elburg,Nederland met een PLAN,0.05773672055427251,23429,93.20000000000002
Elburg,BIJ1,0.04490633820887863,23429,93.20000000000002
Elburg,Samen voor Nederland,0.04490633820887863,23429,93.20000000000002
Elburg,LEF - Voor de Nieuwe Generatie,0.01283038234539389,23429,93.20000000000002
Elburg,LP (Libertaire Partij),0.01283038234539389,23429,93.20000000000002
Elburg,Piratenpartij - De Groenen,0.01283038234539389,23429,93.20000000000002
Emmen,PVV,36.255860483172576,107024,87.5
Emmen,NSC,16.809508167348522,107024,87.5
Emmen,PvdA/GL,10.810165138710545,107024,87.5
Emmen,VVD,9.960581718278736,107024,87.5
Emmen,BBB,6.765311912085287,107024,87.5
Emmen,SP,3.7044226117597874,107024,87.5
Emmen,CDA,3.3191984949383344,107024,87.5
Emmen,D66,2.9518917788992747,107024,87.5
Emmen,FvD,2.7876489383940037,107024,87.5
Emmen,ChristenUnie,1.4468301131782484,107024,87.5
Emmen,PvdD,1.2631767551587183,107024,87.5
Emmen,50PLUS,0.6062053931376354,107024,87.5
Emmen,DENK,0.6032191596739034,107024,87.5
Emmen,JA21,0.6002329262101711,107024,87.5
Emmen,Volt,0.5643981246453847,107024,87.5
Emmen,BVNL,0.5405082569355273,107024,87.5
Emmen,SGP,0.47033177053782066,107024,87.5
Emmen,Samen voor Nederland,0.18663959148326217,107024,87.5
Emmen,BIJ1,0.14483232299101145,107024,87.5
Emmen,Splinter,0.08660077044823364,107024,87.5
Emmen,Piratenpartij - De Groenen,0.0567384358109117,107024,87.5
Emmen,LP (Libertaire Partij),0.03583480156478633,107024,87.5
Emmen,LEF - Voor de Nieuwe Generatie,0.02986233463732194,107024,87.5
Enkhuizen,PVV,25.073878391689803,18637,82.9
Enkhuizen,VVD,15.823408256469955,18637,82.9
Enkhuizen,PvdA/GL,14.372705292379331,18637,82.9
Enkhuizen,NSC,13.513029461807111,18637,82.9
Enkhuizen,D66,6.169965075669383,18637,82.9
Enkhuizen,SP,4.4595683710934,18637,82.9
Enkhuizen,BBB,3.510342974836572,18637,82.9
Enkhuizen,FvD,3.214829408077371,18637,82.9
Enkhuizen,CDA,2.731261753380496,18637,82.9
Enkhuizen,PvdD,2.7043968836751144,18637,82.9
Enkhuizen,DENK,1.5939822691859944,18637,82.9
Enkhuizen,Volt,1.4865227903644669,18637,82.9
Enkhuizen,SGP,1.3880182681113995,18637,82.9
Enkhuizen,ChristenUnie,1.002955135667592,18637,82.9
Enkhuizen,JA21,0.8149010477299184,18637,82.9
Enkhuizen,BVNL,0.6626667860660876,18637,82.9
Enkhuizen,50PLUS,0.6447568729291663,18637,82.9
Enkhuizen,BIJ1,0.17909913136921285,18637,82.9
Enkhuizen,Splinter,0.1432793050953703,18637,82.9
Enkhuizen,Piratenpartij - De Groenen,0.125369391958449,18637,82.9
Enkhuizen,PartijvdSport,0.09850452225306706,18637,82.9
Enkhuizen,LEF - Voor de Nieuwe Generatie,0.08954956568460642,18637,82.9
Enkhuizen,Samen voor Nederland,0.08954956568460642,18637,82.9
Enkhuizen,LP (Libertaire Partij),0.08059460911614579,18637,82.9
Enkhuizen,Nederland met een PLAN,0.02686486970538193,18637,82.9
Enschede,NSC,27.69712947352938,159732,69.4
Enschede,PVV,22.860116993471447,159732,69.4
Enschede,PvdA/GL,14.891209649132731,159732,69.4
Enschede,VVD,8.843529717925797,159732,69.4
Enschede,D66,4.947896041004288,159732,69.4
Enschede,FvD,3.0357203471334335,159732,69.4
Enschede,DENK,2.807164435795024,159732,69.4
Enschede,SP,2.644233489098335,159732,69.4
Enschede,Volt,2.5310869983367468,159732,69.4
Enschede,BBB,2.526561138706283,159732,69.4
Enschede,ChristenUnie,1.8612597730281395,159732,69.4
Enschede,PvdD,1.805817992554961,159732,69.4
Enschede,CDA,1.3950962310903927,159732,69.4
Enschede,JA21,0.42995666489403833,159732,69.4
Enschede,BVNL,0.3903553931274822,159732,69.4
Enschede,SGP,0.381303673866555,159732,69.4
Enschede,BIJ1,0.3145472443172175,159732,69.4
Enschede,50PLUS,0.22968737624602573,159732,69.4
Enschede,Piratenpartij - De Groenen,0.11314649076158902,159732,69.4
Enschede,Splinter,0.1052262364082778,159732,69.4
Enschede,Nederland met een PLAN,0.04525859630463561,159732,69.4
Enschede,LEF - Voor de Nieuwe Generatie,0.03960127176655616,159732,69.4
Enschede,LP (Libertaire Partij),0.03960127176655616,159732,69.4
Enschede,Samen voor Nederland,0.03394394722847671,159732,69.4
Enschede,PartijvdSport,0.03054955250562903,159732,69.4
Epe,PVV,24.545371050698016,33198,88.2
Epe,VVD,16.21969140337987,33198,88.2
Epe,NSC,13.602130786186628,33198,88.2
Epe,PvdA/GL,10.22226304188097,33198,88.2
Epe,BBB,8.550698016164585,33198,88.2
Epe,D66,4.615172667156502,33198,88.2
Epe,CDA,4.578434974283615,33198,88.2
Epe,SGP,4.289125642909625,33198,88.2
Epe,ChristenUnie,3.370683321087436,33198,88.2
Epe,SP,2.222630418809699,33198,88.2
Epe,FvD,2.011388684790595,33198,88.2
Epe,PvdD,1.7220793534166052,33198,88.2
Epe,DENK,1.235304922850845,33198,88.2
Epe,Volt,1.0056943423952975,33198,88.2
Epe,JA21,0.5051432770022043,33198,88.2
Epe,BVNL,0.5005510653930934,33198,88.2
Epe,50PLUS,0.431667891256429,33198,88.2
Epe,BIJ1,0.1239897134459956,33198,88.2
Epe,Splinter,0.07806759735488611,33198,88.2
Epe,Samen voor Nederland,0.05969875091844232,33198,88.2
Epe,Piratenpartij - De Groenen,0.05510653930933137,33198,88.2
Epe,LEF - Voor de Nieuwe Generatie,0.01836884643644379,33198,88.2
Epe,LP (Libertaire Partij),0.01836884643644379,33198,88.2
Epe,Nederland met een PLAN,0.01836884643644379,33198,88.2
Ermelo,PVV,19.418177772833463,27016,88.7
Ermelo,NSC,14.539993325175212,27016,88.7
Ermelo,VVD,13.76682612081433,27016,88.7
Ermelo,PvdA/GL,9.90655245299811,27016,88.7
Ermelo,ChristenUnie,7.926354433196129,27016,88.7
Ermelo,SGP,7.692735565691401,27016,88.7
Ermelo,CDA,6.897318945377684,27016,88.7
Ermelo,BBB,5.751474023806876,27016,88.7
Ermelo,D66,4.449883190566248,27016,88.7
Ermelo,FvD,2.319501613082657,27016,88.7
Ermelo,SP,1.9412615418845256,27016,88.7
Ermelo,PvdD,1.8244521081321616,27016,88.7
Ermelo,Volt,1.0624096117476918,27016,88.7
Ermelo,JA21,0.6341083546556903,27016,88.7
Ermelo,DENK,0.5172989209033263,27016,88.7
Ermelo,BVNL,0.47836244298587166,27016,88.7
Ermelo,50PLUS,0.3838024251863389,27016,88.7
Ermelo,BIJ1,0.12793414172877962,27016,88.7
Ermelo,Splinter,0.1223717877405718,27016,88.7
Ermelo,Samen voor Nederland,0.07787295583490933,27016,88.7
Ermelo,LEF - Voor de Nieuwe Generatie,0.0611858938702859,27016,88.7
Ermelo,Piratenpartij - De Groenen,0.0556235398820781,27016,88.7
Ermelo,Nederland met een PLAN,0.02781176994103905,27016,88.7
Ermelo,LP (Libertaire Partij),0.01668706196462343,27016,88.7
Etten-Leur,PVV,29.587773521938637,43869,80.3
Etten-Leur,VVD,20.000758466380976,43869,80.3
Etten-Leur,NSC,13.178353369486898,43869,80.3
Etten-Leur,PvdA/GL,10.834692252265915,43869,80.3
Etten-Leur,D66,5.548181576851606,43869,80.3
Etten-Leur,BBB,3.887140202510523,43869,80.3
Etten-Leur,SP,3.765785581554098,43869,80.3
Etten-Leur,CDA,3.1665971405817435,43869,80.3
Etten-Leur,DENK,2.2071371686449996,43869,80.3
Etten-Leur,FvD,2.013728241495696,43869,80.3
Etten-Leur,PvdD,1.3273161667109106,43869,80.3
Etten-Leur,Volt,1.020137282414957,43869,80.3
Etten-Leur,JA21,0.8608593424096476,43869,80.3
Etten-Leur,50PLUS,0.6864120747847852,43869,80.3
Etten-Leur,BVNL,0.5726421176381358,43869,80.3
Etten-Leur,ChristenUnie,0.5271341347794759,43869,80.3
Etten-Leur,BIJ1,0.20099359095908073,43869,80.3
Etten-Leur,Splinter,0.1744472676248625,43869,80.3
Etten-Leur,SGP,0.08343130190754294,43869,80.3
Etten-Leur,Nederland met een PLAN,0.06446964238310138,43869,80.3
Etten-Leur,LP (Libertaire Partij),0.06067731047821306,43869,80.3
Etten-Leur,Piratenpartij - De Groenen,0.06067731047821306,43869,80.3
Etten-Leur,LEF - Voor de Nieuwe Generatie,0.05688497857332474,43869,80.3
Etten-Leur,PartijvdSport,0.05688497857332474,43869,80.3
Etten-Leur,Samen voor Nederland,0.03413098714399484,43869,80.3
Etten-Leur,Politieke Partij voor Basisinkomen,0.02275399142932989,43869,80.3
De Fryske Marren,PVV,24.87113026764132,51778,91.6
De Fryske Marren,NSC,16.416693362844743,51778,91.6
De Fryske Marren,VVD,13.51603226839852,51778,91.6
De Fryske Marren,PvdA/GL,11.369659550921746,51778,91.6
De Fryske Marren,BBB,11.197833241110173,51778,91.6
De Fryske Marren,CDA,6.0051839123977055,51778,91.6
De Fryske Marren,D66,4.024812884060926,51778,91.6
De Fryske Marren,FvD,2.6909747502693886,51778,91.6
De Fryske Marren,SP,2.6443777848967587,51778,91.6
De Fryske Marren,ChristenUnie,1.563910650318898,51778,91.6
De Fryske Marren,PvdD,1.252293444389434,51778,91.6
De Fryske Marren,SGP,1.0134839968547047,51778,91.6
De Fryske Marren,BVNL,0.9494131694673384,51778,91.6
De Fryske Marren,Volt,0.7309898942831348,51778,91.6
De Fryske Marren,JA21,0.6989544805894516,51778,91.6
De Fryske Marren,50PLUS,0.3727757229810408,51778,91.6
De Fryske Marren,DENK,0.2504586888778868,51778,91.6
De Fryske Marren,Splinter,0.08445699973789206,51778,91.6
De Fryske Marren,Piratenpartij - De Groenen,0.06698313772315578,51778,91.6
De Fryske Marren,Samen voor Nederland,0.06698313772315578,51778,91.6
De Fryske Marren,BIJ1,0.0640708273873664,51778,91.6
De Fryske Marren,Nederland met een PLAN,0.04950927570841949,51778,91.6
De Fryske Marren,LEF - Voor de Nieuwe Generatie,0.04368465503684073,51778,91.6
De Fryske Marren,LP (Libertaire Partij),0.04368465503684073,51778,91.6
De Fryske Marren,Politieke Partij voor Basisinkomen,0.01164924134315752,51778,91.6
Geertruidenberg,PVV,37.438276223253034,21770,89.1
Geertruidenberg,VVD,18.120604518928623,21770,89.1
Geertruidenberg,NSC,12.41957204848122,21770,89.1
Geertruidenberg,PvdA/GL,8.37198862786174,21770,89.1
Geertruidenberg,D66,4.533891964686518,21770,89.1
Geertruidenberg,BBB,4.503965285051623,21770,89.1
Geertruidenberg,SP,4.070028430345653,21770,89.1
Geertruidenberg,CDA,3.089929672302858,21770,89.1
Geertruidenberg,FvD,1.8105641179111176,21770,89.1
Geertruidenberg,PvdD,1.2718838844830165,21770,89.1
Geertruidenberg,50PLUS,0.8155020200508755,21770,89.1
Geertruidenberg,JA21,0.7855753404159808,21770,89.1
Geertruidenberg,Volt,0.6583869519676792,21770,89.1
Geertruidenberg,DENK,0.5162352237019303,21770,89.1
Geertruidenberg,ChristenUnie,0.47134520424958853,21770,89.1
Geertruidenberg,BVNL,0.3516384857100105,21770,89.1
Geertruidenberg,SGP,0.23941343707915608,21770,89.1
Geertruidenberg,Splinter,0.13467005835702528,21770,89.1
Geertruidenberg,BIJ1,0.0822983689959599,21770,89.1
Geertruidenberg,Piratenpartij - De Groenen,0.07481669908723627,21770,89.1
Geertruidenberg,Nederland met een PLAN,0.05985335926978902,21770,89.1
Geertruidenberg,Politieke Partij voor Basisinkomen,0.05985335926978902,21770,89.1
Geertruidenberg,Samen voor Nederland,0.05985335926978902,21770,89.1
Geertruidenberg,LP (Libertaire Partij),0.02992667963489451,21770,89.1
Geertruidenberg,LEF - Voor de Nieuwe Generatie,0.01496333981744725,21770,89.1
Geertruidenberg,PartijvdSport,0.01496333981744725,21770,89.1
Geldrop-Mierlo,PVV,27.78995211427644,40066,81.5
Geldrop-Mierlo,VVD,16.70318967616265,40066,81.5
Geldrop-Mierlo,NSC,14.304845385926468,40066,81.5
Geldrop-Mierlo,PvdA/GL,13.761058355652947,40066,81.5
Geldrop-Mierlo,D66,6.886616346075805,40066,81.5
Geldrop-Mierlo,SP,4.001298595893191,40066,81.5
Geldrop-Mierlo,CDA,3.461569677785894,40066,81.5
Geldrop-Mierlo,BBB,3.153153153153153,40066,81.5
Geldrop-Mierlo,FvD,1.9316613911208504,40066,81.5
Geldrop-Mierlo,PvdD,1.8464410356302248,40066,81.5
Geldrop-Mierlo,Volt,1.566431296161026,40066,81.5
Geldrop-Mierlo,DENK,1.420339258177096,40066,81.5
Geldrop-Mierlo,JA21,0.7223439655872088,40066,81.5
Geldrop-Mierlo,50PLUS,0.6006006006006006,40066,81.5
Geldrop-Mierlo,ChristenUnie,0.5275545816086357,40066,81.5
Geldrop-Mierlo,BVNL,0.45045045045045046,40066,81.5
Geldrop-Mierlo,BIJ1,0.21507994480967457,40066,81.5
Geldrop-Mierlo,Splinter,0.16638259881503126,40066,81.5
Geldrop-Mierlo,SGP,0.1542082623163704,40066,81.5
Geldrop-Mierlo,Piratenpartij - De Groenen,0.07710413115818521,40066,81.5
Geldrop-Mierlo,Samen voor Nederland,0.06492979465952439,40066,81.5
Geldrop-Mierlo,LEF - Voor de Nieuwe Generatie,0.05275545816086356,40066,81.5
Geldrop-Mierlo,Politieke Partij voor Basisinkomen,0.04463923382842302,40066,81.5
Geldrop-Mierlo,PartijvdSport,0.03652300949598247,40066,81.5
Geldrop-Mierlo,Nederland met een PLAN,0.03246489732976219,40066,81.5
Geldrop-Mierlo,LP (Libertaire Partij),0.02840678516354192,40066,81.5
Gemert-Bakel,PVV,30.92373679255152,30760,88.6
Gemert-Bakel,VVD,15.880322209436134,30760,88.6
Gemert-Bakel,NSC,13.432367402447955,30760,88.6
Gemert-Bakel,BBB,9.043833036928548,30760,88.6
Gemert-Bakel,PvdA/GL,8.64107124176169,30760,88.6
Gemert-Bakel,CDA,6.606339575269379,30760,88.6
Gemert-Bakel,D66,4.650067998744638,30760,88.6
Gemert-Bakel,SP,4.132231404958678,30760,88.6
Gemert-Bakel,FvD,1.5064337273773407,30760,88.6
Gemert-Bakel,PvdD,1.43843498273878,30760,88.6
Gemert-Bakel,Volt,0.863060989643268,30760,88.6
Gemert-Bakel,JA21,0.7950622450047076,30760,88.6
Gemert-Bakel,50PLUS,0.5649126477665027,30760,88.6
Gemert-Bakel,BVNL,0.5073752484569516,30760,88.6
Gemert-Bakel,DENK,0.2249189245737002,30760,88.6
Gemert-Bakel,ChristenUnie,0.20399623391568156,30760,88.6
Gemert-Bakel,BIJ1,0.13076681661261638,30760,88.6
Gemert-Bakel,Splinter,0.10984412595459776,30760,88.6
Gemert-Bakel,PartijvdSport,0.06276807197405586,30760,88.6
Gemert-Bakel,Piratenpartij - De Groenen,0.06276807197405586,30760,88.6
Gemert-Bakel,Samen voor Nederland,0.05753739930955121,30760,88.6
Gemert-Bakel,SGP,0.05753739930955121,30760,88.6
Gemert-Bakel,Nederland met een PLAN,0.0470760539805419,30760,88.6
Gemert-Bakel,LEF - Voor de Nieuwe Generatie,0.02615336332252327,30760,88.6
Gemert-Bakel,LP (Libertaire Partij),0.01569201799351396,30760,88.6
Gemert-Bakel,Politieke Partij voor Basisinkomen,0.01569201799351396,30760,88.6
Gennep,PVV,28.79926672777269,17035,85.4
Gennep,VVD,15.453712190650778,17035,85.4
Gennep,NSC,14.912923923006415,17035,85.4
Gennep,PvdA/GL,13.437213565536204,17035,85.4
Gennep,D66,5.563703024747937,17035,85.4
Gennep,BBB,5.5270394133822185,17035,85.4
Gennep,SP,4.775435380384968,17035,85.4
Gennep,CDA,3.684692942254812,17035,85.4
Gennep,FvD,1.998166819431714,17035,85.4
Gennep,PvdD,1.9523373052245645,17035,85.4
Gennep,Volt,0.8707607699358386,17035,85.4
Gennep,JA21,0.6324472960586618,17035,85.4
Gennep,DENK,0.6232813932172319,17035,85.4
Gennep,50PLUS,0.4399633363886343,17035,85.4
Gennep,BVNL,0.4399633363886343,17035,85.4
Gennep,ChristenUnie,0.2108157653528873,17035,85.4
Gennep,BIJ1,0.11915673693858844,17035,85.4
Gennep,Nederland met een PLAN,0.10999083409715855,17035,85.4
Gennep,Splinter,0.10082493125572868,17035,85.4
Gennep,SGP,0.10082493125572868,17035,85.4
Gennep,Piratenpartij - De Groenen,0.0916590284142988,17035,85.4
Gennep,PartijvdSport,0.06416131989000917,17035,85.4
Gennep,Samen voor Nederland,0.0458295142071494,17035,85.4
Gennep,LEF - Voor de Nieuwe Generatie,0.02749770852428964,17035,85.4
Gennep,LP (Libertaire Partij),0.01833180568285976,17035,85.4
Gilze en Rijen,PVV,28.53008190159493,26723,81.6
Gilze en Rijen,VVD,18.006034854362955,26723,81.6
Gilze en Rijen,NSC,12.667036147546032,26723,81.6
Gilze en Rijen,PvdA/GL,12.020444608658169,26723,81.6
Gilze en Rijen,D66,5.997906275016934,26723,81.6
Gilze en Rijen,BBB,5.456000985282345,26723,81.6
Gilze en Rijen,SP,3.9226553359196994,26723,81.6
Gilze en Rijen,CDA,3.060533284069216,26723,81.6
Gilze en Rijen,DENK,2.4077837305252787,26723,81.6
Gilze en Rijen,PvdD,1.8227723381981649,26723,81.6
Gilze en Rijen,FvD,1.718086089044892,26723,81.6
Gilze en Rijen,Volt,1.2008128579346018,26723,81.6
Gilze en Rijen,50PLUS,0.8929121251308578,26723,81.6
Gilze en Rijen,JA21,0.775909846665435,26723,81.6
Gilze en Rijen,BVNL,0.4310610259252417,26723,81.6
Gilze en Rijen,ChristenUnie,0.32021676211589384,26723,81.6
Gilze en Rijen,BIJ1,0.22168852761869576,26723,81.6
Gilze en Rijen,Splinter,0.11700227846542274,26723,81.6
Gilze en Rijen,Piratenpartij - De Groenen,0.0985282344971981,26723,81.6
Gilze en Rijen,SGP,0.08621220518504834,26723,81.6
Gilze en Rijen,LEF - Voor de Nieuwe Generatie,0.06158014656074881,26723,81.6
Gilze en Rijen,Samen voor Nederland,0.06158014656074881,26723,81.6
Gilze en Rijen,PartijvdSport,0.04926411724859905,26723,81.6
Gilze en Rijen,Nederland met een PLAN,0.03694808793644929,26723,81.6
Gilze en Rijen,LP (Libertaire Partij),0.01847404396822464,26723,81.6
Gilze en Rijen,Politieke Partij voor Basisinkomen,0.01847404396822464,26723,81.6
Goeree-Overflakkee,PVV,28.35649172493141,50589,92.7
Goeree-Overflakkee,SGP,15.09573118565065,50589,92.7
Goeree-Overflakkee,VVD,12.428828509897633,50589,92.7
Goeree-Overflakkee,NSC,12.178068855650942,50589,92.7
Goeree-Overflakkee,PvdA/GL,6.366345104286515,50589,92.7
Goeree-Overflakkee,BBB,5.310204442871051,50589,92.7
Goeree-Overflakkee,ChristenUnie,5.115496946632446,50589,92.7
Goeree-Overflakkee,CDA,3.8971000383514767,50589,92.7
Goeree-Overflakkee,D66,2.6079004041655605,50589,92.7
Goeree-Overflakkee,FvD,2.327639614125144,50589,92.7
Goeree-Overflakkee,SP,2.141782458624657,50589,92.7
Goeree-Overflakkee,PvdD,1.339351565035254,50589,92.7
Goeree-Overflakkee,JA21,0.7965306664306575,50589,92.7
Goeree-Overflakkee,BVNL,0.5487211257633419,50589,92.7
Goeree-Overflakkee,Volt,0.47791839985839457,50589,92.7
Goeree-Overflakkee,50PLUS,0.4631678319615305,50589,92.7
Goeree-Overflakkee,DENK,0.1888072690798596,50589,92.7
Goeree-Overflakkee,BIJ1,0.11210431601616662,50589,92.7
Goeree-Overflakkee,Splinter,0.09145352096055698,50589,92.7
Goeree-Overflakkee,Piratenpartij - De Groenen,0.05900227158745612,50589,92.7
Goeree-Overflakkee,Samen voor Nederland,0.0472018172699649,50589,92.7
Goeree-Overflakkee,LEF - Voor de Nieuwe Generatie,0.02065079505560964,50589,92.7
Goeree-Overflakkee,Nederland met een PLAN,0.01770068147623683,50589,92.7
Goeree-Overflakkee,PartijvdSport,0.00885034073811841,50589,92.7
Goeree-Overflakkee,LP (Libertaire Partij),0.0029501135793728,50589,92.7
Goes,PVV,21.272666218938884,38594,83.1
Goes,VVD,16.20634654130289,38594,83.1
Goes,PvdA/GL,13.305910006715918,38594,83.1
Goes,NSC,12.991101410342512,38594,83.1
Goes,SGP,6.543821356615178,38594,83.1
Goes,D66,5.473472128945601,38594,83.1
Goes,CDA,4.734721289456011,38594,83.1
Goes,BBB,3.983378106111484,38594,83.1
Goes,ChristenUnie,3.538448623237072,38594,83.1
Goes,SP,3.282404298186702,38594,83.1
Goes,FvD,2.358965748824714,38594,83.1
Goes,PvdD,2.073539288112827,38594,83.1
Goes,DENK,0.902451309603761,38594,83.1
Goes,Volt,0.8646742780389522,38594,83.1
Goes,JA21,0.8017125587642714,38594,83.1
Goes,BVNL,0.6548018804566823,38594,83.1
Goes,50PLUS,0.5120886501007388,38594,83.1
Goes,BIJ1,0.14271323035594358,38594,83.1
Goes,Splinter,0.1217259905977166,38594,83.1
Goes,Piratenpartij - De Groenen,0.0881464069845534,38594,83.1
Goes,Samen voor Nederland,0.05876427132303559,38594,83.1
Goes,LEF - Voor de Nieuwe Generatie,0.0545668233713902,38594,83.1
Goes,LP (Libertaire Partij),0.0335795836131632,38594,83.1
Goirle,PVV,24.452908140210443,23952,88.3
Goirle,VVD,19.37899425472855,23952,88.3
Goirle,PvdA/GL,16.28687625072623,23952,88.3
Goirle,NSC,13.588535278548836,23952,88.3
Goirle,D66,7.610870828222839,23952,88.3
Goirle,SP,4.176618681815247,23952,88.3
Goirle,BBB,3.4858950358272542,23952,88.3
Goirle,CDA,3.092118004002324,23952,88.3
Goirle,PvdD,1.8462332967529531,23952,88.3
Goirle,FvD,1.5363759602349751,23952,88.3
Goirle,Volt,1.3039829578464917,23952,88.3
Goirle,50PLUS,0.6842682848105351,23952,88.3
Goirle,JA21,0.6519914789232458,23952,88.3
Goirle,DENK,0.63908075656833,23952,88.3
Goirle,BVNL,0.45833064359950937,23952,88.3
Goirle,ChristenUnie,0.264669808275773,23952,88.3
Goirle,BIJ1,0.0968304176618682,23952,88.3
Goirle,Splinter,0.08391969530695242,23952,88.3
Goirle,Samen voor Nederland,0.07100897295203666,23952,88.3
Goirle,SGP,0.07100897295203666,23952,88.3
Goirle,Piratenpartij - De Groenen,0.05164288941966304,23952,88.3
Goirle,LP (Libertaire Partij),0.04518752824220515,23952,88.3
Goirle,PartijvdSport,0.04518752824220515,23952,88.3
Goirle,Nederland met een PLAN,0.03227680588728939,23952,88.3
Goirle,Politieke Partij voor Basisinkomen,0.02582144470983152,23952,88.3
Goirle,LEF - Voor de Nieuwe Generatie,0.01936608353237363,23952,88.3
Gooise Meren,VVD,27.0548040332213,58524,78
Gooise Meren,PvdA/GL,18.16060664981528,58524,78
Gooise Meren,PVV,13.852392989083636,58524,78
Gooise Meren,D66,12.544095997333407,58524,78
Gooise Meren,NSC,9.619177245076523,58524,78
Gooise Meren,Volt,3.1054692925196523,58524,78
Gooise Meren,CDA,2.774922918807811,58524,78
Gooise Meren,PvdD,2.7165912057998387,58524,78
Gooise Meren,BBB,2.005499847226466,58524,78
Gooise Meren,SP,1.9332796311213576,58524,78
Gooise Meren,FvD,1.8332824088219772,58524,78
Gooise Meren,DENK,1.074970139718341,58524,78
Gooise Meren,ChristenUnie,0.8499763895447349,58524,78
Gooise Meren,JA21,0.641648843087692,58524,78
Gooise Meren,BVNL,0.48054220716091217,58524,78
Gooise Meren,50PLUS,0.3999888891975223,58524,78
Gooise Meren,SGP,0.233326852031888,58524,78
Gooise Meren,BIJ1,0.21666064831532456,58524,78
Gooise Meren,Splinter,0.16388433654620704,58524,78
Gooise Meren,Piratenpartij - De Groenen,0.08333101858281713,58524,78
Gooise Meren,PartijvdSport,0.07499791672453543,58524,78
Gooise Meren,LP (Libertaire Partij),0.06388711424682648,58524,78
Gooise Meren,Nederland met een PLAN,0.05555401238854476,58524,78
Gooise Meren,Samen voor Nederland,0.03333240743312686,58524,78
Gooise Meren,LEF - Voor de Nieuwe Generatie,0.02777700619427238,58524,78
Gorinchem,PVV,23.594837056023437,37410,73.2
Gorinchem,VVD,16.32186012449652,37410,73.2
Gorinchem,PvdA/GL,13.781581838154525,37410,73.2
Gorinchem,NSC,11.927865250823874,37410,73.2
Gorinchem,D66,6.092090809227389,37410,73.2
Gorinchem,DENK,5.30483339436104,37410,73.2
Gorinchem,ChristenUnie,3.5472354448919807,37410,73.2
Gorinchem,SP,3.3916147931160747,37410,73.2
Gorinchem,CDA,2.888136213841084,37410,73.2
Gorinchem,SGP,2.4761991944342734,37410,73.2
Gorinchem,FvD,2.3846576345660933,37410,73.2
Gorinchem,BBB,2.357195166605639,37410,73.2
Gorinchem,PvdD,1.9727206151592824,37410,73.2
Gorinchem,Volt,1.4372024899304283,37410,73.2
Gorinchem,JA21,0.8833760527279385,37410,73.2
Gorinchem,50PLUS,0.5263639692420359,37410,73.2
Gorinchem,BVNL,0.3478579274990846,37410,73.2
Gorinchem,BIJ1,0.2883559135847675,37410,73.2
Gorinchem,Splinter,0.15104357378249728,37410,73.2
Gorinchem,Samen voor Nederland,0.06407909190772611,37410,73.2
Gorinchem,PartijvdSport,0.0595020139143171,37410,73.2
Gorinchem,Piratenpartij - De Groenen,0.0595020139143171,37410,73.2
Gorinchem,LP (Libertaire Partij),0.05492493592090809,37410,73.2
Gorinchem,LEF - Voor de Nieuwe Generatie,0.04577077993409008,37410,73.2
Gorinchem,Nederland met een PLAN,0.04119370194068107,37410,73.2
Gouda,PvdA/GL,19.85470479704797,73681,73.3
Gouda,PVV,18.955258302583022,73681,73.3
Gouda,VVD,12.608394833948338,73681,73.3
Gouda,NSC,11.17850553505535,73681,73.3
Gouda,D66,6.990313653136532,73681,73.3
Gouda,ChristenUnie,5.198339483394833,73681,73.3
Gouda,SGP,4.439575645756458,73681,73.3
Gouda,DENK,3.4640221402214024,73681,73.3
Gouda,CDA,3.385608856088561,73681,73.3
Gouda,PvdD,2.8551660516605164,73681,73.3
Gouda,SP,2.753690036900369,73681,73.3
Gouda,FvD,2.029520295202952,73681,73.3
Gouda,Volt,2.011070110701107,73681,73.3
Gouda,BBB,1.8565498154981548,73681,73.3
Gouda,JA21,0.7587638376383763,73681,73.3
Gouda,50PLUS,0.4543357933579336,73681,73.3
Gouda,BVNL,0.3805350553505535,73681,73.3
Gouda,BIJ1,0.35285977859778594,73681,73.3
Gouda,Splinter,0.11070110701107012,73681,73.3
Gouda,Piratenpartij - De Groenen,0.09225092250922508,73681,73.3
Gouda,LEF - Voor de Nieuwe Generatie,0.05535055350553505,73681,73.3
Gouda,LP (Libertaire Partij),0.05535055350553505,73681,73.3
Gouda,Samen voor Nederland,0.05304428044280442,73681,73.3
Gouda,Nederland met een PLAN,0.04843173431734318,73681,73.3
Gouda,PartijvdSport,0.03228782287822878,73681,73.3
Gouda,Politieke Partij voor Basisinkomen,0.02536900369003689,73681,73.3
's-Gravenhage,PVV,21.764939310011904,548320,43.9
's-Gravenhage,PvdA/GL,19.356567487184943,548320,43.9
's-Gravenhage,VVD,15.115427570886805,548320,43.9
's-Gravenhage,DENK,8.593555038271306,548320,43.9
's-Gravenhage,NSC,8.513780534202807,548320,43.9
's-Gravenhage,D66,8.349731425836303,548320,43.9
's-Gravenhage,PvdD,3.387348172754757,548320,43.9
's-Gravenhage,SP,2.6415588347195005,548320,43.9
's-Gravenhage,FvD,2.582239331694206,548320,43.9
's-Gravenhage,Volt,2.2750052160252663,548320,43.9
's-Gravenhage,CDA,1.917860897810906,548320,43.9
's-Gravenhage,BBB,1.287437765659326,548320,43.9
's-Gravenhage,ChristenUnie,1.1872082605476213,548320,43.9
's-Gravenhage,BIJ1,0.8272002421872123,548320,43.9
's-Gravenhage,JA21,0.46882862391025976,548320,43.9
's-Gravenhage,BVNL,0.40541812067632416,548320,43.9
's-Gravenhage,50PLUS,0.38128121944534216,548320,43.9
's-Gravenhage,SGP,0.37841751929929346,548320,43.9
's-Gravenhage,Splinter,0.14686690749021228,548320,43.9
's-Gravenhage,Piratenpartij - De Groenen,0.1165935059462688,548320,43.9
's-Gravenhage,Nederland met een PLAN,0.10022950511170475,548320,43.9
's-Gravenhage,LEF - Voor de Nieuwe Generatie,0.08427460429800482,548320,43.9
's-Gravenhage,LP (Libertaire Partij),0.04500100229505111,548320,43.9
's-Gravenhage,Samen voor Nederland,0.04213730214900241,548320,43.9
's-Gravenhage,Politieke Partij voor Basisinkomen,0.03109160158567168,548320,43.9
Groningen,PvdA/GL,30.48367189684212,233273,75
Groningen,PVV,13.192043587068442,233273,75
Groningen,NSC,11.622309050862944,233273,75
Groningen,VVD,10.619233680420596,233273,75
Groningen,D66,9.043362041336795,233273,75
Groningen,SP,4.3300670308014375,233273,75
Groningen,PvdD,4.143908243492966,233273,75
Groningen,Volt,3.843190202456205,233273,75
Groningen,ChristenUnie,2.582356511125204,233273,75
Groningen,BBB,2.271409965291274,233273,75
Groningen,CDA,2.053883763271485,233273,75
Groningen,FvD,1.9543263165790423,233273,75
Groningen,DENK,0.8707867083989662,233273,75
Groningen,JA21,0.6593976092574788,233273,75
Groningen,BIJ1,0.6396224999829525,233273,75
Groningen,SGP,0.51278904049806,233273,75
Groningen,BVNL,0.4098220922065613,233273,75
Groningen,50PLUS,0.2666230250461987,233273,75
Groningen,Splinter,0.13297056236319377,233273,75
Groningen,Piratenpartij - De Groenen,0.1241058582056475,233273,75
Groningen,LEF - Voor de Nieuwe Generatie,0.08114613805753874,233273,75
Groningen,Nederland met een PLAN,0.06887193230093624,233273,75
Groningen,LP (Libertaire Partij),0.05387012526508875,233273,75
Groningen,Samen voor Nederland,0.04023211886886375,233273,75
Gulpen-Wittem,PVV,28.085327783558796,14206,85.8
Gulpen-Wittem,PvdA/GL,15.317377731529657,14206,85.8
Gulpen-Wittem,NSC,15.317377731529657,14206,85.8
Gulpen-Wittem,VVD,13.20499479708637,14206,85.8
Gulpen-Wittem,BBB,9.521331945889695,14206,85.8
Gulpen-Wittem,CDA,4.0894901144641,14206,85.8
Gulpen-Wittem,D66,3.902185223725286,14206,85.8
Gulpen-Wittem,SP,2.8928199791883458,14206,85.8
Gulpen-Wittem,PvdD,2.195629552549428,14206,85.8
Gulpen-Wittem,FvD,1.9042663891779401,14206,85.8
Gulpen-Wittem,Volt,0.7908428720083247,14206,85.8
Gulpen-Wittem,JA21,0.7075962539021852,14206,85.8
Gulpen-Wittem,BVNL,0.5723204994797086,14206,85.8
Gulpen-Wittem,ChristenUnie,0.4578563995837669,14206,85.8
Gulpen-Wittem,50PLUS,0.3850156087408949,14206,85.8
Gulpen-Wittem,DENK,0.2497398543184183,14206,85.8
Gulpen-Wittem,Splinter,0.11446409989594172,14206,85.8
Gulpen-Wittem,BIJ1,0.07284079084287201,14206,85.8
Gulpen-Wittem,PartijvdSport,0.07284079084287201,14206,85.8
Gulpen-Wittem,SGP,0.06243496357960457,14206,85.8
Gulpen-Wittem,Piratenpartij - De Groenen,0.03121748178980228,14206,85.8
Gulpen-Wittem,LEF - Voor de Nieuwe Generatie,0.02081165452653486,14206,85.8
Gulpen-Wittem,LP (Libertaire Partij),0.02081165452653486,14206,85.8
Gulpen-Wittem,Samen voor Nederland,0.01040582726326743,14206,85.8
Haaksbergen,NSC,31.299638989169676,24229,87.4
Haaksbergen,PVV,23.405535499398315,24229,87.4
Haaksbergen,VVD,12.09987966305656,24229,87.4
Haaksbergen,BBB,9.452466907340554,24229,87.4
Haaksbergen,PvdA/GL,7.394705174488568,24229,87.4
Haaksbergen,D66,3.5740072202166067,24229,87.4
Haaksbergen,CDA,3.381468110709988,24229,87.4
Haaksbergen,SP,2.0938628158844765,24229,87.4
Haaksbergen,FvD,1.6064981949458483,24229,87.4
Haaksbergen,DENK,1.3778580024067388,24229,87.4
Haaksbergen,PvdD,0.9626955475330928,24229,87.4
Haaksbergen,Volt,0.9265944645006016,24229,87.4
Haaksbergen,JA21,0.7340553549939831,24229,87.4
Haaksbergen,ChristenUnie,0.5475330926594465,24229,87.4
Haaksbergen,BVNL,0.4452466907340554,24229,87.4
Haaksbergen,50PLUS,0.2527075812274368,24229,87.4
Haaksbergen,SGP,0.15042117930204574,24229,87.4
Haaksbergen,BIJ1,0.07220216606498195,24229,87.4
Haaksbergen,PartijvdSport,0.06016847172081829,24229,87.4
Haaksbergen,Splinter,0.05415162454873646,24229,87.4
Haaksbergen,Piratenpartij - De Groenen,0.0421179302045728,24229,87.4
Haaksbergen,Samen voor Nederland,0.02406738868832731,24229,87.4
Haaksbergen,LEF - Voor de Nieuwe Generatie,0.01805054151624548,24229,87.4
Haaksbergen,LP (Libertaire Partij),0.01805054151624548,24229,87.4
Haaksbergen,Nederland met een PLAN,0.00601684717208182,24229,87.4
Haarlem,PvdA/GL,27.62712237177795,162543,68.6
Haarlem,PVV,15.054543855018917,162543,68.6
Haarlem,VVD,14.133016627078383,162543,68.6
Haarlem,D66,10.650347497140848,162543,68.6
Haarlem,NSC,9.200976510952758,162543,68.6
Haarlem,PvdD,4.154570247206827,162543,68.6
Haarlem,SP,3.462874989003254,162543,68.6
Haarlem,Volt,3.2319433447699484,162543,68.6
Haarlem,DENK,3.164863200492654,162543,68.6
Haarlem,FvD,2.087182194070555,162543,68.6
Haarlem,CDA,1.7913697545526523,162543,68.6
Haarlem,BBB,1.6440133720418757,162543,68.6
Haarlem,ChristenUnie,0.817058150787367,162543,68.6
Haarlem,JA21,0.5762294360869182,162543,68.6
Haarlem,BIJ1,0.5740300870942201,162543,68.6
Haarlem,BVNL,0.5278437582475587,162543,68.6
Haarlem,50PLUS,0.4915544998680391,162543,68.6
Haarlem,SGP,0.2111375032990235,162543,68.6
Haarlem,Splinter,0.17924694290490015,162543,68.6
Haarlem,Piratenpartij - De Groenen,0.136359637547286,162543,68.6
Haarlem,LEF - Voor de Nieuwe Generatie,0.07147884226269025,162543,68.6
Haarlem,Nederland met een PLAN,0.0626814462918976,162543,68.6
Haarlem,PartijvdSport,0.05938242280285036,162543,68.6
Haarlem,LP (Libertaire Partij),0.05168470132840679,162543,68.6
Haarlem,Samen voor Nederland,0.03848860737221783,162543,68.6
Haarlemmermeer,PVV,25.731149574211265,157789,70.5
Haarlemmermeer,VVD,21.863061027872828,157789,70.5
Haarlemmermeer,PvdA/GL,12.046111424869606,157789,70.5
Haarlemmermeer,NSC,11.90325902793927,157789,70.5
Haarlemmermeer,D66,6.340874611031749,157789,70.5
Haarlemmermeer,BBB,3.089598352214212,157789,70.5
Haarlemmermeer,DENK,2.7418801147248706,157789,70.5
Haarlemmermeer,CDA,2.709766009988594,157789,70.5
Haarlemmermeer,FvD,2.5591619326046757,157789,70.5
Haarlemmermeer,SP,2.523725679102577,157789,70.5
Haarlemmermeer,PvdD,1.9069133915816752,157789,70.5
Haarlemmermeer,Volt,1.421879671771702,157789,70.5
Haarlemmermeer,ChristenUnie,1.3919803328793063,157789,70.5
Haarlemmermeer,JA21,0.9180204422887392,157789,70.5
Haarlemmermeer,SGP,0.6533559239449409,157789,70.5
Haarlemmermeer,50PLUS,0.6478190093352381,157789,70.5
Haarlemmermeer,BVNL,0.6157049045989613,157789,70.5
Haarlemmermeer,BIJ1,0.4041947665083109,157789,70.5
Haarlemmermeer,Splinter,0.14728192861809686,157789,70.5
Haarlemmermeer,Piratenpartij - De Groenen,0.08526848498942449,157789,70.5
Haarlemmermeer,Nederland met een PLAN,0.07197988992613756,157789,70.5
Haarlemmermeer,Samen voor Nederland,0.07087250700419698,157789,70.5
Haarlemmermeer,PartijvdSport,0.06422820947255352,157789,70.5
Haarlemmermeer,LEF - Voor de Nieuwe Generatie,0.05758391194091004,157789,70.5
Haarlemmermeer,LP (Libertaire Partij),0.03432887058015791,157789,70.5
Halderberge,PVV,34.71874659993472,30430,83.6
Halderberge,VVD,19.76933957131977,30430,83.6
Halderberge,NSC,12.865847024262866,30430,83.6
Halderberge,PvdA/GL,7.735828527907736,30430,83.6
Halderberge,BBB,5.331302361005331,30430,83.6
Halderberge,D66,4.498966380154499,30430,83.6
Halderberge,CDA,3.5523882058535525,30430,83.6
Halderberge,SP,3.4163855946034163,30430,83.6
Halderberge,FvD,1.9475573931019476,30430,83.6
Halderberge,DENK,1.3382656947013385,30430,83.6
Halderberge,PvdD,1.126101621151126,30430,83.6
Halderberge,Volt,0.8595365031008596,30430,83.6
Halderberge,JA21,0.7072135785007072,30430,83.6
Halderberge,50PLUS,0.6854531607006854,30430,83.6
Halderberge,BVNL,0.5113698183005113,30430,83.6
Halderberge,ChristenUnie,0.4025677293004026,30430,83.6
Halderberge,Splinter,0.12512240235012512,30430,83.6
Halderberge,SGP,0.09792188010009792,30430,83.6
Halderberge,BIJ1,0.09248177565009248,30430,83.6
Halderberge,Samen voor Nederland,0.05984114895005985,30430,83.6
Halderberge,Nederland met een PLAN,0.04352083560004352,30430,83.6
Halderberge,LEF - Voor de Nieuwe Generatie,0.03264062670003264,30430,83.6
Halderberge,PartijvdSport,0.0272005222500272,30430,83.6
Halderberge,Piratenpartij - De Groenen,0.02176041780002176,30430,83.6
Halderberge,LP (Libertaire Partij),0.01632031335001632,30430,83.6
Halderberge,Politieke Partij voor Basisinkomen,0.01632031335001632,30430,83.6
Hardenberg,PVV,25.366876310272534,61357,92.8
Hardenberg,NSC,19.381189908190557,61357,92.8
Hardenberg,BBB,14.262994289019012,61357,92.8
Hardenberg,VVD,9.737584038169594,61357,92.8
Hardenberg,ChristenUnie,7.860430371816188,61357,92.8
Hardenberg,PvdA/GL,6.296537265958216,61357,92.8
Hardenberg,CDA,5.3856719439022624,61357,92.8
Hardenberg,D66,2.2313790693751656,61357,92.8
Hardenberg,SP,1.9012506325453624,61357,92.8
Hardenberg,SGP,1.9012506325453624,61357,92.8
Hardenberg,FvD,1.8940215426877756,61357,92.8
Hardenberg,PvdD,0.8506229065760621,61357,92.8
Hardenberg,Volt,0.6602568736596063,61357,92.8
Hardenberg,JA21,0.648208390563628,61357,92.8
Hardenberg,BVNL,0.554230222414998,61357,92.8
Hardenberg,50PLUS,0.3975999421672811,61357,92.8
Hardenberg,DENK,0.30121207739945544,61357,92.8
Hardenberg,Samen voor Nederland,0.09156847152943444,61357,92.8
Hardenberg,BIJ1,0.05783271886069544,61357,92.8
Hardenberg,Piratenpartij - De Groenen,0.0506036290031085,61357,92.8
Hardenberg,Splinter,0.04578423576471722,61357,92.8
Hardenberg,LP (Libertaire Partij),0.03855514590713029,61357,92.8
Hardenberg,PartijvdSport,0.033735752668739,61357,92.8
Hardenberg,LEF - Voor de Nieuwe Generatie,0.02891635943034772,61357,92.8
Hardenberg,Nederland met een PLAN,0.02168726957276079,61357,92.8
Harderwijk,PVV,21.46647531956079,48726,80.6
Harderwijk,VVD,16.717284651069654,48726,80.6
Harderwijk,NSC,13.486633514668087,48726,80.6
Harderwijk,PvdA/GL,11.333978573574074,48726,80.6
Harderwijk,ChristenUnie,6.751660381136736,48726,80.6
Harderwijk,CDA,5.319894536595134,48726,80.6
Harderwijk,D66,5.209758702399626,48726,80.6
Harderwijk,BBB,4.4755198077629075,48726,80.6
Harderwijk,DENK,3.3674865667656775,48726,80.6
Harderwijk,SGP,2.579848479791743,48726,80.6
Harderwijk,FvD,2.176017087741548,48726,80.6
Harderwijk,SP,1.9857824650402165,48726,80.6
Harderwijk,PvdD,1.7254614023962889,48726,80.6
Harderwijk,Volt,1.2114941761505855,48726,80.6
Harderwijk,JA21,0.8276874812268464,48726,80.6
Harderwijk,50PLUS,0.45055568534525914,48726,80.6
Harderwijk,BVNL,0.4071688415712712,48726,80.6
Harderwijk,BIJ1,0.18022227413810368,48726,80.6
Harderwijk,Splinter,0.12348563227981178,48726,80.6
Harderwijk,Piratenpartij - De Groenen,0.06341154090044387,48726,80.6
Harderwijk,Samen voor Nederland,0.05339919233721589,48726,80.6
Harderwijk,Nederland met een PLAN,0.04338684377398792,48726,80.6
Harderwijk,LEF - Voor de Nieuwe Generatie,0.02669959616860794,48726,80.6
Harderwijk,LP (Libertaire Partij),0.01668724760537997,48726,80.6
Hardinxveld-Giessendam,PVV,22.74652660115215,18413,92.2
Hardinxveld-Giessendam,SGP,20.509996611318197,18413,92.2
Hardinxveld-Giessendam,NSC,11.682480515079634,18413,92.2
Hardinxveld-Giessendam,VVD,11.047102677058623,18413,92.2
Hardinxveld-Giessendam,ChristenUnie,10.886140291426637,18413,92.2
Hardinxveld-Giessendam,PvdA/GL,5.18468315825144,18413,92.2
Hardinxveld-Giessendam,CDA,5.074550999661131,18413,92.2
Hardinxveld-Giessendam,BBB,3.2870213486953577,18413,92.2
Hardinxveld-Giessendam,FvD,2.609284988139614,18413,92.2
Hardinxveld-Giessendam,D66,1.5672653337851574,18413,92.2
Hardinxveld-Giessendam,SP,1.5249068112504236,18413,92.2
Hardinxveld-Giessendam,PvdD,0.8471704506946797,18413,92.2
Hardinxveld-Giessendam,JA21,0.753981701118265,18413,92.2
Hardinxveld-Giessendam,DENK,0.626906133514063,18413,92.2
Hardinxveld-Giessendam,BVNL,0.5083022704168079,18413,92.2
Hardinxveld-Giessendam,Volt,0.48288715689596745,18413,92.2
Hardinxveld-Giessendam,50PLUS,0.4574720433751271,18413,92.2
Hardinxveld-Giessendam,BIJ1,0.04235852253473399,18413,92.2
Hardinxveld-Giessendam,Piratenpartij - De Groenen,0.04235852253473399,18413,92.2
Hardinxveld-Giessendam,LEF - Voor de Nieuwe Generatie,0.03388681802778719,18413,92.2
Hardinxveld-Giessendam,LP (Libertaire Partij),0.02541511352084039,18413,92.2
Hardinxveld-Giessendam,Splinter,0.02541511352084039,18413,92.2
Hardinxveld-Giessendam,PartijvdSport,0.01694340901389359,18413,92.2
Hardinxveld-Giessendam,Nederland met een PLAN,0.00847170450694679,18413,92.2
Hardinxveld-Giessendam,Samen voor Nederland,0.00847170450694679,18413,92.2
Harlingen,PVV,28.05925925925926,15807,87.3
Harlingen,NSC,14.864197530864198,15807,87.3
Harlingen,PvdA/GL,14.360493827160496,15807,87.3
Harlingen,VVD,13.432098765432098,15807,87.3
Harlingen,BBB,5.08641975308642,15807,87.3
Harlingen,CDA,4.444444444444445,15807,87.3
Harlingen,SP,4.355555555555555,15807,87.3
Harlingen,D66,3.990123456790123,15807,87.3
Harlingen,FvD,2.9629629629629632,15807,87.3
Harlingen,PvdD,2.034567901234568,15807,87.3
Harlingen,ChristenUnie,1.88641975308642,15807,87.3
Harlingen,Volt,0.9481481481481482,15807,87.3
Harlingen,JA21,0.7308641975308642,15807,87.3
Harlingen,50PLUS,0.7111111111111111,15807,87.3
Harlingen,BVNL,0.6913580246913581,15807,87.3
Harlingen,SGP,0.4345679012345679,15807,87.3
Harlingen,DENK,0.35555555555555557,15807,87.3
Harlingen,BIJ1,0.19753086419753088,15807,87.3
Harlingen,Splinter,0.14814814814814814,15807,87.3
Harlingen,Piratenpartij - De Groenen,0.10864197530864196,15807,87.3
Harlingen,Samen voor Nederland,0.07901234567901234,15807,87.3
Harlingen,Nederland met een PLAN,0.03950617283950617,15807,87.3
Harlingen,LEF - Voor de Nieuwe Generatie,0.02962962962962963,15807,87.3
Harlingen,Politieke Partij voor Basisinkomen,0.02962962962962963,15807,87.3
Harlingen,LP (Libertaire Partij),0.01975308641975308,15807,87.3
Hattem,PVV,18.563509847859414,12228,91.6
Hattem,NSC,17.301568581200613,12228,91.6
Hattem,VVD,13.079372567519751,12228,91.6
Hattem,PvdA/GL,12.819908008019814,12228,91.6
Hattem,ChristenUnie,10.496520816133978,12228,91.6
Hattem,CDA,5.967684868498644,12228,91.6
Hattem,D66,5.720014152612336,12228,91.6
Hattem,BBB,5.189291189998821,12228,91.6
Hattem,SGP,2.276211817431301,12228,91.6
Hattem,SP,2.0403349451586275,12228,91.6
Hattem,PvdD,1.6983134803632505,12228,91.6
Hattem,FvD,1.5803750442269136,12228,91.6
Hattem,Volt,1.2147658922042694,12228,91.6
Hattem,JA21,0.6014860242953178,12228,91.6
Hattem,BVNL,0.44816605731808,12228,91.6
Hattem,DENK,0.35381530840901054,12228,91.6
Hattem,50PLUS,0.25946455949994107,12228,91.6
Hattem,BIJ1,0.09435074890906948,12228,91.6
Hattem,Piratenpartij - De Groenen,0.08255690529543579,12228,91.6
Hattem,Samen voor Nederland,0.08255690529543579,12228,91.6
Hattem,Splinter,0.05896921806816842,12228,91.6
Hattem,Nederland met een PLAN,0.03538153084090105,12228,91.6
Hattem,LP (Libertaire Partij),0.02358768722726736,12228,91.6
Hattem,LEF - Voor de Nieuwe Generatie,0.01179384361363368,12228,91.6
Heemskerk,PVV,26.995489717383208,39191,78.9
Heemskerk,VVD,16.93631811975007,39191,78.9
Heemskerk,PvdA/GL,13.390160135722263,39191,78.9
Heemskerk,NSC,12.92258037820168,39191,78.9
Heemskerk,D66,6.41370463855671,39191,78.9
Heemskerk,BBB,3.997186245706956,39191,78.9
Heemskerk,SP,3.819257665411512,39191,78.9
Heemskerk,CDA,2.9751313774982413,39191,78.9
Heemskerk,FvD,2.946166259775727,39191,78.9
Heemskerk,DENK,2.193073198990359,39191,78.9
Heemskerk,PvdD,2.151694459386767,39191,78.9
Heemskerk,Volt,1.2620515579095462,39191,78.9
Heemskerk,JA21,0.8730914056357844,39191,78.9
Heemskerk,50PLUS,0.839988413952911,39191,78.9
Heemskerk,ChristenUnie,0.7199900691024951,39191,78.9
Heemskerk,BVNL,0.6206810940538752,39191,78.9
Heemskerk,BIJ1,0.23585881574047257,39191,78.9
Heemskerk,SGP,0.18206645425580337,39191,78.9
Heemskerk,Splinter,0.15723921049364836,39191,78.9
Heemskerk,LEF - Voor de Nieuwe Generatie,0.08689535316754252,39191,78.9
Heemskerk,PartijvdSport,0.06620598336574668,39191,78.9
Heemskerk,Piratenpartij - De Groenen,0.06620598336574668,39191,78.9
Heemskerk,Nederland met een PLAN,0.06206810940538751,39191,78.9
Heemskerk,Samen voor Nederland,0.06206810940538751,39191,78.9
Heemskerk,LP (Libertaire Partij),0.024827243762155,39191,78.9
Heemstede,VVD,29.32882443973176,27545,79.4
Heemstede,PvdA/GL,18.98893792629105,27545,79.4
Heemstede,D66,13.205708717831149,27545,79.4
Heemstede,PVV,11.526336906058347,27545,79.4
Heemstede,NSC,9.543187940620165,27545,79.4
Heemstede,Volt,3.370206912363157,27545,79.4
Heemstede,CDA,3.3014271794577867,27545,79.4
Heemstede,PvdD,2.711067805353356,27545,79.4
Heemstede,SP,1.7252249670430448,27545,79.4
Heemstede,FvD,1.473032613056686,27545,79.4
Heemstede,BBB,1.4099845245600964,27545,79.4
Heemstede,ChristenUnie,0.8826732389522554,27545,79.4
Heemstede,JA21,0.6877973290537055,27545,79.4
Heemstede,DENK,0.4814581303375938,27545,79.4
Heemstede,BVNL,0.4527999082936895,27545,79.4
Heemstede,50PLUS,0.2579239983951396,27545,79.4
Heemstede,BIJ1,0.16048604344586462,27545,79.4
Heemstede,SGP,0.16048604344586462,27545,79.4
Heemstede,Splinter,0.1146328881756176,27545,79.4
Heemstede,PartijvdSport,0.05731644408780879,27545,79.4
Heemstede,Piratenpartij - De Groenen,0.05158479967902792,27545,79.4
Heemstede,LP (Libertaire Partij),0.04012151086146615,27545,79.4
Heemstede,LEF - Voor de Nieuwe Generatie,0.02292657763512351,27545,79.4
Heemstede,Nederland met een PLAN,0.02292657763512351,27545,79.4
Heemstede,Samen voor Nederland,0.02292657763512351,27545,79.4
Heerde,PVV,23.7556916313393,18776,93.5
Heerde,NSC,16.43900141309468,18776,93.5
Heerde,VVD,12.26252158894646,18776,93.5
Heerde,BBB,8.894645941278066,18776,93.5
Heerde,PvdA/GL,8.549222797927461,18776,93.5
Heerde,ChristenUnie,8.525671219971738,18776,93.5
Heerde,CDA,6.515936567750039,18776,93.5
Heerde,D66,3.642644057151829,18776,93.5
Heerde,SGP,3.477783011461768,18776,93.5
Heerde,FvD,2.080389386088868,18776,93.5
Heerde,SP,1.8605746585021197,18776,93.5
Heerde,PvdD,1.3659915214319358,18776,93.5
Heerde,JA21,0.659444182760245,18776,93.5
Heerde,Volt,0.659444182760245,18776,93.5
Heerde,BVNL,0.4082273512325325,18776,93.5
Heerde,DENK,0.3375726173653635,18776,93.5
Heerde,50PLUS,0.2276652535719893,18776,93.5
Heerde,BIJ1,0.09420631182289212,18776,93.5
Heerde,Splinter,0.06280420788192809,18776,93.5
Heerde,LEF - Voor de Nieuwe Generatie,0.05495368189668707,18776,93.5
Heerde,Piratenpartij - De Groenen,0.04710315591144606,18776,93.5
Heerde,Nederland met een PLAN,0.03925262992620505,18776,93.5
Heerde,LP (Libertaire Partij),0.03140210394096404,18776,93.5
Heerde,Samen voor Nederland,0.00785052598524101,18776,93.5
Heerenveen,PVV,22.59398841805313,50650,87.6
Heerenveen,PvdA/GL,16.71722278395686,50650,87.6
Heerenveen,NSC,14.753194227410606,50650,87.6
Heerenveen,VVD,14.005576492937465,50650,87.6
Heerenveen,BBB,7.494561387382419,50650,87.6
Heerenveen,D66,5.585684958789104,50650,87.6
Heerenveen,CDA,3.7534087079082026,50650,87.6
Heerenveen,SP,3.587952324049392,50650,87.6
Heerenveen,FvD,2.730030333670374,50650,87.6
Heerenveen,ChristenUnie,1.9854766063057268,50650,87.6
Heerenveen,PvdD,1.957900542329258,50650,87.6
Heerenveen,Volt,1.0295063884548212,50650,87.6
Heerenveen,DENK,0.9375861751999264,50650,87.6
Heerenveen,BVNL,0.7506817415816405,50650,87.6
Heerenveen,JA21,0.6342494714587738,50650,87.6
Heerenveen,SGP,0.4933051444679352,50650,87.6
Heerenveen,50PLUS,0.43202500229800533,50650,87.6
Heerenveen,BIJ1,0.1409443269908386,50650,87.6
Heerenveen,Splinter,0.10724024879737722,50650,87.6
Heerenveen,Piratenpartij - De Groenen,0.08885620614639826,50650,87.6
Heerenveen,LP (Libertaire Partij),0.05515212795293685,50650,87.6
Heerenveen,Nederland met een PLAN,0.05208812084444036,50650,87.6
Heerenveen,Samen voor Nederland,0.04289609951895089,50650,87.6
Heerenveen,LEF - Voor de Nieuwe Generatie,0.0367680853019579,50650,87.6
Heerenveen,Politieke Partij voor Basisinkomen,0.03370407819346141,50650,87.6
Heerlen,PVV,36.95512036810634,86936,70.5
Heerlen,PvdA/GL,15.253295396447864,86936,70.5
Heerlen,NSC,12.641429746371175,86936,70.5
Heerlen,VVD,9.851734945650966,86936,70.5
Heerlen,SP,5.923933580812235,86936,70.5
Heerlen,FvD,3.718852112832596,86936,70.5
Heerlen,D66,3.465445573165581,86936,70.5
Heerlen,CDA,2.2562073487896503,86936,70.5
Heerlen,BBB,2.102829706359615,86936,70.5
Heerlen,PvdD,2.0872696556783072,86936,70.5
Heerlen,DENK,1.8071887434147644,86936,70.5
Heerlen,Volt,0.8580256518549804,86936,70.5
Heerlen,50PLUS,0.7335452464045169,86936,70.5
Heerlen,BVNL,0.5446017738457777,86936,70.5
Heerlen,JA21,0.4845844355035899,86936,70.5
Heerlen,ChristenUnie,0.42234423277835814,86936,70.5
Heerlen,BIJ1,0.233400760219619,86936,70.5
Heerlen,SGP,0.1600462355791673,86936,70.5
Heerlen,Splinter,0.1378175917487274,86936,70.5
Heerlen,Piratenpartij - De Groenen,0.11781181230133148,86936,70.5
Heerlen,PartijvdSport,0.07113166025740769,86936,70.5
Heerlen,LEF - Voor de Nieuwe Generatie,0.0689087958743637,86936,70.5
Heerlen,Nederland met een PLAN,0.04890301642696779,86936,70.5
Heerlen,LP (Libertaire Partij),0.02889723697957187,86936,70.5
Heerlen,Samen voor Nederland,0.02667437259652788,86936,70.5
Heeze-Leende,PVV,22.75837234425639,16243,88.7
Heeze-Leende,VVD,21.9661505221462,16243,88.7
Heeze-Leende,NSC,13.926899531868925,16243,88.7
Heeze-Leende,PvdA/GL,11.92833993518185,16243,88.7
Heeze-Leende,D66,7.283039250990277,16243,88.7
Heeze-Leende,BBB,6.51782499099748,16243,88.7
Heeze-Leende,CDA,4.4922578321930136,16243,88.7
Heeze-Leende,SP,3.186892329852359,16243,88.7
Heeze-Leende,Volt,1.7644940583363342,16243,88.7
Heeze-Leende,PvdD,1.6564638098667626,16243,88.7
Heeze-Leende,FvD,1.4764133957508103,16243,88.7
Heeze-Leende,JA21,0.693194094346417,16243,88.7
Heeze-Leende,50PLUS,0.5401512423478574,16243,88.7
Heeze-Leende,ChristenUnie,0.49513863881886927,16243,88.7
Heeze-Leende,BVNL,0.4861361181130717,16243,88.7
Heeze-Leende,DENK,0.3601008282319049,16243,88.7
Heeze-Leende,Splinter,0.13503781058696435,16243,88.7
Heeze-Leende,SGP,0.07202016564638099,16243,88.7
Heeze-Leende,BIJ1,0.06301764494058336,16243,88.7
Heeze-Leende,Politieke Partij voor Basisinkomen,0.05401512423478574,16243,88.7
Heeze-Leende,Samen voor Nederland,0.04501260352898811,16243,88.7
Heeze-Leende,LEF - Voor de Nieuwe Generatie,0.02700756211739287,16243,88.7
Heeze-Leende,PartijvdSport,0.02700756211739287,16243,88.7
Heeze-Leende,Nederland met een PLAN,0.01800504141159524,16243,88.7
Heeze-Leende,Piratenpartij - De Groenen,0.01800504141159524,16243,88.7
Heeze-Leende,LP (Libertaire Partij),0.00900252070579762,16243,88.7
Heiloo,VVD,21.39359923572964,24144,87.1
Heiloo,PvdA/GL,20.265106281347027,24144,87.1
Heiloo,PVV,16.21686171483162,24144,87.1
Heiloo,NSC,11.768569381418676,24144,87.1
Heiloo,D66,9.822068306663482,24144,87.1
Heiloo,CDA,3.70193455935037,24144,87.1
Heiloo,PvdD,3.39742058753284,24144,87.1
Heiloo,BBB,2.8182469548602818,24144,87.1
Heiloo,SP,2.668975400047767,24144,87.1
Heiloo,Volt,2.227131597802723,24144,87.1
Heiloo,FvD,1.9166467637926916,24144,87.1
Heiloo,ChristenUnie,0.8777167422975877,24144,87.1
Heiloo,JA21,0.8299498447575829,24144,87.1
Heiloo,BVNL,0.6030570814425603,24144,87.1
Heiloo,50PLUS,0.4478146644375447,24144,87.1
Heiloo,DENK,0.2985431096250299,24144,87.1
Heiloo,SGP,0.1791258657750179,24144,87.1
Heiloo,Splinter,0.12538810604251252,24144,87.1
Heiloo,PartijvdSport,0.10150465727251014,24144,87.1
Heiloo,BIJ1,0.07762120850250777,24144,87.1
Heiloo,Samen voor Nederland,0.07165034631000718,24144,87.1
Heiloo,LEF - Voor de Nieuwe Generatie,0.04776689754000478,24144,87.1
Heiloo,LP (Libertaire Partij),0.04776689754000478,24144,87.1
Heiloo,Nederland met een PLAN,0.04776689754000478,24144,87.1
Heiloo,Piratenpartij - De Groenen,0.04776689754000478,24144,87.1
Den Helder,PVV,33.642506534072794,56582,79.09999999999998
Den Helder,VVD,16.567858736533438,56582,79.09999999999998
Den Helder,NSC,11.595588704022438,56582,79.09999999999998
Den Helder,PvdA/GL,9.319818958373176,56582,79.09999999999998
Den Helder,BBB,4.7109071205456745,56582,79.09999999999998
Den Helder,CDA,4.325237457767579,56582,79.09999999999998
Den Helder,D66,4.213680117294575,56582,79.09999999999998
Den Helder,FvD,3.445528144323325,56582,79.09999999999998
Den Helder,SP,3.4009052081341236,56582,79.09999999999998
Den Helder,ChristenUnie,1.73073245362402,56582,79.09999999999998
Den Helder,PvdD,1.711608338114362,56582,79.09999999999998
Den Helder,JA21,0.8542104927647096,56582,79.09999999999998
Den Helder,50PLUS,0.831899024670109,56582,79.09999999999998
Den Helder,Volt,0.8064002039905654,56582,79.09999999999998
Den Helder,BVNL,0.7872760884809078,56582,79.09999999999998
Den Helder,SGP,0.6693440428380187,56582,79.09999999999998
Den Helder,DENK,0.5545993497800726,56582,79.09999999999998
Den Helder,BIJ1,0.24223879645566393,56582,79.09999999999998
Den Helder,Piratenpartij - De Groenen,0.16892968700197616,56582,79.09999999999998
Den Helder,Splinter,0.13386880856760375,56582,79.09999999999998
Den Helder,Nederland met een PLAN,0.07968381462357367,56582,79.09999999999998
Den Helder,LEF - Voor de Nieuwe Generatie,0.06055969911391598,56582,79.09999999999998
Den Helder,Samen voor Nederland,0.05737234652897303,56582,79.09999999999998
Den Helder,PartijvdSport,0.04781028877414419,56582,79.09999999999998
Den Helder,LP (Libertaire Partij),0.0414355836042583,56582,79.09999999999998
Hellendoorn,NSC,28.525588952071484,35932,92.9
Hellendoorn,PVV,21.206336311941513,35932,92.9
Hellendoorn,BBB,11.35255889520715,35932,92.9
Hellendoorn,VVD,11.336311941510967,35932,92.9
Hellendoorn,PvdA/GL,7.510154346060113,35932,92.9
Hellendoorn,CDA,5.1543460601137285,35932,92.9
Hellendoorn,D66,3.683996750609261,35932,92.9
Hellendoorn,ChristenUnie,2.4411047928513403,35932,92.9
Hellendoorn,SP,2.303005686433794,35932,92.9
Hellendoorn,FvD,1.6896831844029243,35932,92.9
Hellendoorn,PvdD,1.007311129163282,35932,92.9
Hellendoorn,SGP,0.7757920389926889,35932,92.9
Hellendoorn,Volt,0.7717303005686434,35932,92.9
Hellendoorn,BVNL,0.6255077173030057,35932,92.9
Hellendoorn,JA21,0.5808285946385052,35932,92.9
Hellendoorn,DENK,0.35337124289195776,35932,92.9
Hellendoorn,50PLUS,0.3371242891957758,35932,92.9
Hellendoorn,BIJ1,0.12591389114541024,35932,92.9
Hellendoorn,Splinter,0.07311129163281885,35932,92.9
Hellendoorn,Nederland met een PLAN,0.03655564581640942,35932,92.9
Hellendoorn,PartijvdSport,0.02843216896831844,35932,92.9
Hellendoorn,Samen voor Nederland,0.02437043054427294,35932,92.9
Hellendoorn,LEF - Voor de Nieuwe Generatie,0.02030869212022745,35932,92.9
Hellendoorn,Piratenpartij - De Groenen,0.02030869212022745,35932,92.9
Hellendoorn,LP (Libertaire Partij),0.01624695369618196,35932,92.9
Helmond,PVV,34.02903996569118,92627,71.5
Helmond,VVD,16.537668225539647,92627,71.5
Helmond,NSC,12.835174709498236,92627,71.5
Helmond,PvdA/GL,10.831784671309247,92627,71.5
Helmond,D66,5.029918108113628,92627,71.5
Helmond,SP,4.666407989053853,92627,71.5
Helmond,DENK,3.414544489145751,92627,71.5
Helmond,FvD,2.5221067249372027,92627,71.5
Helmond,BBB,2.3444360487675375,92627,71.5
Helmond,CDA,2.295423448444871,92627,71.5
Helmond,PvdD,1.3437621255131007,92627,71.5
Helmond,Volt,1.2559478832683235,92627,71.5
Helmond,50PLUS,0.7392733882002165,92627,71.5
Helmond,JA21,0.6616701043559948,92627,71.5
Helmond,BVNL,0.41660710274266344,92627,71.5
Helmond,ChristenUnie,0.36963669410010824,92627,71.5
Helmond,BIJ1,0.2042191680111095,92627,71.5
Helmond,Splinter,0.13886903424755448,92627,71.5
Helmond,Piratenpartij - De Groenen,0.06943451712377724,92627,71.5
Helmond,PartijvdSport,0.05309698368288847,92627,71.5
Helmond,SGP,0.05309698368288847,92627,71.5
Helmond,Samen voor Nederland,0.05105479200277738,92627,71.5
Helmond,Nederland met een PLAN,0.04697040864255519,92627,71.5
Helmond,LEF - Voor de Nieuwe Generatie,0.0449282169624441,92627,71.5
Helmond,LP (Libertaire Partij),0.03267506688177753,92627,71.5
Helmond,Politieke Partij voor Basisinkomen,0.01225315008066657,92627,71.5
Hendrik-Ido-Ambacht,PVV,26.546286876907427,31258,84.7
Hendrik-Ido-Ambacht,VVD,17.31943031536114,31258,84.7
Hendrik-Ido-Ambacht,SGP,12.034587995930824,31258,84.7
Hendrik-Ido-Ambacht,NSC,11.897253306205494,31258,84.7
Hendrik-Ido-Ambacht,PvdA/GL,7.822990844354018,31258,84.7
Hendrik-Ido-Ambacht,D66,4.125127161749745,31258,84.7
Hendrik-Ido-Ambacht,CDA,4.109867751780265,31258,84.7
Hendrik-Ido-Ambacht,ChristenUnie,4.0590030518819935,31258,84.7
Hendrik-Ido-Ambacht,FvD,2.3245167853509665,31258,84.7
Hendrik-Ido-Ambacht,SP,1.98880976602238,31258,84.7
Hendrik-Ido-Ambacht,BBB,1.8921668362156665,31258,84.7
Hendrik-Ido-Ambacht,DENK,1.6327568667344865,31258,84.7
Hendrik-Ido-Ambacht,PvdD,1.1241098677517802,31258,84.7
Hendrik-Ido-Ambacht,JA21,0.8189216683621566,31258,84.7
Hendrik-Ido-Ambacht,Volt,0.768056968463886,31258,84.7
Hendrik-Ido-Ambacht,50PLUS,0.5493387589013226,31258,84.7
Hendrik-Ido-Ambacht,BVNL,0.48830111902339773,31258,84.7
Hendrik-Ido-Ambacht,BIJ1,0.1780264496439471,31258,84.7
Hendrik-Ido-Ambacht,Splinter,0.12207527975584943,31258,84.7
Hendrik-Ido-Ambacht,Nederland met een PLAN,0.05595116988809766,31258,84.7
Hendrik-Ido-Ambacht,Samen voor Nederland,0.04069175991861648,31258,84.7
Hendrik-Ido-Ambacht,Piratenpartij - De Groenen,0.03560528992878942,31258,84.7
Hendrik-Ido-Ambacht,LEF - Voor de Nieuwe Generatie,0.03051881993896236,31258,84.7
Hendrik-Ido-Ambacht,PartijvdSport,0.02543234994913529,31258,84.7
Hendrik-Ido-Ambacht,LP (Libertaire Partij),0.01017293997965412,31258,84.7
Hengelo,NSC,27.2216894429793,81049,76.2
Hengelo,PVV,21.66147206904819,81049,76.2
Hengelo,PvdA/GL,13.929513306161592,81049,76.2
Hengelo,VVD,10.842723567489813,81049,76.2
Hengelo,D66,5.02277631263486,81049,76.2
Hengelo,SP,3.7580915847518583,81049,76.2
Hengelo,BBB,3.6901622312794697,81049,76.2
Hengelo,FvD,2.7871014145288897,81049,76.2
Hengelo,CDA,2.193718532725965,81049,76.2
Hengelo,DENK,1.8640613761687843,81049,76.2
Hengelo,PvdD,1.8121153999840167,81049,76.2
Hengelo,Volt,1.6662670822344765,81049,76.2
Hengelo,ChristenUnie,1.3006473267801486,81049,76.2
Hengelo,JA21,0.5734036601933988,81049,76.2
Hengelo,BVNL,0.4375449532486214,81049,76.2
Hengelo,50PLUS,0.337648845200991,81049,76.2
Hengelo,SGP,0.2617278030847918,81049,76.2
Hengelo,BIJ1,0.22576520418764487,81049,76.2
Hengelo,Splinter,0.11188364101334612,81049,76.2
Hengelo,Piratenpartij - De Groenen,0.07991688643810436,81049,76.2
Hengelo,Samen voor Nederland,0.06193558698953089,81049,76.2
Hengelo,LEF - Voor de Nieuwe Generatie,0.04795013186286262,81049,76.2
Hengelo,Nederland met een PLAN,0.0419563653800048,81049,76.2
Hengelo,LP (Libertaire Partij),0.03796052105809958,81049,76.2
Hengelo,PartijvdSport,0.03196675457524175,81049,76.2
's-Hertogenbosch,PVV,23.54095144678764,155490,78.8
's-Hertogenbosch,PvdA/GL,18.40597706426805,155490,78.8
's-Hertogenbosch,VVD,17.56910458818987,155490,78.8
's-Hertogenbosch,NSC,10.896037899262256,155490,78.8
's-Hertogenbosch,D66,8.832030720106852,155490,78.8
's-Hertogenbosch,SP,4.2292321016768755,155490,78.8
's-Hertogenbosch,CDA,2.5878350881220458,155490,78.8
's-Hertogenbosch,PvdD,2.4584433337159437,155490,78.8
's-Hertogenbosch,Volt,2.394790938403264,155490,78.8
's-Hertogenbosch,DENK,2.172529295754072,155490,78.8
's-Hertogenbosch,BBB,2.00244174762347,155490,78.8
's-Hertogenbosch,FvD,1.951311134995252,155490,78.8
's-Hertogenbosch,JA21,0.6229586885519601,155490,78.8
's-Hertogenbosch,50PLUS,0.5238279089666399,155490,78.8
's-Hertogenbosch,ChristenUnie,0.44869721285987085,155490,78.8
's-Hertogenbosch,BVNL,0.4299145388331786,155490,78.8
's-Hertogenbosch,BIJ1,0.3506099151649223,155490,78.8
's-Hertogenbosch,Splinter,0.12521782684461513,155490,78.8
's-Hertogenbosch,SGP,0.11791345361201255,155490,78.8
's-Hertogenbosch,Piratenpartij - De Groenen,0.09286988824308956,155490,78.8
's-Hertogenbosch,LEF - Voor de Nieuwe Generatie,0.07930462366825623,155490,78.8
's-Hertogenbosch,Samen voor Nederland,0.0427827575052435,155490,78.8
's-Hertogenbosch,LP (Libertaire Partij),0.03860882994375633,155490,78.8
's-Hertogenbosch,PartijvdSport,0.03860882994375633,155490,78.8
's-Hertogenbosch,Nederland met een PLAN,0.03443490238226916,155490,78.8
's-Hertogenbosch,Politieke Partij voor Basisinkomen,0.0135652645748333,155490,78.8
Heumen,PvdA/GL,20.148004581094177,16569,85.9
Heumen,PVV,19.99823804070126,16569,85.9
Heumen,VVD,17.857457492731918,16569,85.9
Heumen,NSC,13.117786979120783,16569,85.9
Heumen,D66,8.686459342789181,16569,85.9
Heumen,CDA,4.131794555545767,16569,85.9
Heumen,BBB,4.008457404633953,16569,85.9
Heumen,SP,3.752973306316624,16569,85.9
Heumen,PvdD,2.237688309400053,16569,85.9
Heumen,Volt,2.12316095498194,16569,85.9
Heumen,FvD,1.2245617126244384,16569,85.9
Heumen,ChristenUnie,0.5990661615716677,16569,85.9
Heumen,JA21,0.5021584001409568,16569,85.9
Heumen,50PLUS,0.40525063871024575,16569,85.9
Heumen,DENK,0.40525063871024575,16569,85.9
Heumen,BVNL,0.29953308078583385,16569,85.9
Heumen,BIJ1,0.12333715091181394,16569,85.9
Heumen,Splinter,0.09690776143071096,16569,85.9
Heumen,PartijvdSport,0.06166857545590697,16569,85.9
Heumen,Piratenpartij - De Groenen,0.05285877896220598,16569,85.9
Heumen,SGP,0.05285877896220598,16569,85.9
Heumen,Nederland met een PLAN,0.03523918597480398,16569,85.9
Heumen,LEF - Voor de Nieuwe Generatie,0.02642938948110299,16569,85.9
Heumen,LP (Libertaire Partij),0.02642938948110299,16569,85.9
Heumen,Samen voor Nederland,0.02642938948110299,16569,85.9
Heusden,PVV,29.22181611724211,45005,85.2
Heusden,VVD,19.54153507682481,45005,85.2
Heusden,NSC,13.342322841630883,45005,85.2
Heusden,PvdA/GL,9.708668961356942,45005,85.2
Heusden,D66,6.3092154288350315,45005,85.2
Heusden,BBB,4.439161136936233,45005,85.2
Heusden,SP,4.151733437422377,45005,85.2
Heusden,CDA,4.006245342606721,45005,85.2
Heusden,FvD,1.912636173308257,45005,85.2
Heusden,DENK,1.543593201092935,45005,85.2
Heusden,PvdD,1.3519747347503637,45005,85.2
Heusden,Volt,1.0290621340619568,45005,85.2
Heusden,JA21,0.8906710194812107,45005,85.2
Heusden,50PLUS,0.7274404740782797,45005,85.2
Heusden,ChristenUnie,0.6316312409069941,45005,85.2
Heusden,BVNL,0.5038855966786132,45005,85.2
Heusden,SGP,0.17032752563784112,45005,85.2
Heusden,BIJ1,0.12774564422838083,45005,85.2
Heusden,Splinter,0.10645470352365068,45005,85.2
Heusden,Piratenpartij - De Groenen,0.08871225293637557,45005,85.2
Heusden,LP (Libertaire Partij),0.04258188140946028,45005,85.2
Heusden,PartijvdSport,0.04258188140946028,45005,85.2
Heusden,Nederland met een PLAN,0.03903339129200525,45005,85.2
Heusden,Politieke Partij voor Basisinkomen,0.03548490117455023,45005,85.2
Heusden,LEF - Voor de Nieuwe Generatie,0.02129094070473014,45005,85.2
Heusden,Samen voor Nederland,0.01419396046982009,45005,85.2
Hillegom,PVV,27.08348339696031,22197,80.9
Hillegom,VVD,20.341424764099976,22197,80.9
Hillegom,NSC,12.504501908809337,22197,80.9
Hillegom,PvdA/GL,12.24519196139163,22197,80.9
Hillegom,D66,6.144205142980623,22197,80.9
Hillegom,BBB,3.327810991860549,22197,80.9
Hillegom,CDA,3.284592667290932,22197,80.9
Hillegom,SP,2.794784988835266,22197,80.9
Hillegom,FvD,2.636317798746669,22197,80.9
Hillegom,PvdD,2.369804797234027,22197,80.9
Hillegom,Volt,1.4694230353669957,22197,80.9
Hillegom,JA21,1.0948642224303105,22197,80.9
Hillegom,ChristenUnie,0.9003817618670316,22197,80.9
Hillegom,DENK,0.885975653677159,22197,80.9
Hillegom,BVNL,0.821148166822733,22197,80.9
Hillegom,50PLUS,0.7923359504429878,22197,80.9
Hillegom,SGP,0.482604624360729,22197,80.9
Hillegom,BIJ1,0.2809191097025139,22197,80.9
Hillegom,Splinter,0.16567024418353382,22197,80.9
Hillegom,Piratenpartij - De Groenen,0.10084275732910752,22197,80.9
Hillegom,LP (Libertaire Partij),0.05762443275949003,22197,80.9
Hillegom,LEF - Voor de Nieuwe Generatie,0.05042137866455376,22197,80.9
Hillegom,PartijvdSport,0.05042137866455376,22197,80.9
Hillegom,Samen voor Nederland,0.05042137866455376,22197,80.9
Hillegom,Nederland met een PLAN,0.03601527047468126,22197,80.9
Hillegom,Politieke Partij voor Basisinkomen,0.02881221637974501,22197,80.9
Hilvarenbeek,PVV,21.442316503253,15698,91.5
Hilvarenbeek,VVD,20.700082470448088,15698,91.5
Hilvarenbeek,NSC,14.826353889856131,15698,91.5
Hilvarenbeek,PvdA/GL,12.856226518830752,15698,91.5
Hilvarenbeek,BBB,8.485292770090718,15698,91.5
Hilvarenbeek,D66,7.046641620086136,15698,91.5
Hilvarenbeek,CDA,4.691652157976725,15698,91.5
Hilvarenbeek,SP,3.262164391093192,15698,91.5
Hilvarenbeek,PvdD,1.5211215980940165,15698,91.5
Hilvarenbeek,FvD,1.301200403188857,15698,91.5
Hilvarenbeek,Volt,1.2095665719783746,15698,91.5
Hilvarenbeek,JA21,0.723907266562815,15698,91.5
Hilvarenbeek,50PLUS,0.5223128378997526,15698,91.5
Hilvarenbeek,BVNL,0.3940254742050765,15698,91.5
Hilvarenbeek,ChristenUnie,0.3207184092366902,15698,91.5
Hilvarenbeek,DENK,0.19243104554201412,15698,91.5
Hilvarenbeek,Splinter,0.14661412993677267,15698,91.5
Hilvarenbeek,PartijvdSport,0.1099605974525795,15698,91.5
Hilvarenbeek,SGP,0.07330706496838633,15698,91.5
Hilvarenbeek,BIJ1,0.06414368184733803,15698,91.5
Hilvarenbeek,Samen voor Nederland,0.04581691560524145,15698,91.5
Hilvarenbeek,LP (Libertaire Partij),0.01832676624209658,15698,91.5
Hilvarenbeek,Politieke Partij voor Basisinkomen,0.01832676624209658,15698,91.5
Hilvarenbeek,LEF - Voor de Nieuwe Generatie,0.00916338312104829,15698,91.5
Hilvarenbeek,Nederland met een PLAN,0.00916338312104829,15698,91.5
Hilvarenbeek,Piratenpartij - De Groenen,0.00916338312104829,15698,91.5
Hilversum,PvdA/GL,21.538821784689834,91235,70.2
Hilversum,PVV,17.573711631900405,91235,70.2
Hilversum,VVD,17.35906492087342,91235,70.2
Hilversum,NSC,10.162546100259528,91235,70.2
Hilversum,D66,10.010342068804029,91235,70.2
Hilversum,PvdD,3.5084980584229317,91235,70.2
Hilversum,SP,2.9855406170117273,91235,70.2
Hilversum,Volt,2.811871914453529,91235,70.2
Hilversum,DENK,2.6343005444221124,91235,70.2
Hilversum,CDA,2.3923351610826,91235,70.2
Hilversum,FvD,2.2752551368860616,91235,70.2
Hilversum,BBB,2.0001170800241965,91235,70.2
Hilversum,ChristenUnie,1.5532616543407418,91235,70.2
Hilversum,JA21,0.6068647920853903,91235,70.2
Hilversum,50PLUS,0.5092981052549418,91235,70.2
Hilversum,BVNL,0.5053954377817238,91235,70.2
Hilversum,BIJ1,0.48978476788885206,91235,70.2
Hilversum,SGP,0.45075809315667265,91235,70.2
Hilversum,Splinter,0.17952270376802543,91235,70.2
Hilversum,Piratenpartij - De Groenen,0.14635003024567292,91235,70.2
Hilversum,Nederland met een PLAN,0.08585868441079478,91235,70.2
Hilversum,LP (Libertaire Partij),0.06439401330809608,91235,70.2
Hilversum,PartijvdSport,0.06049134583487813,91235,70.2
Hilversum,LEF - Voor de Nieuwe Generatie,0.05463734462505121,91235,70.2
Hilversum,Samen voor Nederland,0.04097800846878841,91235,70.2
Hoeksche Waard,PVV,27.573857015559668,88047,90.2
Hoeksche Waard,VVD,16.53129069847145,88047,90.2
Hoeksche Waard,NSC,12.781890465419153,88047,90.2
Hoeksche Waard,PvdA/GL,9.011926794159985,88047,90.2
Hoeksche Waard,SGP,8.372746589896497,88047,90.2
Hoeksche Waard,BBB,4.2240729316608405,88047,90.2
Hoeksche Waard,D66,4.176091575844815,88047,90.2
Hoeksche Waard,CDA,4.15038727808623,88047,90.2
Hoeksche Waard,ChristenUnie,2.9474261429844404,88047,90.2
Hoeksche Waard,SP,2.5464390979505107,88047,90.2
Hoeksche Waard,FvD,2.3219548975255333,88047,90.2
Hoeksche Waard,PvdD,1.61937075879087,88047,90.2
Hoeksche Waard,JA21,1.151552539584619,88047,90.2
Hoeksche Waard,Volt,0.8328192473781616,88047,90.2
Hoeksche Waard,BVNL,0.5140859551717047,88047,90.2
Hoeksche Waard,50PLUS,0.436973061895949,88047,90.2
Hoeksche Waard,DENK,0.33072863116046336,88047,90.2
Hoeksche Waard,BIJ1,0.11995338954006445,88047,90.2
Hoeksche Waard,Splinter,0.11309891013777504,88047,90.2
Hoeksche Waard,Piratenpartij - De Groenen,0.07882651312632806,88047,90.2
Hoeksche Waard,PartijvdSport,0.05140859551717047,88047,90.2
Hoeksche Waard,Samen voor Nederland,0.03941325656316403,88047,90.2
Hoeksche Waard,LP (Libertaire Partij),0.02570429775858523,88047,90.2
Hoeksche Waard,Nederland met een PLAN,0.02570429775858523,88047,90.2
Hoeksche Waard,LEF - Voor de Nieuwe Generatie,0.02227705805744053,88047,90.2
Hof van Twente,NSC,25.781153767193594,35040,90.5
Hof van Twente,PVV,21.18661465818107,35040,90.5
Hof van Twente,VVD,14.288647095052353,35040,90.5
Hof van Twente,BBB,13.775405460890989,35040,90.5
Hof van Twente,PvdA/GL,8.93040443440772,35040,90.5
Hof van Twente,D66,3.793882159720797,35040,90.5
Hof van Twente,CDA,3.469513446930815,35040,90.5
Hof van Twente,SP,1.9215766783001436,35040,90.5
Hof van Twente,FvD,1.76965715458838,35040,90.5
Hof van Twente,Volt,1.0141654691028537,35040,90.5
Hof van Twente,PvdD,0.8868815438308355,35040,90.5
Hof van Twente,ChristenUnie,0.7185382878259085,35040,90.5
Hof van Twente,BVNL,0.5748306302607267,35040,90.5
Hof van Twente,JA21,0.5050297680147814,35040,90.5
Hof van Twente,SGP,0.4475467049887087,35040,90.5
Hof van Twente,DENK,0.3572161773763088,35040,90.5
Hof van Twente,50PLUS,0.2997331143502361,35040,90.5
Hof van Twente,BIJ1,0.05337712995278177,35040,90.5
Hof van Twente,Piratenpartij - De Groenen,0.05337712995278177,35040,90.5
Hof van Twente,Nederland met een PLAN,0.04105933073290905,35040,90.5
Hof van Twente,PartijvdSport,0.03284746458632724,35040,90.5
Hof van Twente,Splinter,0.03284746458632724,35040,90.5
Hof van Twente,LEF - Voor de Nieuwe Generatie,0.02874153151303634,35040,90.5
Hof van Twente,Samen voor Nederland,0.02874153151303634,35040,90.5
Hof van Twente,LP (Libertaire Partij),0.00821186614658181,35040,90.5
Het Hogeland,PVV,20.487525458248474,47834,92
Het Hogeland,PvdA/GL,17.337067209775967,47834,92
Het Hogeland,NSC,16.382382892057027,47834,92
Het Hogeland,BBB,9.158604887983708,47834,92
Het Hogeland,VVD,8.458503054989816,47834,92
Het Hogeland,ChristenUnie,5.893584521384929,47834,92
Het Hogeland,CDA,4.827520366598778,47834,92
Het Hogeland,SP,4.662041751527495,47834,92
Het Hogeland,D66,3.9332993890020367,47834,92
Het Hogeland,PvdD,2.3548879837067207,47834,92
Het Hogeland,FvD,2.0621181262729125,47834,92
Het Hogeland,SGP,1.5561354378818737,47834,92
Het Hogeland,Volt,0.8273930753564154,47834,92
Het Hogeland,BVNL,0.5568991853360489,47834,92
Het Hogeland,JA21,0.45506619144602856,47834,92
Het Hogeland,50PLUS,0.36278004073319753,47834,92
Het Hogeland,DENK,0.22912423625254583,47834,92
Het Hogeland,BIJ1,0.1050152749490835,47834,92
Het Hogeland,Splinter,0.08592158859470468,47834,92
Het Hogeland,Piratenpartij - De Groenen,0.07955702647657842,47834,92
Het Hogeland,Samen voor Nederland,0.07955702647657842,47834,92
Het Hogeland,LEF - Voor de Nieuwe Generatie,0.05728105906313646,47834,92
Het Hogeland,Nederland met een PLAN,0.02864052953156823,47834,92
Het Hogeland,LP (Libertaire Partij),0.01909368635437881,47834,92
Hollands Kroon,PVV,28.216719077568136,48583,87.5
Hollands Kroon,VVD,17.518343815513624,48583,87.5
Hollands Kroon,BBB,12.198637316561843,48583,87.5
Hollands Kroon,NSC,12.14622641509434,48583,87.5
Hollands Kroon,PvdA/GL,9.0146750524109,48583,87.5
Hollands Kroon,D66,4.22562893081761,48583,87.5
Hollands Kroon,CDA,3.609800838574424,48583,87.5
Hollands Kroon,SP,3.085691823899371,48583,87.5
Hollands Kroon,FvD,2.9219077568134173,48583,87.5
Hollands Kroon,PvdD,1.264412997903564,48583,87.5
Hollands Kroon,ChristenUnie,0.9859800838574424,48583,87.5
Hollands Kroon,BVNL,0.9532232704402516,48583,87.5
Hollands Kroon,JA21,0.9204664570230608,48583,87.5
Hollands Kroon,Volt,0.9204664570230608,48583,87.5
Hollands Kroon,50PLUS,0.8058176100628931,48583,87.5
Hollands Kroon,SGP,0.4454926624737945,48583,87.5
Hollands Kroon,DENK,0.19981656184486377,48583,87.5
Hollands Kroon,BIJ1,0.15068134171907757,48583,87.5
Hollands Kroon,Piratenpartij - De Groenen,0.09499475890985325,48583,87.5
Hollands Kroon,Splinter,0.08516771488469602,48583,87.5
Hollands Kroon,Samen voor Nederland,0.06223794549266247,48583,87.5
Hollands Kroon,Nederland met een PLAN,0.05241090146750524,48583,87.5
Hollands Kroon,PartijvdSport,0.04913522012578616,48583,87.5
Hollands Kroon,LEF - Voor de Nieuwe Generatie,0.03603249475890985,48583,87.5
Hollands Kroon,LP (Libertaire Partij),0.03603249475890985,48583,87.5
Hoogeveen,PVV,31.904955320877335,55603,88.70000000000002
Hoogeveen,NSC,16.452941859115704,55603,88.70000000000002
Hoogeveen,VVD,9.52767784611814,55603,88.70000000000002
Hoogeveen,PvdA/GL,8.46872461413485,55603,88.70000000000002
Hoogeveen,BBB,8.207612858303353,55603,88.70000000000002
Hoogeveen,CDA,5.31217361030521,55603,88.70000000000002
Hoogeveen,ChristenUnie,4.0211210398050365,55603,88.70000000000002
Hoogeveen,FvD,3.3161192990599977,55603,88.70000000000002
Hoogeveen,SP,3.298711848671231,55603,88.70000000000002
Hoogeveen,D66,2.735870952767785,55603,88.70000000000002
Hoogeveen,SGP,2.0714865962632008,55603,88.70000000000002
Hoogeveen,PvdD,1.0937681327608215,55603,88.70000000000002
Hoogeveen,JA21,0.7833352674944876,55603,88.70000000000002
Hoogeveen,BVNL,0.7485203667169549,55603,88.70000000000002
Hoogeveen,Volt,0.577347104560752,55603,88.70000000000002
Hoogeveen,DENK,0.5599396541719857,55603,88.70000000000002
Hoogeveen,50PLUS,0.4206800510618545,55603,88.70000000000002
Hoogeveen,Samen voor Nederland,0.13925960311013114,55603,88.70000000000002
Hoogeveen,BIJ1,0.11604966925844262,55603,88.70000000000002
Hoogeveen,Splinter,0.09574097713821517,55603,88.70000000000002
Hoogeveen,Piratenpartij - De Groenen,0.08123476848090982,55603,88.70000000000002
Hoogeveen,LP (Libertaire Partij),0.03481490077753278,55603,88.70000000000002
Hoogeveen,LEF - Voor de Nieuwe Generatie,0.03191365904607172,55603,88.70000000000002
Hoorn,PVV,23.586284959675517,73619,75.3
Hoorn,VVD,17.13908409187379,73619,75.3
Hoorn,PvdA/GL,16.698108758194596,73619,75.3
Hoorn,NSC,12.198745460548036,73619,75.3
Hoorn,D66,7.098052162429845,73619,75.3
Hoorn,SP,3.6834410224968166,73619,75.3
Hoorn,BBB,3.261330943734378,73619,75.3
Hoorn,FvD,3.063245767108428,73619,75.3
Hoorn,PvdD,2.596330707918691,73619,75.3
Hoorn,CDA,2.518511531387068,73619,75.3
Hoorn,DENK,2.042163844738952,73619,75.3
Hoorn,Volt,1.629486393434891,73619,75.3
Hoorn,JA21,0.8465783143894732,73619,75.3
Hoorn,ChristenUnie,0.8442201575248786,73619,75.3
Hoorn,50PLUS,0.7381030986181201,73619,75.3
Hoorn,BVNL,0.6673583926802811,73619,75.3
Hoorn,BIJ1,0.4056029807102768,73619,75.3
Hoorn,SGP,0.22638305900108477,73619,75.3
Hoorn,Splinter,0.20751780408432768,73619,75.3
Hoorn,Piratenpartij - De Groenen,0.16978729425081357,73619,75.3
Hoorn,PartijvdSport,0.09668443144837996,73619,75.3
Hoorn,Samen voor Nederland,0.08253549026081215,73619,75.3
Hoorn,Nederland met een PLAN,0.08017733339621752,73619,75.3
Hoorn,LEF - Voor de Nieuwe Generatie,0.06367023534405508,73619,75.3
Hoorn,LP (Libertaire Partij),0.05659576475027119,73619,75.3
Horst aan de Maas,PVV,29.006070357639143,42487,87.7
Horst aan de Maas,VVD,16.1339866890953,42487,87.7
Horst aan de Maas,NSC,15.63299934176845,42487,87.7
Horst aan de Maas,PvdA/GL,10.553645871425436,42487,87.7
Horst aan de Maas,BBB,7.803700724054706,42487,87.7
Horst aan de Maas,D66,5.463321875228552,42487,87.7
Horst aan de Maas,CDA,4.867256637168142,42487,87.7
Horst aan de Maas,SP,3.631244057631829,42487,87.7
Horst aan de Maas,FvD,1.5834125649089446,42487,87.7
Horst aan de Maas,PvdD,1.3969136253931105,42487,87.7
Horst aan de Maas,Volt,0.97271995904337,42487,87.7
Horst aan de Maas,BVNL,0.7825641775762452,42487,87.7
Horst aan de Maas,JA21,0.6362904995246105,42487,87.7
Horst aan de Maas,50PLUS,0.4900168214729759,42487,87.7
Horst aan de Maas,DENK,0.29986104000585095,42487,87.7
Horst aan de Maas,ChristenUnie,0.2486652526877788,42487,87.7
Horst aan de Maas,BIJ1,0.13164631024647117,42487,87.7
Horst aan de Maas,Splinter,0.09873473268485336,42487,87.7
Horst aan de Maas,SGP,0.08410736487968991,42487,87.7
Horst aan de Maas,Piratenpartij - De Groenen,0.04388210341549038,42487,87.7
Horst aan de Maas,PartijvdSport,0.03656841951290865,42487,87.7
Horst aan de Maas,LP (Libertaire Partij),0.03291157756161779,42487,87.7
Horst aan de Maas,Nederland met een PLAN,0.02559789365903606,42487,87.7
Horst aan de Maas,LEF - Voor de Nieuwe Generatie,0.02194105170774519,42487,87.7
Horst aan de Maas,Samen voor Nederland,0.02194105170774519,42487,87.7
Houten,VVD,19.16202844774273,50223,83.6
Houten,PvdA/GL,19.03834260977118,50223,83.6
Houten,PVV,18.039579468150897,50223,83.6
Houten,NSC,11.827458256029685,50223,83.6
Houten,D66,8.790970933828076,50223,83.6
Houten,ChristenUnie,3.7476808905380334,50223,83.6
Houten,CDA,3.429189857761286,50223,83.6
Houten,BBB,2.66852195423624,50223,83.6
Houten,SP,2.3098330241187384,50223,83.6
Houten,Volt,2.2418058132343845,50223,83.6
Houten,PvdD,2.0841063698206557,50223,83.6
Houten,SGP,2.0562770562770565,50223,83.6
Houten,FvD,1.518243661100804,50223,83.6
Houten,DENK,0.9709338280766852,50223,83.6
Houten,JA21,0.6833642547928261,50223,83.6
Houten,BVNL,0.4050711193568336,50223,83.6
Houten,50PLUS,0.3927025355596784,50223,83.6
Houten,BIJ1,0.27829313543599254,50223,83.6
Houten,Splinter,0.1329622758194187,50223,83.6
Houten,Piratenpartij - De Groenen,0.0494743351886209,50223,83.6
Houten,LP (Libertaire Partij),0.04329004329004329,50223,83.6
Houten,Nederland met een PLAN,0.03401360544217687,50223,83.6
Houten,Samen voor Nederland,0.03401360544217687,50223,83.6
Houten,PartijvdSport,0.02782931354359926,50223,83.6
Houten,LEF - Voor de Nieuwe Generatie,0.01855287569573284,50223,83.6
Houten,Politieke Partij voor Basisinkomen,0.01546072974644403,50223,83.6
Huizen,PVV,21.471844660194176,41090,78.5
Huizen,VVD,21.106796116504857,41090,78.5
Huizen,NSC,12.842718446601944,41090,78.5
Huizen,PvdA/GL,12.26019417475728,41090,78.5
Huizen,D66,6.998058252427184,41090,78.5
Huizen,CDA,4.18252427184466,41090,78.5
Huizen,ChristenUnie,3.4640776699029123,41090,78.5
Huizen,BBB,2.61747572815534,41090,78.5
Huizen,FvD,2.5398058252427185,41090,78.5
Huizen,SP,2.500970873786408,41090,78.5
Huizen,PvdD,2.066019417475728,41090,78.5
Huizen,DENK,2.0621359223300972,41090,78.5
Huizen,SGP,1.7359223300970874,41090,78.5
Huizen,Volt,1.5339805825242718,41090,78.5
Huizen,JA21,0.7611650485436893,41090,78.5
Huizen,50PLUS,0.6291262135922331,41090,78.5
Huizen,BVNL,0.6058252427184466,41090,78.5
Huizen,BIJ1,0.1825242718446602,41090,78.5
Huizen,Splinter,0.13592233009708737,41090,78.5
Huizen,Nederland met een PLAN,0.06601941747572816,41090,78.5
Huizen,PartijvdSport,0.06213592233009708,41090,78.5
Huizen,LEF - Voor de Nieuwe Generatie,0.05048543689320388,41090,78.5
Huizen,Samen voor Nederland,0.04660194174757282,41090,78.5
Huizen,Piratenpartij - De Groenen,0.04271844660194175,41090,78.5
Huizen,LP (Libertaire Partij),0.03495145631067961,41090,78.5
Hulst,PVV,29.000736229168066,27575,70.7
Hulst,VVD,16.772639046917877,27575,70.7
Hulst,NSC,14.249380898199584,27575,70.7
Hulst,PvdA/GL,10.052874640251655,27575,70.7
Hulst,BBB,8.8414430091694,27575,70.7
Hulst,CDA,5.287464025165652,27575,70.7
Hulst,D66,4.203199250384848,27575,70.7
Hulst,SP,3.667759855431364,27575,70.7
Hulst,FvD,2.6638109898935816,27575,70.7
Hulst,PvdD,1.3051335251991163,27575,70.7
Hulst,JA21,0.7964660999933071,27575,70.7
Hulst,BVNL,0.6626062512549361,27575,70.7
Hulst,50PLUS,0.5822903420119135,27575,70.7
Hulst,ChristenUnie,0.5220534100796467,27575,70.7
Hulst,Volt,0.4885884478950539,27575,70.7
Hulst,DENK,0.32795662940900877,27575,70.7
Hulst,SGP,0.16732481092296367,27575,70.7
Hulst,BIJ1,0.1137808714276153,27575,70.7
Hulst,Piratenpartij - De Groenen,0.08031590924302257,27575,70.7
Hulst,Splinter,0.073622916806104,27575,70.7
Hulst,Samen voor Nederland,0.06692992436918546,27575,70.7
Hulst,LP (Libertaire Partij),0.04015795462151128,27575,70.7
Hulst,LEF - Voor de Nieuwe Generatie,0.03346496218459273,27575,70.7
IJsselstein,PVV,24.21339298740456,33819,79.1
IJsselstein,VVD,21.417108398579973,33819,79.1
IJsselstein,PvdA/GL,13.475660166318145,33819,79.1
IJsselstein,NSC,12.537081165199632,33819,79.1
IJsselstein,D66,6.95910129844867,33819,79.1
IJsselstein,CDA,3.4382142683460586,33819,79.1
IJsselstein,SP,2.7816952779263726,33819,79.1
IJsselstein,BBB,2.7379273452317268,33819,79.1
IJsselstein,DENK,2.5579925108204056,33819,79.1
IJsselstein,FvD,2.047366629382872,33819,79.1
IJsselstein,PvdD,1.7118124787239215,33819,79.1
IJsselstein,ChristenUnie,1.565919369741769,33819,79.1
IJsselstein,Volt,1.2789962554102028,33819,79.1
IJsselstein,JA21,0.9191265865875604,33819,79.1
IJsselstein,SGP,0.6856976122161162,33819,79.1
IJsselstein,50PLUS,0.5932986431940864,33819,79.1
IJsselstein,BVNL,0.4571317414774109,33819,79.1
IJsselstein,BIJ1,0.25288138890239753,33819,79.1
IJsselstein,Splinter,0.10212517628750668,33819,79.1
IJsselstein,Nederland met een PLAN,0.0680834508583378,33819,79.1
IJsselstein,LEF - Voor de Nieuwe Generatie,0.04376793269464572,33819,79.1
IJsselstein,PartijvdSport,0.03890482906190731,33819,79.1
IJsselstein,Piratenpartij - De Groenen,0.03890482906190731,33819,79.1
IJsselstein,Samen voor Nederland,0.03890482906190731,33819,79.1
IJsselstein,LP (Libertaire Partij),0.02431551816369206,33819,79.1
IJsselstein,Politieke Partij voor Basisinkomen,0.01458931089821524,33819,79.1
Kaag en Braassem,PVV,26.36465503441652,27541,87.40000000000002
Kaag en Braassem,VVD,21.877167707166105,27541,87.40000000000002
Kaag en Braassem,NSC,12.043114028066803,27541,87.40000000000002
Kaag en Braassem,PvdA/GL,9.711328104156662,27541,87.40000000000002
Kaag en Braassem,BBB,6.904647564164132,27541,87.40000000000002
Kaag en Braassem,D66,6.413745264393575,27541,87.40000000000002
Kaag en Braassem,CDA,4.695587215196627,27541,87.40000000000002
Kaag en Braassem,FvD,2.2464116109065686,27541,87.40000000000002
Kaag en Braassem,SP,2.1290219305266525,27541,87.40000000000002
Kaag en Braassem,PvdD,1.7021503655087775,27541,87.40000000000002
Kaag en Braassem,Volt,1.3233018515554134,27541,87.40000000000002
Kaag en Braassem,JA21,0.955125126727496,27541,87.40000000000002
Kaag en Braassem,BVNL,0.7363534496558348,27541,87.40000000000002
Kaag en Braassem,ChristenUnie,0.7203457659676645,27541,87.40000000000002
Kaag en Braassem,50PLUS,0.6723227149031535,27541,87.40000000000002
Kaag en Braassem,DENK,0.5602689290859613,27541,87.40000000000002
Kaag en Braassem,SGP,0.33082546288885334,27541,87.40000000000002
Kaag en Braassem,BIJ1,0.15474094231897978,27541,87.40000000000002
Kaag en Braassem,Splinter,0.12806146950536257,27541,87.40000000000002
Kaag en Braassem,PartijvdSport,0.09604610212902193,27541,87.40000000000002
Kaag en Braassem,Samen voor Nederland,0.06936662931540473,27541,87.40000000000002
Kaag en Braassem,Piratenpartij - De Groenen,0.05869484018995785,27541,87.40000000000002
Kaag en Braassem,LP (Libertaire Partij),0.04268715650178752,27541,87.40000000000002
Kaag en Braassem,Politieke Partij voor Basisinkomen,0.0266794728136172,27541,87.40000000000002
Kaag en Braassem,Nederland met een PLAN,0.02134357825089376,27541,87.40000000000002
Kaag en Braassem,LEF - Voor de Nieuwe Generatie,0.01600768368817032,27541,87.40000000000002
Kampen,PVV,24.423924093527617,54474,89.7
Kampen,NSC,14.723822433073536,54474,89.7
Kampen,SGP,10.386309725516774,54474,89.7
Kampen,VVD,8.940472156331188,54474,89.7
Kampen,ChristenUnie,8.759742460182988,54474,89.7
Kampen,PvdA/GL,8.737151248164464,54474,89.7
Kampen,BBB,6.2916525471591545,54474,89.7
Kampen,CDA,5.6958093301705635,54474,89.7
Kampen,D66,2.8295493053202305,54474,89.7
Kampen,FvD,2.338190443917316,54474,89.7
Kampen,SP,2.2139387778154296,54474,89.7
Kampen,PvdD,1.1577996159493955,54474,89.7
Kampen,DENK,1.0448435558567717,54474,89.7
Kampen,Volt,0.7229187845927935,54474,89.7
Kampen,JA21,0.6071388229978538,54474,89.7
Kampen,BVNL,0.4264091268496555,54474,89.7
Kampen,50PLUS,0.2343838246921947,54474,89.7
Kampen,BIJ1,0.13837117361346435,54474,89.7
Kampen,Splinter,0.08189314356715238,54474,89.7
Kampen,PartijvdSport,0.05647803004631199,54474,89.7
Kampen,Piratenpartij - De Groenen,0.04800632553936519,54474,89.7
Kampen,Samen voor Nederland,0.04235852253473399,54474,89.7
Kampen,LP (Libertaire Partij),0.03671071953010279,54474,89.7
Kampen,Nederland met een PLAN,0.03671071953010279,54474,89.7
Kampen,LEF - Voor de Nieuwe Generatie,0.02541511352084039,54474,89.7
Kapelle,PVV,20.636050789130177,12882,90
Kapelle,VVD,16.07926901625727,12882,90
Kapelle,SGP,13.385546457814169,12882,90
Kapelle,NSC,12.246351014595945,12882,90
Kapelle,PvdA/GL,8.650765396938413,12882,90
Kapelle,BBB,6.19437522249911,12882,90
Kapelle,CDA,5.743443692891895,12882,90
Kapelle,ChristenUnie,5.0077133024801235,12882,90
Kapelle,D66,3.7973181440607577,12882,90
Kapelle,SP,2.159724694434556,12882,90
Kapelle,FvD,1.9105256912305684,12882,90
Kapelle,PvdD,1.3171947312210752,12882,90
Kapelle,JA21,0.9730627744155692,12882,90
Kapelle,Volt,0.5933309600094934,12882,90
Kapelle,50PLUS,0.5221312448083542,12882,90
Kapelle,BVNL,0.2966654800047467,12882,90
Kapelle,DENK,0.177999288002848,12882,90
Kapelle,BIJ1,0.11866619200189868,12882,90
Kapelle,Piratenpartij - De Groenen,0.08306633440132907,12882,90
Kapelle,LP (Libertaire Partij),0.0355998576005696,12882,90
Kapelle,Samen voor Nederland,0.0355998576005696,12882,90
Kapelle,LEF - Voor de Nieuwe Generatie,0.02373323840037973,12882,90
Kapelle,Splinter,0.01186661920018986,12882,90
Katwijk,PVV,31.69491931810008,65995,88
Katwijk,VVD,13.92811758218045,65995,88
Katwijk,NSC,11.990792912460735,65995,88
Katwijk,SGP,8.641235284244852,65995,88
Katwijk,CDA,6.416189128923203,65995,88
Katwijk,PvdA/GL,6.339463399429353,65995,88
Katwijk,ChristenUnie,5.291677656028964,65995,88
Katwijk,BBB,3.4574531853166133,65995,88
Katwijk,D66,3.030666315007073,65995,88
Katwijk,FvD,2.4288488742896877,65995,88
Katwijk,SP,1.563286738437193,65995,88
Katwijk,PvdD,1.4673795765698805,65995,88
Katwijk,JA21,0.8271992711055698,65995,88
Katwijk,DENK,0.786438727311962,65995,88
Katwijk,Volt,0.7672572949384995,65995,88
Katwijk,BVNL,0.481933488383245,65995,88
Katwijk,50PLUS,0.41000311698276065,65995,88
Katwijk,BIJ1,0.16064449612774834,65995,88
Katwijk,Splinter,0.0863164456805812,65995,88
Katwijk,Piratenpartij - De Groenen,0.0647373342604359,65995,88
Katwijk,Nederland met een PLAN,0.05514661807370465,65995,88
Katwijk,Samen voor Nederland,0.04076054379360779,65995,88
Katwijk,PartijvdSport,0.02397679046682811,65995,88
Katwijk,LEF - Voor de Nieuwe Generatie,0.01918143237346249,65995,88
Katwijk,LP (Libertaire Partij),0.01438607428009686,65995,88
Katwijk,Politieke Partij voor Basisinkomen,0.01198839523341405,65995,88
Kerkrade,PVV,44.25147620701632,45442,67.8
Kerkrade,NSC,13.472559916637724,45442,67.8
Kerkrade,PvdA/GL,12.25686002084057,45442,67.8
Kerkrade,VVD,9.742966307745746,45442,67.8
Kerkrade,SP,4.076936436262591,45442,67.8
Kerkrade,FvD,3.3258075720736366,45442,67.8
Kerkrade,BBB,2.5052101424105593,45442,67.8
Kerkrade,D66,2.4965265717262937,45442,67.8
Kerkrade,CDA,2.179576241750608,45442,67.8
Kerkrade,PvdD,1.515283084404307,45442,67.8
Kerkrade,DENK,0.8726988537686697,45442,67.8
Kerkrade,50PLUS,0.7337617228204238,45442,67.8
Kerkrade,BVNL,0.5687738798193817,45442,67.8
Kerkrade,Volt,0.5470649531087183,45442,67.8
Kerkrade,JA21,0.4341785342132685,45442,67.8
Kerkrade,ChristenUnie,0.21708926710663423,45442,67.8
Kerkrade,BIJ1,0.19103855505383813,45442,67.8
Kerkrade,Piratenpartij - De Groenen,0.15630427231677663,45442,67.8
Kerkrade,Samen voor Nederland,0.09986106286905176,45442,67.8
Kerkrade,SGP,0.0868357068426537,45442,67.8
Kerkrade,Splinter,0.08249392150052101,45442,67.8
Kerkrade,PartijvdSport,0.05210142410559221,45442,67.8
Kerkrade,LP (Libertaire Partij),0.04775963876345953,45442,67.8
Kerkrade,LEF - Voor de Nieuwe Generatie,0.04341785342132685,45442,67.8
Kerkrade,Nederland met een PLAN,0.04341785342132685,45442,67.8
Koggenland,PVV,24.081364829396325,22940,91.3
Koggenland,VVD,21.85695538057743,22940,91.3
Koggenland,NSC,12.36220472440945,22940,91.3
Koggenland,BBB,9.717847769028872,22940,91.3
Koggenland,PvdA/GL,9.658792650918636,22940,91.3
Koggenland,D66,5.433070866141732,22940,91.3
Koggenland,CDA,4.757217847769029,22940,91.3
Koggenland,SP,2.6968503937007875,22940,91.3
Koggenland,FvD,2.388451443569554,22940,91.3
Koggenland,PvdD,1.7322834645669292,22940,91.3
Koggenland,Volt,1.1089238845144356,22940,91.3
Koggenland,JA21,1.0301837270341208,22940,91.3
Koggenland,50PLUS,0.8070866141732284,22940,91.3
Koggenland,BVNL,0.7939632545931758,22940,91.3
Koggenland,ChristenUnie,0.47244094488188976,22940,91.3
Koggenland,DENK,0.24278215223097113,22940,91.3
Koggenland,SGP,0.19028871391076116,22940,91.3
Koggenland,BIJ1,0.1443569553805774,22940,91.3
Koggenland,Splinter,0.13779527559055119,22940,91.3
Koggenland,Piratenpartij - De Groenen,0.13123359580052493,22940,91.3
Koggenland,PartijvdSport,0.09186351706036744,22940,91.3
Koggenland,Samen voor Nederland,0.05905511811023622,22940,91.3
Koggenland,Nederland met een PLAN,0.05249343832020997,22940,91.3
Koggenland,LP (Libertaire Partij),0.03280839895013123,22940,91.3
Koggenland,LEF - Voor de Nieuwe Generatie,0.01968503937007874,22940,91.3
Krimpen aan den IJssel,PVV,26.534315882094152,29410,82.9
Krimpen aan den IJssel,SGP,13.632864056313243,29410,82.9
Krimpen aan den IJssel,VVD,13.346898372195335,29410,82.9
Krimpen aan den IJssel,NSC,11.543114826220853,29410,82.9
Krimpen aan den IJssel,PvdA/GL,9.904311482622086,29410,82.9
Krimpen aan den IJssel,ChristenUnie,4.377474703035636,29410,82.9
Krimpen aan den IJssel,D66,4.163000439947206,29410,82.9
Krimpen aan den IJssel,CDA,3.508578970523537,29410,82.9
Krimpen aan den IJssel,FvD,2.6176858776946768,29410,82.9
Krimpen aan den IJssel,SP,2.337219533655962,29410,82.9
Krimpen aan den IJssel,BBB,2.0402551693796744,29410,82.9
Krimpen aan den IJssel,PvdD,1.5508139023317202,29410,82.9
Krimpen aan den IJssel,DENK,1.2648482182138143,29410,82.9
Krimpen aan den IJssel,JA21,1.0558732952045755,29410,82.9
Krimpen aan den IJssel,Volt,0.6764188297404311,29410,82.9
Krimpen aan den IJssel,50PLUS,0.4839419269687638,29410,82.9
Krimpen aan den IJssel,BVNL,0.3739551253849538,29410,82.9
Krimpen aan den IJssel,BIJ1,0.21447426308842937,29410,82.9
Krimpen aan den IJssel,Splinter,0.12098548174219095,29410,82.9
Krimpen aan den IJssel,LP (Libertaire Partij),0.06049274087109548,29410,82.9
Krimpen aan den IJssel,Piratenpartij - De Groenen,0.06049274087109548,29410,82.9
Krimpen aan den IJssel,Politieke Partij voor Basisinkomen,0.03849538055433348,29410,82.9
Krimpen aan den IJssel,Nederland met een PLAN,0.03299604047514298,29410,82.9
Krimpen aan den IJssel,PartijvdSport,0.02749670039595248,29410,82.9
Krimpen aan den IJssel,Samen voor Nederland,0.02199736031676199,29410,82.9
Krimpen aan den IJssel,LEF - Voor de Nieuwe Generatie,0.01099868015838099,29410,82.9
Krimpenerwaard,PVV,24.271870721821063,56622,88.40000000000002
Krimpenerwaard,VVD,16.6993262287601,56622,88.40000000000002
Krimpenerwaard,NSC,11.61785628003114,56622,88.40000000000002
Krimpenerwaard,PvdA/GL,9.604595603038682,56622,88.40000000000002
Krimpenerwaard,SGP,9.5374869138056,56622,88.40000000000002
Krimpenerwaard,BBB,5.264005583442944,56622,88.40000000000002
Krimpenerwaard,CDA,4.520441306740397,56622,88.40000000000002
Krimpenerwaard,D66,4.292271763347919,56622,88.40000000000002
Krimpenerwaard,ChristenUnie,4.05604917724747,56622,88.40000000000002
Krimpenerwaard,SP,2.1931119641371164,56622,88.40000000000002
Krimpenerwaard,FvD,2.0508415429629827,56622,88.40000000000002
Krimpenerwaard,PvdD,1.5515528950688535,56622,88.40000000000002
Krimpenerwaard,JA21,0.9609964298177328,56622,88.40000000000002
Krimpenerwaard,Volt,0.8938877405846509,56622,88.40000000000002
Krimpenerwaard,DENK,0.8885190454460044,56622,88.40000000000002
Krimpenerwaard,BVNL,0.5476069041419483,56622,88.40000000000002
Krimpenerwaard,50PLUS,0.4992886478941293,56622,88.40000000000002
Krimpenerwaard,BIJ1,0.15837650659007327,56622,88.40000000000002
Krimpenerwaard,Splinter,0.12884868332751723,56622,88.40000000000002
Krimpenerwaard,Piratenpartij - De Groenen,0.05637129895578879,56622,88.40000000000002
Krimpenerwaard,Samen voor Nederland,0.05368695138646551,56622,88.40000000000002
Krimpenerwaard,Nederland met een PLAN,0.05100260381714224,56622,88.40000000000002
Krimpenerwaard,LEF - Voor de Nieuwe Generatie,0.03489651840120259,56622,88.40000000000002
Krimpenerwaard,PartijvdSport,0.03221217083187931,56622,88.40000000000002
Krimpenerwaard,LP (Libertaire Partij),0.01879043298526293,56622,88.40000000000002
Krimpenerwaard,Politieke Partij voor Basisinkomen,0.01610608541593965,56622,88.40000000000002
Laarbeek,PVV,30.416723410050388,22805,90.4
Laarbeek,VVD,18.704889009941443,22805,90.4
Laarbeek,NSC,13.999727631758136,22805,90.4
Laarbeek,PvdA/GL,8.824731036361161,22805,90.4
Laarbeek,BBB,7.353942530300967,22805,90.4
Laarbeek,D66,5.304371510281901,22805,90.4
Laarbeek,SP,4.39874710608743,22805,90.4
Laarbeek,CDA,3.847201416314858,22805,90.4
Laarbeek,FvD,1.661446275364293,22805,90.4
Laarbeek,Volt,1.3686504153615688,22805,90.4
Laarbeek,PvdD,1.3073675609423945,22805,90.4
Laarbeek,50PLUS,0.7422034590766717,22805,90.4
Laarbeek,JA21,0.6128285441917471,22805,90.4
Laarbeek,BVNL,0.4630260111670979,22805,90.4
Laarbeek,DENK,0.2791774479095737,22805,90.4
Laarbeek,ChristenUnie,0.21108538744382405,22805,90.4
Laarbeek,Splinter,0.11575650279177448,22805,90.4
Laarbeek,SGP,0.07490126651232466,22805,90.4
Laarbeek,LEF - Voor de Nieuwe Generatie,0.0680920604657497,22805,90.4
Laarbeek,BIJ1,0.06128285441917473,22805,90.4
Laarbeek,Nederland met een PLAN,0.04766444232602478,22805,90.4
Laarbeek,Piratenpartij - De Groenen,0.04766444232602478,22805,90.4
Laarbeek,Samen voor Nederland,0.04085523627944982,22805,90.4
Laarbeek,LP (Libertaire Partij),0.03404603023287485,22805,90.4
Laarbeek,PartijvdSport,0.00680920604657496,22805,90.4
Laarbeek,Politieke Partij voor Basisinkomen,0.00680920604657496,22805,90.4
Land van Cuijk,PVV,25.807479991275024,90194,86.33835399250505
Land van Cuijk,VVD,17.397942918505343,90194,86.33835399250505
Land van Cuijk,NSC,14.775415694894209,90194,86.33835399250505
Land van Cuijk,PvdA/GL,11.037097937884864,90194,86.33835399250505
Land van Cuijk,BBB,7.936374771388782,90194,86.33835399250505
Land van Cuijk,D66,5.469890434403262,90194,86.33835399250505
Land van Cuijk,SP,4.964848403496703,90194,86.33835399250505
Land van Cuijk,CDA,4.538666756153627,90194,86.33835399250505
Land van Cuijk,FvD,1.6611016963371867,90194,86.33835399250505
Land van Cuijk,PvdD,1.5033809292102216,90194,86.33835399250505
Land van Cuijk,Volt,1.0939780868806523,90194,86.33835399250505
Land van Cuijk,DENK,1.0134398228158192,90194,86.33835399250505
Land van Cuijk,JA21,0.7449789425997081,90194,86.33835399250505
Land van Cuijk,50PLUS,0.5855802949713922,90194,86.33835399250505
Land van Cuijk,BVNL,0.5436332824376248,90194,86.33835399250505
Land van Cuijk,ChristenUnie,0.29027332673367,90194,86.33835399250505
Land van Cuijk,BIJ1,0.1308746791053541,90194,86.33835399250505
Land van Cuijk,SGP,0.12080739609724996,90194,86.33835399250505
Land van Cuijk,Splinter,0.10235071058239233,90194,86.33835399250505
Land van Cuijk,Piratenpartij - De Groenen,0.07550462256078122,90194,86.33835399250505
Land van Cuijk,Samen voor Nederland,0.05033641504052081,90194,86.33835399250505
Land van Cuijk,PartijvdSport,0.04026913203241665,90194,86.33835399250505
Land van Cuijk,LP (Libertaire Partij),0.03691337102971526,90194,86.33835399250505
Land van Cuijk,Nederland met een PLAN,0.03691337102971526,90194,86.33835399250505
Land van Cuijk,LEF - Voor de Nieuwe Generatie,0.03187972952566318,90194,86.33835399250505
Land van Cuijk,Politieke Partij voor Basisinkomen,0.01006728300810416,90194,86.33835399250505
Landgraaf,PVV,42.203980555810325,37262,76.9
Landgraaf,NSC,14.78950747500688,37262,76.9
Landgraaf,PvdA/GL,12.267265890121983,37262,76.9
Landgraaf,VVD,10.290745666330368,37262,76.9
Landgraaf,SP,4.352013207374117,37262,76.9
Landgraaf,D66,2.9028707695129783,37262,76.9
Landgraaf,FvD,2.829496468861781,37262,76.9
Landgraaf,BBB,2.792809318536183,37262,76.9
Landgraaf,CDA,2.2746033201871043,37262,76.9
Landgraaf,PvdD,1.6600935522333302,37262,76.9
Landgraaf,Volt,0.6099238741630744,37262,76.9
Landgraaf,BVNL,0.5869944052095754,37262,76.9
Landgraaf,50PLUS,0.5640649362560762,37262,76.9
Landgraaf,DENK,0.5457213610932771,37262,76.9
Landgraaf,JA21,0.4356599101164817,37262,76.9
Landgraaf,ChristenUnie,0.2659818398605888,37262,76.9
Landgraaf,BIJ1,0.13757681372099423,37262,76.9
Landgraaf,Splinter,0.1284050261395946,37262,76.9
Landgraaf,SGP,0.10547555718609555,37262,76.9
Landgraaf,Piratenpartij - De Groenen,0.06878840686049711,37262,76.9
Landgraaf,LEF - Voor de Nieuwe Generatie,0.04585893790699807,37262,76.9
Landgraaf,PartijvdSport,0.04585893790699807,37262,76.9
Landgraaf,Nederland met een PLAN,0.03668715032559846,37262,76.9
Landgraaf,LP (Libertaire Partij),0.03210125653489865,37262,76.9
Landgraaf,Samen voor Nederland,0.02751536274419884,37262,76.9
Landsmeer,PVV,25.349247253492475,11565,81.2
Landsmeer,PvdA/GL,19.17808219178082,11565,81.2
Landsmeer,VVD,18.649125186491258,11565,81.2
Landsmeer,NSC,9.16858809168588,11565,81.2
Landsmeer,D66,6.86287806862878,11565,81.2
Landsmeer,BBB,3.5535060355350603,11565,81.2
Landsmeer,SP,3.06523803065238,11565,81.2
Landsmeer,PvdD,3.03811203038112,11565,81.2
Landsmeer,FvD,2.712600027126,11565,81.2
Landsmeer,Volt,1.92594601925946,11565,81.2
Landsmeer,CDA,1.60043401600434,11565,81.2
Landsmeer,DENK,1.57330801573308,11565,81.2
Landsmeer,ChristenUnie,0.63746100637461,11565,81.2
Landsmeer,JA21,0.6238980062389801,11565,81.2
Landsmeer,BVNL,0.52895700528957,11565,81.2
Landsmeer,50PLUS,0.4475790044757901,11565,81.2
Landsmeer,BIJ1,0.33907500339075003,11565,81.2
Landsmeer,SGP,0.16275600162756002,11565,81.2
Landsmeer,Piratenpartij - De Groenen,0.10850400108504,11565,81.2
Landsmeer,Samen voor Nederland,0.10850400108504,11565,81.2
Landsmeer,LEF - Voor de Nieuwe Generatie,0.09494100094941,11565,81.2
Landsmeer,Splinter,0.09494100094941,11565,81.2
Landsmeer,Nederland met een PLAN,0.08137800081378001,11565,81.2
Landsmeer,PartijvdSport,0.06781500067815001,11565,81.2
Landsmeer,LP (Libertaire Partij),0.02712600027126,11565,81.2
Lansingerland,PVV,24.305573334016024,63363,80.4
Lansingerland,VVD,22.54422569826681,63363,80.4
Lansingerland,NSC,11.92237781930826,63363,80.4
Lansingerland,PvdA/GL,10.92137938096823,63363,80.4
Lansingerland,D66,7.070991526074601,63363,80.4
Lansingerland,CDA,5.002432093392387,63363,80.4
Lansingerland,ChristenUnie,3.212923376257648,63363,80.4
Lansingerland,BBB,2.7290647960881698,63363,80.4
Lansingerland,FvD,1.899592944369064,63363,80.4
Lansingerland,DENK,1.7536673408258878,63363,80.4
Lansingerland,SP,1.7229461611325874,63363,80.4
Lansingerland,PvdD,1.653823506822662,63363,80.4
Lansingerland,Volt,1.41317426589181,63363,80.4
Lansingerland,JA21,1.105962468958808,63363,80.4
Lansingerland,SGP,1.0317196180333326,63363,80.4
Lansingerland,BVNL,0.5017792683239036,63363,80.4
Lansingerland,50PLUS,0.49409897340057857,63363,80.4
Lansingerland,BIJ1,0.2432093392386268,63363,80.4
Lansingerland,Splinter,0.15616599677427614,63363,80.4
Lansingerland,Piratenpartij - De Groenen,0.06144235938660045,63363,80.4
Lansingerland,Nederland met een PLAN,0.0563221627710504,63363,80.4
Lansingerland,LP (Libertaire Partij),0.05376206446327539,63363,80.4
Lansingerland,PartijvdSport,0.05376206446327539,63363,80.4
Lansingerland,Samen voor Nederland,0.05376206446327539,63363,80.4
Lansingerland,LEF - Voor de Nieuwe Generatie,0.03072117969330022,63363,80.4
Lansingerland,Politieke Partij voor Basisinkomen,0.00512019661555003,63363,80.4
Laren,VVD,41.4960414960415,11398,79.1
Laren,PVV,14.564564564564565,11398,79.1
Laren,PvdA/GL,9.787059787059787,11398,79.1
Laren,NSC,9.377559377559376,11398,79.1
Laren,D66,8.886158886158887,11398,79.1
Laren,CDA,3.0712530712530715,11398,79.1
Laren,PvdD,2.3614523614523613,11398,79.1
Laren,FvD,2.2386022386022386,11398,79.1
Laren,Volt,2.074802074802075,11398,79.1
Laren,BBB,1.8291018291018293,11398,79.1
Laren,SP,1.4878514878514877,11398,79.1
Laren,BVNL,0.6552006552006553,11398,79.1
Laren,ChristenUnie,0.5733005733005733,11398,79.1
Laren,JA21,0.4231504231504231,11398,79.1
Laren,DENK,0.273000273000273,11398,79.1
Laren,50PLUS,0.23205023205023204,11398,79.1
Laren,BIJ1,0.17745017745017744,11398,79.1
Laren,Splinter,0.15015015015015015,11398,79.1
Laren,Nederland met een PLAN,0.1092001092001092,11398,79.1
Laren,SGP,0.0546000546000546,11398,79.1
Laren,LEF - Voor de Nieuwe Generatie,0.04095004095004095,11398,79.1
Laren,PartijvdSport,0.04095004095004095,11398,79.1
Laren,Piratenpartij - De Groenen,0.04095004095004095,11398,79.1
Laren,Samen voor Nederland,0.04095004095004095,11398,79.1
Laren,LP (Libertaire Partij),0.01365001365001365,11398,79.1
Leeuwarden,PvdA/GL,22.320581315238726,124481,82.1
Leeuwarden,PVV,21.60823616581523,124481,82.1
Leeuwarden,NSC,13.928427511081647,124481,82.1
Leeuwarden,VVD,11.259733000558956,124481,82.1
Leeuwarden,D66,6.251218656163475,124481,82.1
Leeuwarden,BBB,4.276670696356381,124481,82.1
Leeuwarden,SP,3.9854931170299888,124481,82.1
Leeuwarden,CDA,3.368040660869113,124481,82.1
Leeuwarden,PvdD,2.8376814985246135,124481,82.1
Leeuwarden,FvD,2.6712943103381037,124481,82.1
Leeuwarden,ChristenUnie,2.078539952423663,124481,82.1
Leeuwarden,Volt,1.4519881969088382,124481,82.1
Leeuwarden,DENK,0.7968386434244563,124481,82.1
Leeuwarden,JA21,0.7058456498849589,124481,82.1
Leeuwarden,BVNL,0.6421505544073106,124481,82.1
Leeuwarden,50PLUS,0.45366506778978016,124481,82.1
Leeuwarden,BIJ1,0.40426887129691014,124481,82.1
Leeuwarden,SGP,0.3769709732350609,124481,82.1
Leeuwarden,Splinter,0.1624874884633883,124481,82.1
Leeuwarden,Piratenpartij - De Groenen,0.13518959040153908,124481,82.1
Leeuwarden,LEF - Voor de Nieuwe Generatie,0.08579339390866902,124481,82.1
Leeuwarden,LP (Libertaire Partij),0.06499499538535533,124481,82.1
Leeuwarden,Nederland met een PLAN,0.05719559593911268,124481,82.1
Leeuwarden,Samen voor Nederland,0.04939619649287005,124481,82.1
Leeuwarden,Politieke Partij voor Basisinkomen,0.02729789806184924,124481,82.1
Leiden,PvdA/GL,31.211641388696233,124093,67.8
Leiden,PVV,14.901134564298522,124093,67.8
Leiden,VVD,11.697658897889212,124093,67.8
Leiden,D66,10.266040278995511,124093,67.8
Leiden,NSC,7.906617637436695,124093,67.8
Leiden,Volt,4.627242629257887,124093,67.8
Leiden,PvdD,4.429642618789012,124093,67.8
Leiden,SP,3.013727311985553,124093,67.8
Leiden,DENK,2.8226703482209454,124093,67.8
Leiden,CDA,2.038813353049714,124093,67.8
Leiden,FvD,1.6383788947485507,124093,67.8
Leiden,ChristenUnie,1.422458353507727,124093,67.8
Leiden,BBB,1.2772027166729916,124093,67.8
Leiden,BIJ1,0.8492874622139053,124093,67.8
Leiden,JA21,0.5339126110682179,124093,67.8
Leiden,BVNL,0.30621458575971316,124093,67.8
Leiden,50PLUS,0.2774251802609367,124093,67.8
Leiden,SGP,0.24863577476216023,124093,67.8
Leiden,Splinter,0.13740398078961488,124093,67.8
Leiden,Piratenpartij - De Groenen,0.104688747268278,124093,67.8
Leiden,LP (Libertaire Partij),0.06150463902011333,124093,67.8
Leiden,Nederland met een PLAN,0.06019602967925985,124093,67.8
Leiden,PartijvdSport,0.05496159231584596,124093,67.8
Leiden,LEF - Voor de Nieuwe Generatie,0.05365298297499248,124093,67.8
Leiden,Samen voor Nederland,0.0366410615438973,124093,67.8
Leiden,Politieke Partij voor Basisinkomen,0.02224635879450907,124093,67.8
Leiderdorp,PVV,20.375304065794044,27377,77.2
Leiderdorp,PvdA/GL,19.28066720722808,27377,77.2
Leiderdorp,VVD,18.481408548592608,27377,77.2
Leiderdorp,NSC,11.467624232595854,27377,77.2
Leiderdorp,D66,9.098806903741458,27377,77.2
Leiderdorp,CDA,3.4750376462411676,27377,77.2
Leiderdorp,SP,2.7510714699409244,27377,77.2
Leiderdorp,BBB,2.2993165759295726,27377,77.2
Leiderdorp,Volt,2.258774470056759,27377,77.2
Leiderdorp,PvdD,2.2066489053631413,27377,77.2
Leiderdorp,DENK,2.125564693617514,27377,77.2
Leiderdorp,FvD,1.7606857407621916,27377,77.2
Leiderdorp,ChristenUnie,1.4710992702420944,27377,77.2
Leiderdorp,JA21,0.752924823352253,27377,77.2
Leiderdorp,SGP,0.6602571527858219,27377,77.2
Leiderdorp,BVNL,0.4807135410633616,27377,77.2
Leiderdorp,50PLUS,0.4343797057801459,27377,77.2
Leiderdorp,BIJ1,0.17375188231205838,27377,77.2
Leiderdorp,Splinter,0.15637669408085253,27377,77.2
Leiderdorp,Piratenpartij - De Groenen,0.08108421174562724,27377,77.2
Leiderdorp,Nederland met een PLAN,0.05791729410401946,27377,77.2
Leiderdorp,LP (Libertaire Partij),0.04633383528321556,27377,77.2
Leiderdorp,PartijvdSport,0.04633383528321556,27377,77.2
Leiderdorp,LEF - Voor de Nieuwe Generatie,0.02895864705200973,27377,77.2
Leiderdorp,Samen voor Nederland,0.01737518823120584,27377,77.2
Leiderdorp,Politieke Partij voor Basisinkomen,0.01158345882080389,27377,77.2
Leidschendam-Voorburg,VVD,21.607708252659393,76433,66.9
Leidschendam-Voorburg,PVV,20.288831689483157,76433,66.9
Leidschendam-Voorburg,PvdA/GL,16.411926835379603,76433,66.9
Leidschendam-Voorburg,NSC,10.790187011685385,76433,66.9
Leidschendam-Voorburg,D66,10.2617252454386,76433,66.9
Leidschendam-Voorburg,CDA,3.5830618892508146,76433,66.9
Leidschendam-Voorburg,PvdD,2.469192045739277,76433,66.9
Leidschendam-Voorburg,SP,2.464636340857839,76433,66.9
Leidschendam-Voorburg,BBB,2.3347987517368622,76433,66.9
Leidschendam-Voorburg,Volt,2.102457802783536,76433,66.9
Leidschendam-Voorburg,FvD,2.034122229561969,76433,66.9
Leidschendam-Voorburg,DENK,1.80633698549008,76433,66.9
Leidschendam-Voorburg,ChristenUnie,1.264208104598984,76433,66.9
Leidschendam-Voorburg,JA21,0.6651329126899159,76433,66.9
Leidschendam-Voorburg,50PLUS,0.4601261930252158,76433,66.9
Leidschendam-Voorburg,BVNL,0.4282362588551514,76433,66.9
Leidschendam-Voorburg,BIJ1,0.33256645634495796,76433,66.9
Leidschendam-Voorburg,SGP,0.2801758502084235,76433,66.9
Leidschendam-Voorburg,Splinter,0.10478121227306895,76433,66.9
Leidschendam-Voorburg,Samen voor Nederland,0.06150201589941004,76433,66.9
Leidschendam-Voorburg,LEF - Voor de Nieuwe Generatie,0.05466845857725336,76433,66.9
Leidschendam-Voorburg,PartijvdSport,0.05466845857725336,76433,66.9
Leidschendam-Voorburg,LP (Libertaire Partij),0.0455570488143778,76433,66.9
Leidschendam-Voorburg,Nederland met een PLAN,0.04327919637365891,76433,66.9
Leidschendam-Voorburg,Piratenpartij - De Groenen,0.04327919637365891,76433,66.9
Leidschendam-Voorburg,Politieke Partij voor Basisinkomen,0.00683355732215667,76433,66.9
Lelystad,PVV,29.78248608352338,79811,66.1
Lelystad,VVD,15.15976360381569,79811,66.1
Lelystad,PvdA/GL,12.70016430025258,79811,66.1
Lelystad,NSC,11.54025356188234,79811,66.1
Lelystad,D66,4.467985973172466,79811,66.1
Lelystad,DENK,3.948110547095319,79811,66.1
Lelystad,FvD,3.93584933421614,79811,66.1
Lelystad,SP,3.788714779666005,79811,66.1
Lelystad,BBB,3.479732215110719,79811,66.1
Lelystad,ChristenUnie,2.165330194462836,79811,66.1
Lelystad,PvdD,2.086858432036097,79811,66.1
Lelystad,CDA,2.005934427033522,79811,66.1
Lelystad,Volt,1.015228426395939,79811,66.1
Lelystad,JA21,0.811692292601584,79811,66.1
Lelystad,SGP,0.6621054954756125,79811,66.1
Lelystad,50PLUS,0.6596532528997768,79811,66.1
Lelystad,BVNL,0.6572010103239412,79811,66.1
Lelystad,BIJ1,0.49535300031879154,79811,66.1
Lelystad,Piratenpartij - De Groenen,0.1643002525809853,79811,66.1
Lelystad,Splinter,0.1422300693984649,79811,66.1
Lelystad,Nederland met een PLAN,0.09318521788175288,79811,66.1
Lelystad,Samen voor Nederland,0.07601951985090366,79811,66.1
Lelystad,LEF - Voor de Nieuwe Generatie,0.07356727727506805,79811,66.1
Lelystad,Politieke Partij voor Basisinkomen,0.05149709409254763,79811,66.1
Lelystad,LP (Libertaire Partij),0.03678363863753402,79811,66.1
Leudal,PVV,31.883228391528338,36045,86.3
Leudal,VVD,15.120426225177228,36045,86.3
Leudal,NSC,14.62286997490203,36045,86.3
Leudal,PvdA/GL,9.797014662498349,36045,86.3
Leudal,BBB,9.761789441239928,36045,86.3
Leudal,D66,4.87428999163401,36045,86.3
Leudal,CDA,4.068513055347629,36045,86.3
Leudal,SP,3.08220686011184,36045,86.3
Leudal,FvD,1.5939412619435518,36045,86.3
Leudal,PvdD,1.329752102505394,36045,86.3
Leudal,JA21,0.8365990048874995,36045,86.3
Leudal,Volt,0.8101800889436837,36045,86.3
Leudal,BVNL,0.664876051252697,36045,86.3
Leudal,50PLUS,0.6076350667077628,36045,86.3
Leudal,ChristenUnie,0.22896393817973668,36045,86.3
Leudal,DENK,0.16291664832019723,36045,86.3
Leudal,SGP,0.15851349566289463,36045,86.3
Leudal,BIJ1,0.08806305314605258,36045,86.3
Leudal,Splinter,0.08806305314605258,36045,86.3
Leudal,Piratenpartij - De Groenen,0.05283783188763154,36045,86.3
Leudal,PartijvdSport,0.04843467923032892,36045,86.3
Leudal,Samen voor Nederland,0.04843467923032892,36045,86.3
Leudal,Nederland met een PLAN,0.0308220686011184,36045,86.3
Leudal,LP (Libertaire Partij),0.02201576328651314,36045,86.3
Leudal,LEF - Voor de Nieuwe Generatie,0.01761261062921051,36045,86.3
Leusden,VVD,18.993883647053245,30544,85.6
Leusden,PvdA/GL,16.827082641885163,30544,85.6
Leusden,PVV,16.376653548907115,30544,85.6
Leusden,NSC,13.39908017637855,30544,85.6
Leusden,D66,8.377981129391683,30544,85.6
Leusden,CDA,4.613342183869897,30544,85.6
Leusden,BBB,4.286188421601631,30544,85.6
Leusden,ChristenUnie,3.9448105827130058,30544,85.6
Leusden,SP,2.5745578682850505,30544,85.6
Leusden,PvdD,2.384903513346925,30544,85.6
Leusden,Volt,2.067232468825565,30544,85.6
Leusden,FvD,1.6357688113413305,30544,85.6
Leusden,SGP,1.5362002749988146,30544,85.6
Leusden,JA21,0.7396519842586885,30544,85.6
Leusden,DENK,0.6590488834099852,30544,85.6
Leusden,50PLUS,0.46465316959840686,30544,85.6
Leusden,BVNL,0.4504290929780475,30544,85.6
Leusden,BIJ1,0.1612062016974065,30544,85.6
Leusden,Piratenpartij - De Groenen,0.12327533070978144,30544,85.6
Leusden,Splinter,0.1043098952159689,30544,85.6
Leusden,Samen voor Nederland,0.0758617419752501,30544,85.6
Leusden,LP (Libertaire Partij),0.05689630648143758,30544,85.6
Leusden,LEF - Voor de Nieuwe Generatie,0.04741358873453132,30544,85.6
Leusden,PartijvdSport,0.04741358873453132,30544,85.6
Leusden,Politieke Partij voor Basisinkomen,0.03793087098762505,30544,85.6
Leusden,Nederland met een PLAN,0.01422407662035939,30544,85.6
Lingewaard,PVV,26.475510072729612,46822,89.3
Lingewaard,VVD,19.324837484713907,46822,89.3
Lingewaard,NSC,15.173456909313252,46822,89.3
Lingewaard,PvdA/GL,13.657720280620456,46822,89.3
Lingewaard,D66,7.112055094291048,46822,89.3
Lingewaard,BBB,4.1513805754006565,46822,89.3
Lingewaard,CDA,3.5495912981914137,46822,89.3
Lingewaard,SP,3.269614468687649,46822,89.3
Lingewaard,FvD,1.5736628692797838,46822,89.3
Lingewaard,PvdD,1.4513741391517023,46822,89.3
Lingewaard,Volt,1.2421960481431422,46822,89.3
Lingewaard,JA21,0.6275342730256807,46822,89.3
Lingewaard,50PLUS,0.5889167793010234,46822,89.3
Lingewaard,ChristenUnie,0.4183561820171205,46822,89.3
Lingewaard,DENK,0.4119199330630109,46822,89.3
Lingewaard,BVNL,0.35721181695307974,46822,89.3
Lingewaard,SGP,0.12550685460513614,46822,89.3
Lingewaard,BIJ1,0.11907060565102658,46822,89.3
Lingewaard,Splinter,0.11585248117397182,46822,89.3
Lingewaard,Piratenpartij - De Groenen,0.07079873849520499,46822,89.3
Lingewaard,Nederland met een PLAN,0.05792624058698591,46822,89.3
Lingewaard,Samen voor Nederland,0.05792624058698591,46822,89.3
Lingewaard,LP (Libertaire Partij),0.03539936924760249,46822,89.3
Lingewaard,LEF - Voor de Nieuwe Generatie,0.03218124477054772,46822,89.3
Lisse,PVV,24.25,22982,85.6
Lisse,VVD,20.88815789473684,22982,85.6
Lisse,NSC,13.730263157894736,22982,85.6
Lisse,PvdA/GL,9.81578947368421,22982,85.6
Lisse,D66,6.236842105263158,22982,85.6
Lisse,CDA,4.4144736842105265,22982,85.6
Lisse,SGP,4.052631578947368,22982,85.6
Lisse,BBB,3.44078947368421,22982,85.6
Lisse,SP,2.5855263157894735,22982,85.6
Lisse,FvD,2.0789473684210527,22982,85.6
Lisse,PvdD,1.8026315789473688,22982,85.6
Lisse,ChristenUnie,1.7368421052631575,22982,85.6
Lisse,Volt,1.4671052631578947,22982,85.6
Lisse,JA21,0.9473684210526316,22982,85.6
Lisse,50PLUS,0.8289473684210527,22982,85.6
Lisse,BVNL,0.6907894736842105,22982,85.6
Lisse,DENK,0.44078947368421056,22982,85.6
Lisse,BIJ1,0.1644736842105263,22982,85.6
Lisse,Splinter,0.11842105263157895,22982,85.6
Lisse,Samen voor Nederland,0.08552631578947369,22982,85.6
Lisse,Nederland met een PLAN,0.04605263157894736,22982,85.6
Lisse,PartijvdSport,0.04605263157894736,22982,85.6
Lisse,LEF - Voor de Nieuwe Generatie,0.03947368421052631,22982,85.6
Lisse,Piratenpartij - De Groenen,0.03947368421052631,22982,85.6
Lisse,Politieke Partij voor Basisinkomen,0.03947368421052631,22982,85.6
Lisse,LP (Libertaire Partij),0.0131578947368421,22982,85.6
Lochem,VVD,17.006518468995488,33948,89
Lochem,PvdA/GL,16.576132375062677,33948,89
Lochem,BBB,14.704161791743273,33948,89
Lochem,NSC,14.474343974594689,33948,89
Lochem,PVV,14.294668226642152,33948,89
Lochem,D66,7.228814975764666,33948,89
Lochem,CDA,3.430553234163463,33948,89
Lochem,SP,2.5154604713354503,33948,89
Lochem,PvdD,2.344141734915594,33948,89
Lochem,Volt,1.8343640314223637,33948,89
Lochem,FvD,1.7006518468995486,33948,89
Lochem,ChristenUnie,0.9359852916597023,33948,89
Lochem,DENK,0.9150927628280128,33948,89
Lochem,JA21,0.59334781881999,33948,89
Lochem,BVNL,0.5515627611566104,33948,89
Lochem,50PLUS,0.30920942670900886,33948,89
Lochem,SGP,0.19221126525154603,33948,89
Lochem,Splinter,0.09610563262577304,33948,89
Lochem,BIJ1,0.09192712685943506,33948,89
Lochem,Piratenpartij - De Groenen,0.05432057496239344,33948,89
Lochem,LEF - Voor de Nieuwe Generatie,0.04596356342971753,33948,89
Lochem,LP (Libertaire Partij),0.04596356342971753,33948,89
Lochem,Samen voor Nederland,0.03760655189704162,33948,89
Lochem,Nederland met een PLAN,0.02089252883168978,33948,89
Loon op Zand,PVV,31.782632146709815,23504,88.4
Loon op Zand,VVD,20.199568500539375,23504,88.4
Loon op Zand,NSC,13.241639697950378,23504,88.4
Loon op Zand,PvdA/GL,9.857065803667746,23504,88.4
Loon op Zand,D66,5.016181229773463,23504,88.4
Loon op Zand,BBB,4.692556634304207,23504,88.4
Loon op Zand,SP,4.031823085221144,23504,88.4
Loon op Zand,CDA,3.7014563106796112,23504,88.4
Loon op Zand,FvD,1.6788025889967635,23504,88.4
Loon op Zand,PvdD,1.2405609492988134,23504,88.4
Loon op Zand,Volt,0.9034519956850052,23504,88.4
Loon op Zand,50PLUS,0.7618662351672061,23504,88.4
Loon op Zand,JA21,0.593311758360302,23504,88.4
Loon op Zand,DENK,0.5528586839266451,23504,88.4
Loon op Zand,ChristenUnie,0.4584681769147788,23504,88.4
Loon op Zand,BVNL,0.39104638619201726,23504,88.4
Loon op Zand,SGP,0.37756202804746497,23504,88.4
Loon op Zand,Splinter,0.1483279395900755,23504,88.4
Loon op Zand,BIJ1,0.07416396979503775,23504,88.4
Loon op Zand,Samen voor Nederland,0.0674217907227616,23504,88.4
Loon op Zand,PartijvdSport,0.06067961165048543,23504,88.4
Loon op Zand,Piratenpartij - De Groenen,0.05393743257820927,23504,88.4
Loon op Zand,LEF - Voor de Nieuwe Generatie,0.04719525350593312,23504,88.4
Loon op Zand,Nederland met een PLAN,0.02696871628910463,23504,88.4
Loon op Zand,LP (Libertaire Partij),0.02022653721682848,23504,88.4
Loon op Zand,Politieke Partij voor Basisinkomen,0.02022653721682848,23504,88.4
Lopik,PVV,28.9909796517726,14456,90.1
Lopik,VVD,15.166771554436751,14456,90.1
Lopik,NSC,11.8418292427103,14456,90.1
Lopik,BBB,9.135724774491294,14456,90.1
Lopik,SGP,7.740717432347388,14456,90.1
Lopik,CDA,5.569540591567023,14456,90.1
Lopik,PvdA/GL,5.475141598489616,14456,90.1
Lopik,ChristenUnie,4.027690371302707,14456,90.1
Lopik,D66,3.0312565554856303,14456,90.1
Lopik,FvD,2.276064610866373,14456,90.1
Lopik,SP,1.636249213341724,14456,90.1
Lopik,PvdD,1.090832808894483,14456,90.1
Lopik,JA21,0.9754562617998742,14456,90.1
Lopik,DENK,0.8391021606880638,14456,90.1
Lopik,Volt,0.7551919446192574,14456,90.1
Lopik,BVNL,0.6607929515418502,14456,90.1
Lopik,50PLUS,0.40906230333543103,14456,90.1
Lopik,Splinter,0.10488777008600796,14456,90.1
Lopik,BIJ1,0.09439899307740718,14456,90.1
Lopik,PartijvdSport,0.05244388504300398,14456,90.1
Lopik,Piratenpartij - De Groenen,0.05244388504300398,14456,90.1
Lopik,Nederland met een PLAN,0.04195510803440318,14456,90.1
Lopik,Samen voor Nederland,0.02097755401720159,14456,90.1
Lopik,Politieke Partij voor Basisinkomen,0.01048877700860079,14456,90.1
Losser,NSC,33.008566010593086,22888,85.4
Losser,PVV,27.391617079709675,22888,85.4
Losser,VVD,11.12273589223828,22888,85.4
Losser,BBB,8.533315896161643,22888,85.4
Losser,PvdA/GL,6.931275747073824,22888,85.4
Losser,CDA,2.9817563591185507,22888,85.4
Losser,D66,2.8117439351337215,22888,85.4
Losser,FvD,1.876675603217158,22888,85.4
Losser,SP,1.8309030275289344,22888,85.4
Losser,PvdD,0.8435231805401164,22888,85.4
Losser,Volt,0.6015824233309357,22888,85.4
Losser,JA21,0.5165762113385209,22888,85.4
Losser,BVNL,0.45772575688223366,22888,85.4
Losser,ChristenUnie,0.3269469692015955,22888,85.4
Losser,50PLUS,0.22886287844111683,22888,85.4
Losser,DENK,0.22886287844111683,22888,85.4
Losser,SGP,0.07846727260838292,22888,85.4
Losser,BIJ1,0.05885045445628719,22888,85.4
Losser,Splinter,0.04577257568822337,22888,85.4
Losser,Piratenpartij - De Groenen,0.03269469692015955,22888,85.4
Losser,LEF - Voor de Nieuwe Generatie,0.02615575753612764,22888,85.4
Losser,Nederland met een PLAN,0.01961681815209573,22888,85.4
Losser,Samen voor Nederland,0.01961681815209573,22888,85.4
Losser,LP (Libertaire Partij),0.01307787876806382,22888,85.4
Losser,PartijvdSport,0.01307787876806382,22888,85.4
Maasdriel,PVV,36.55613512170889,25452,85.5
Maasdriel,VVD,18.90213611525087,25452,85.5
Maasdriel,NSC,12.09016393442623,25452,85.5
Maasdriel,PvdA/GL,7.463984103328365,25452,85.5
Maasdriel,BBB,5.004967709885743,25452,85.5
Maasdriel,D66,3.9307004470938898,25452,85.5
Maasdriel,CDA,3.4711872826626924,25452,85.5
Maasdriel,SP,2.9744162940884253,25452,85.5
Maasdriel,SGP,1.856681569796324,25452,85.5
Maasdriel,FvD,1.8070044709388973,25452,85.5
Maasdriel,PvdD,1.3785394932935915,25452,85.5
Maasdriel,Volt,0.981122702434178,25452,85.5
Maasdriel,JA21,0.8383010432190761,25452,85.5
Maasdriel,ChristenUnie,0.7886239443616492,25452,85.5
Maasdriel,BVNL,0.7016890213611525,25452,85.5
Maasdriel,50PLUS,0.565076999503229,25452,85.5
Maasdriel,DENK,0.32911077993045207,25452,85.5
Maasdriel,Splinter,0.09314456035767513,25452,85.5
Maasdriel,Piratenpartij - De Groenen,0.06830601092896176,25452,85.5
Maasdriel,BIJ1,0.04967709885742673,25452,85.5
Maasdriel,PartijvdSport,0.03725782414307004,25452,85.5
Maasdriel,Samen voor Nederland,0.03725782414307004,25452,85.5
Maasdriel,Nederland met een PLAN,0.0310481867858917,25452,85.5
Maasdriel,LP (Libertaire Partij),0.02483854942871336,25452,85.5
Maasdriel,LEF - Voor de Nieuwe Generatie,0.01862891207153502,25452,85.5
Maasgouw,PVV,35.05883908501917,23947,85.1
Maasgouw,NSC,15.787385957953193,23947,85.1
Maasgouw,VVD,15.727885759619198,23947,85.1
Maasgouw,PvdA/GL,10.4654237736348,23947,85.1
Maasgouw,D66,4.7203490678302265,23947,85.1
Maasgouw,BBB,4.211291815417162,23947,85.1
Maasgouw,CDA,3.332011106703689,23947,85.1
Maasgouw,SP,3.2526775089250295,23947,85.1
Maasgouw,FvD,2.2543964035435673,23947,85.1
Maasgouw,PvdD,1.6263387544625147,23947,85.1
Maasgouw,Volt,0.7404469126008199,23947,85.1
Maasgouw,BVNL,0.6743355811186037,23947,85.1
Maasgouw,JA21,0.6677244479703821,23947,85.1
Maasgouw,50PLUS,0.53550178500595,23947,85.1
Maasgouw,ChristenUnie,0.34377892370752344,23947,85.1
Maasgouw,DENK,0.18511172815020496,23947,85.1
Maasgouw,Piratenpartij - De Groenen,0.09255586407510248,23947,85.1
Maasgouw,SGP,0.09255586407510248,23947,85.1
Maasgouw,BIJ1,0.05950019833399445,23947,85.1
Maasgouw,Splinter,0.05288906518577285,23947,85.1
Maasgouw,Nederland met een PLAN,0.03966679888932963,23947,85.1
Maasgouw,PartijvdSport,0.03966679888932963,23947,85.1
Maasgouw,LP (Libertaire Partij),0.01983339944466481,23947,85.1
Maasgouw,Samen voor Nederland,0.01322226629644321,23947,85.1
Maasgouw,LEF - Voor de Nieuwe Generatie,0.0066111331482216,23947,85.1
Maashorst,PVV,27.333933000790473,58108,85.21312039650306
Maashorst,VVD,19.186632867228173,58108,85.21312039650306
Maashorst,NSC,13.206312862866955,58108,85.21312039650306
Maashorst,PvdA/GL,9.818191730040612,58108,85.21312039650306
Maashorst,D66,7.324120260582767,58108,85.21312039650306
Maashorst,BBB,5.69956660397416,58108,85.21312039650306
Maashorst,SP,5.3806525472238125,58108,85.21312039650306
Maashorst,CDA,3.944176411262845,58108,85.21312039650306
Maashorst,FvD,1.8725979229699896,58108,85.21312039650306
Maashorst,PvdD,1.2483986153133262,58108,85.21312039650306
Maashorst,DENK,1.1448196908986834,58108,85.21312039650306
Maashorst,Volt,1.0957559898601683,58108,85.21312039650306
Maashorst,JA21,0.7059721427208547,58108,85.21312039650306
Maashorst,50PLUS,0.5996674571374057,58108,85.21312039650306
Maashorst,BVNL,0.4851854880475373,58108,85.21312039650306
Maashorst,ChristenUnie,0.26167307220541336,58108,85.21312039650306
Maashorst,PartijvdSport,0.16899719246599612,58108,85.21312039650306
Maashorst,Splinter,0.1362880584403195,58108,85.21312039650306
Maashorst,BIJ1,0.1008531632458364,58108,85.21312039650306
Maashorst,Piratenpartij - De Groenen,0.0735955515577725,58108,85.21312039650306
Maashorst,SGP,0.06269250688254695,58108,85.21312039650306
Maashorst,Samen voor Nederland,0.04633793986970862,58108,85.21312039650306
Maashorst,Nederland met een PLAN,0.03543489519448305,58108,85.21312039650306
Maashorst,LP (Libertaire Partij),0.02998337285687028,58108,85.21312039650306
Maashorst,LEF - Voor de Nieuwe Generatie,0.01908032818164472,58108,85.21312039650306
Maashorst,Politieke Partij voor Basisinkomen,0.01908032818164472,58108,85.21312039650306
Maassluis,PVV,27.59343346140412,33567,71
Maassluis,VVD,16.960231525372986,33567,71
Maassluis,NSC,12.693977346439796,33567,71
Maassluis,PvdA/GL,10.508457661793322,33567,71
Maassluis,DENK,6.746170350780899,33567,71
Maassluis,D66,4.909934634000299,33567,71
Maassluis,CDA,4.500773414500275,33567,71
Maassluis,SP,2.8741080784391997,33567,71
Maassluis,BBB,2.370141210518437,33567,71
Maassluis,ChristenUnie,2.340202584701362,33567,71
Maassluis,FvD,2.3002844169452623,33567,71
Maassluis,PvdD,1.5817573973354624,33567,71
Maassluis,Volt,1.0029439648720124,33567,71
Maassluis,JA21,0.8831894616037124,33567,71
Maassluis,SGP,0.8033531260915124,33567,71
Maassluis,50PLUS,0.5937827453719874,33567,71
Maassluis,BVNL,0.5388952647073499,33567,71
Maassluis,BIJ1,0.26445786138416244,33567,71
Maassluis,Splinter,0.189611296841475,33567,71
Maassluis,PartijvdSport,0.08981587745122499,33567,71
Maassluis,Samen voor Nederland,0.08482610648171249,33567,71
Maassluis,Piratenpartij - De Groenen,0.069856793573175,33567,71
Maassluis,Nederland met een PLAN,0.03991816775609999,33567,71
Maassluis,LEF - Voor de Nieuwe Generatie,0.0349283967865875,33567,71
Maassluis,LP (Libertaire Partij),0.02494885484756249,33567,71
Maastricht,PVV,26.39708791643586,120227,66.9
Maastricht,PvdA/GL,22.01630133734272,120227,66.9
Maastricht,VVD,13.528527340349768,120227,66.9
Maastricht,NSC,11.537548468782148,120227,66.9
Maastricht,D66,7.242225211679987,120227,66.9
Maastricht,SP,3.5593890955131755,120227,66.9
Maastricht,PvdD,2.5987180501701355,120227,66.9
Maastricht,CDA,2.4800189918493314,120227,66.9
Maastricht,Volt,2.3739811664160797,120227,66.9
Maastricht,FvD,2.261612724539052,120227,66.9
Maastricht,BBB,1.6063939226082138,120227,66.9
Maastricht,DENK,1.4481285115138087,120227,66.9
Maastricht,50PLUS,0.626731027933845,120227,66.9
Maastricht,JA21,0.5570942470523067,120227,66.9
Maastricht,BIJ1,0.474796233283216,120227,66.9
Maastricht,ChristenUnie,0.4415604969533909,120227,66.9
Maastricht,BVNL,0.3007042810793701,120227,66.9
Maastricht,Splinter,0.11078578776608372,120227,66.9
Maastricht,LEF - Voor de Nieuwe Generatie,0.0949592466566432,120227,66.9
Maastricht,Piratenpartij - De Groenen,0.07755005143625861,120227,66.9
Maastricht,SGP,0.0743847432143705,120227,66.9
Maastricht,Nederland met een PLAN,0.06172351032681807,120227,66.9
Maastricht,PartijvdSport,0.05222758566115376,120227,66.9
Maastricht,Samen voor Nederland,0.03956635277360133,120227,66.9
Maastricht,LP (Libertaire Partij),0.03798369866265727,120227,66.9
Medemblik,PVV,26.497761353137665,45165,86.4
Medemblik,VVD,19.035605145334376,45165,86.4
Medemblik,NSC,13.076540402245756,45165,86.4
Medemblik,PvdA/GL,9.72567692417028,45165,86.4
Medemblik,BBB,7.472816430957288,45165,86.4
Medemblik,D66,5.187975268282282,45165,86.4
Medemblik,CDA,4.6620709260180515,45165,86.4
Medemblik,SP,2.871153436145263,45165,86.4
Medemblik,FvD,2.7148034965531944,45165,86.4
Medemblik,PvdD,1.7695970435647788,45165,86.4
Medemblik,ChristenUnie,1.3396347096865897,45165,86.4
Medemblik,JA21,1.058915499964466,45165,86.4
Medemblik,Volt,1.0518086845284629,45165,86.4
Medemblik,SGP,1.009167791912444,45165,86.4
Medemblik,50PLUS,0.7284485821903206,45165,86.4
Medemblik,DENK,0.6253997583682752,45165,86.4
Medemblik,BVNL,0.6147395352142705,45165,86.4
Medemblik,Piratenpartij - De Groenen,0.12436927013005472,45165,86.4
Medemblik,Splinter,0.12081586241205317,45165,86.4
Medemblik,BIJ1,0.1066022315400469,45165,86.4
Medemblik,Samen voor Nederland,0.05330111577002345,45165,86.4
Medemblik,LP (Libertaire Partij),0.042640892616018763,45165,86.4
Medemblik,Nederland met een PLAN,0.0390874848980172,45165,86.4
Medemblik,PartijvdSport,0.0390874848980172,45165,86.4
Medemblik,LEF - Voor de Nieuwe Generatie,0.03198066946201407,45165,86.4
Meerssen,PVV,29.64740936930972,18661,86.8
Meerssen,NSC,16.114881642112234,18661,86.8
Meerssen,VVD,15.941069359377586,18661,86.8
Meerssen,PvdA/GL,15.229266677702366,18661,86.8
Meerssen,D66,5.868233736136401,18661,86.8
Meerssen,CDA,3.674888263532527,18661,86.8
Meerssen,BBB,3.360370799536501,18661,86.8
Meerssen,SP,3.103790763118689,18661,86.8
Meerssen,FvD,1.8622744578712136,18661,86.8
Meerssen,PvdD,1.4732660155603376,18661,86.8
Meerssen,Volt,0.8111239860950173,18661,86.8
Meerssen,JA21,0.6373117033603708,18661,86.8
Meerssen,50PLUS,0.5048832974673068,18661,86.8
Meerssen,BVNL,0.45522264525740774,18661,86.8
Meerssen,ChristenUnie,0.4221155437841417,18661,86.8
Meerssen,DENK,0.27313358715444463,18661,86.8
Meerssen,Splinter,0.14898195662969707,18661,86.8
Meerssen,Nederland met een PLAN,0.09104452905148154,18661,86.8
Meerssen,SGP,0.09104452905148154,18661,86.8
Meerssen,BIJ1,0.06621420294653203,18661,86.8
Meerssen,PartijvdSport,0.06621420294653203,18661,86.8
Meerssen,LEF - Voor de Nieuwe Generatie,0.05793742757821552,18661,86.8
Meerssen,Samen voor Nederland,0.04966065220989903,18661,86.8
Meerssen,Piratenpartij - De Groenen,0.04138387684158252,18661,86.8
Meerssen,LP (Libertaire Partij),0.0082767753683165,18661,86.8
Meierijstad,PVV,28.75592073465442,81647,85.1
Meierijstad,VVD,18.321894635089414,81647,85.1
Meierijstad,NSC,13.647172547124214,81647,85.1
Meierijstad,PvdA/GL,9.894635089415177,81647,85.1
Meierijstad,BBB,6.203963267278879,81647,85.1
Meierijstad,D66,6.068632189463509,81647,85.1
Meierijstad,SP,4.614789753504108,81647,85.1
Meierijstad,CDA,4.344127597873369,81647,85.1
Meierijstad,DENK,1.5795070082165297,81647,85.1
Meierijstad,FvD,1.5485741904301595,81647,85.1
Meierijstad,Volt,1.2605123247945869,81647,85.1
Meierijstad,PvdD,1.185113581440309,81647,85.1
Meierijstad,JA21,0.707588206863219,81647,85.1
Meierijstad,50PLUS,0.5819236346060899,81647,85.1
Meierijstad,BVNL,0.5200579990333495,81647,85.1
Meierijstad,ChristenUnie,0.2513291445142581,81647,85.1
Meierijstad,Splinter,0.11793136781053648,81647,85.1
Meierijstad,BIJ1,0.08119864668922185,81647,85.1
Meierijstad,SGP,0.07346544224262928,81647,85.1
Meierijstad,Piratenpartij - De Groenen,0.0541324311261479,81647,85.1
Meierijstad,PartijvdSport,0.05026582890285162,81647,85.1
Meierijstad,LEF - Voor de Nieuwe Generatie,0.03479942000966651,81647,85.1
Meierijstad,Samen voor Nederland,0.03479942000966651,81647,85.1
Meierijstad,Nederland met een PLAN,0.03093281778637022,81647,85.1
Meierijstad,Politieke Partij voor Basisinkomen,0.02319961333977767,81647,85.1
Meierijstad,LP (Libertaire Partij),0.01353310778153697,81647,85.1
Meppel,PVV,22.352263155561467,34386,87.7
Meppel,NSC,16.088132287094915,34386,87.7
Meppel,PvdA/GL,14.447843241565812,34386,87.7
Meppel,VVD,13.85379261426608,34386,87.7
Meppel,BBB,6.490224763931374,34386,87.7
Meppel,D66,5.319856363878175,34386,87.7
Meppel,CDA,3.941126922906415,34386,87.7
Meppel,ChristenUnie,3.64410160925655,34386,87.7
Meppel,SP,3.4667730637939447,34386,87.7
Meppel,FvD,2.424967859201135,34386,87.7
Meppel,PvdD,2.1412421864609654,34386,87.7
Meppel,Volt,1.5560579864343662,34386,87.7
Meppel,DENK,1.152635545506938,34386,87.7
Meppel,JA21,0.7093141818504234,34386,87.7
Meppel,SGP,0.6960145409407279,34386,87.7
Meppel,BVNL,0.6295163363922507,34386,87.7
Meppel,50PLUS,0.4521877909296448,34386,87.7
Meppel,BIJ1,0.19062818637230128,34386,87.7
Meppel,Splinter,0.13742962273351952,34386,87.7
Meppel,Samen voor Nederland,0.11969676818725894,34386,87.7
Meppel,LEF - Voor de Nieuwe Generatie,0.07536463182160749,34386,87.7
Meppel,Piratenpartij - De Groenen,0.06649820454847719,34386,87.7
Meppel,LP (Libertaire Partij),0.04433213636565146,34386,87.7
Middelburg,PvdA/GL,18.30565909861064,48964,80.3
Middelburg,PVV,17.78380210098272,48964,80.3
Middelburg,VVD,13.327685530328704,48964,80.3
Middelburg,NSC,11.779057946458828,48964,80.3
Middelburg,SGP,8.203998644527278,48964,80.3
Middelburg,D66,5.774313791934937,48964,80.3
Middelburg,CDA,4.188410708234497,48964,80.3
Middelburg,ChristenUnie,3.927482209420535,48964,80.3
Middelburg,SP,3.232802439850898,48964,80.3
Middelburg,BBB,3.181972212809217,48964,80.3
Middelburg,PvdD,2.8498813961369027,48964,80.3
Middelburg,FvD,2.531345306675703,48964,80.3
Middelburg,DENK,1.4164689935615045,48964,80.3
Middelburg,Volt,1.1657065401558795,48964,80.3
Middelburg,JA21,0.6811250423585226,48964,80.3
Middelburg,BVNL,0.5218569976279228,48964,80.3
Middelburg,50PLUS,0.4981362250084717,48964,80.3
Middelburg,BIJ1,0.2677058624195188,48964,80.3
Middelburg,LP (Libertaire Partij),0.09827177228058286,48964,80.3
Middelburg,Piratenpartij - De Groenen,0.08132836326668925,48964,80.3
Middelburg,Splinter,0.08132836326668925,48964,80.3
Middelburg,LEF - Voor de Nieuwe Generatie,0.05760759064723823,48964,80.3
Middelburg,Samen voor Nederland,0.04405286343612335,48964,80.3
Midden-Delfland,VVD,22.60258094428561,19414,86.8
Midden-Delfland,PVV,21.412564716791593,19414,86.8
Midden-Delfland,NSC,12.394714473379183,19414,86.8
Midden-Delfland,PvdA/GL,11.35151842979677,19414,86.8
Midden-Delfland,D66,7.603740051000695,19414,86.8
Midden-Delfland,CDA,6.413723823506684,19414,86.8
Midden-Delfland,BBB,5.52507534193648,19414,86.8
Midden-Delfland,ChristenUnie,2.4959431264971794,19414,86.8
Midden-Delfland,SP,1.8313886098446797,19414,86.8
Midden-Delfland,FvD,1.6768410478324705,19414,86.8
Midden-Delfland,PvdD,1.553202998222703,19414,86.8
Midden-Delfland,Volt,1.4295649486129356,19414,86.8
Midden-Delfland,JA21,0.919557993972645,19414,86.8
Midden-Delfland,DENK,0.7572830538598254,19414,86.8
Midden-Delfland,BVNL,0.5486438451433429,19414,86.8
Midden-Delfland,SGP,0.4945521984390696,19414,86.8
Midden-Delfland,50PLUS,0.3940962831311336,19414,86.8
Midden-Delfland,PartijvdSport,0.1236380496097674,19414,86.8
Midden-Delfland,Splinter,0.1236380496097674,19414,86.8
Midden-Delfland,BIJ1,0.11591067150915696,19414,86.8
Midden-Delfland,Samen voor Nederland,0.0618190248048837,19414,86.8
Midden-Delfland,LEF - Voor de Nieuwe Generatie,0.05409164670427324,19414,86.8
Midden-Delfland,Piratenpartij - De Groenen,0.05409164670427324,19414,86.8
Midden-Delfland,LP (Libertaire Partij),0.03863689050305231,19414,86.8
Midden-Delfland,Nederland met een PLAN,0.02318213430183139,19414,86.8
Midden-Drenthe,PVV,23.836811495039345,33381,92.7
Midden-Drenthe,NSC,15.85271980841601,33381,92.7
Midden-Drenthe,BBB,14.95039343140609,33381,92.7
Midden-Drenthe,PvdA/GL,12.889154977762573,33381,92.7
Midden-Drenthe,VVD,11.84143003763257,33381,92.7
Midden-Drenthe,CDA,4.199452617174136,33381,92.7
Midden-Drenthe,D66,3.4553540882654805,33381,92.7
Midden-Drenthe,SP,2.5401984262743755,33381,92.7
Midden-Drenthe,ChristenUnie,2.334929866575436,33381,92.7
Midden-Drenthe,FvD,2.027027027027027,33381,92.7
Midden-Drenthe,PvdD,1.834587752309271,33381,92.7
Midden-Drenthe,SGP,0.9964078002052684,33381,92.7
Midden-Drenthe,Volt,0.8723913787204927,33381,92.7
Midden-Drenthe,BVNL,0.842456380431064,33381,92.7
Midden-Drenthe,JA21,0.4789599726308587,33381,92.7
Midden-Drenthe,50PLUS,0.3977078344166952,33381,92.7
Midden-Drenthe,DENK,0.19671570304481695,33381,92.7
Midden-Drenthe,Samen voor Nederland,0.1111871365035922,33381,92.7
Midden-Drenthe,BIJ1,0.10691070817653098,33381,92.7
Midden-Drenthe,Splinter,0.08552856654122476,33381,92.7
Midden-Drenthe,Piratenpartij - De Groenen,0.08125213821416352,33381,92.7
Midden-Drenthe,LP (Libertaire Partij),0.05131713992473486,33381,92.7
Midden-Drenthe,LEF - Voor de Nieuwe Generatie,0.01710571330824495,33381,92.7
Midden-Groningen,PVV,27.786934783803087,60726,84.9
Midden-Groningen,NSC,16.636448546783143,60726,84.9
Midden-Groningen,PvdA/GL,13.878358331959785,60726,84.9
Midden-Groningen,VVD,10.543376737541893,60726,84.9
Midden-Groningen,BBB,7.5820009889566515,60726,84.9
Midden-Groningen,SP,5.051920224163507,60726,84.9
Midden-Groningen,D66,3.878907752321301,60726,84.9
Midden-Groningen,ChristenUnie,3.2800395582660293,60726,84.9
Midden-Groningen,FvD,2.4311850997197957,60726,84.9
Midden-Groningen,CDA,2.005384319542882,60726,84.9
Midden-Groningen,PvdD,1.5466183176748531,60726,84.9
Midden-Groningen,DENK,1.4751936706774351,60726,84.9
Midden-Groningen,SGP,0.8488544585462338,60726,84.9
Midden-Groningen,Volt,0.6867754518982474,60726,84.9
Midden-Groningen,50PLUS,0.6840283500906543,60726,84.9
Midden-Groningen,BVNL,0.5549145651337839,60726,84.9
Midden-Groningen,JA21,0.4752486127135871,60726,84.9
Midden-Groningen,Piratenpartij - De Groenen,0.1565848030328004,60726,84.9
Midden-Groningen,BIJ1,0.1483434976100214,60726,84.9
Midden-Groningen,Samen voor Nederland,0.10713697049612658,60726,84.9
Midden-Groningen,Splinter,0.09614856326575462,60726,84.9
Midden-Groningen,Nederland met een PLAN,0.06593044338223175,60726,84.9
Midden-Groningen,LP (Libertaire Partij),0.04395362892148783,60726,84.9
Midden-Groningen,LEF - Voor de Nieuwe Generatie,0.03571232349870886,60726,84.9
Moerdijk,PVV,32.7047602380119,37185,87.3
Moerdijk,VVD,17.575253762688135,37185,87.3
Moerdijk,NSC,13.414420721036052,37185,87.3
Moerdijk,PvdA/GL,8.317290864543226,37185,87.3
Moerdijk,BBB,5.810290514525726,37185,87.3
Moerdijk,D66,4.397094854742737,37185,87.3
Moerdijk,CDA,4.016450822541127,37185,87.3
Moerdijk,SP,3.723311165558278,37185,87.3
Moerdijk,FvD,2.3451172558627933,37185,87.3
Moerdijk,ChristenUnie,1.6057052852642633,37185,87.3
Moerdijk,PvdD,1.3650682534126708,37185,87.3
Moerdijk,JA21,0.8575428771438572,37185,87.3
Moerdijk,Volt,0.7744137206860343,37185,87.3
Moerdijk,50PLUS,0.7350367518375919,37185,87.3
Moerdijk,DENK,0.7175358767938397,37185,87.3
Moerdijk,BVNL,0.5906545327266364,37185,87.3
Moerdijk,SGP,0.4418970948547428,37185,87.3
Moerdijk,Splinter,0.20126006300315016,37185,87.3
Moerdijk,BIJ1,0.1400070003500175,37185,87.3
Moerdijk,PartijvdSport,0.0656282814140707,37185,87.3
Moerdijk,Piratenpartij - De Groenen,0.05250262513125656,37185,87.3
Moerdijk,Nederland met een PLAN,0.04812740637031851,37185,87.3
Moerdijk,Samen voor Nederland,0.03500175008750438,37185,87.3
Moerdijk,Politieke Partij voor Basisinkomen,0.02625131256562828,37185,87.3
Moerdijk,LP (Libertaire Partij),0.02187609380469023,37185,87.3
Moerdijk,LEF - Voor de Nieuwe Generatie,0.01750087504375219,37185,87.3
Molenlanden,PVV,21.882494004796165,44130,92.6
Molenlanden,SGP,16.966426858513188,44130,92.6
Molenlanden,VVD,13.239408473221422,44130,92.6
Molenlanden,NSC,10.594857447375434,44130,92.6
Molenlanden,ChristenUnie,8.339994670929924,44130,92.6
Molenlanden,CDA,6.7745803357314145,44130,92.6
Molenlanden,PvdA/GL,6.3515853983479875,44130,92.6
Molenlanden,BBB,5.938582467359446,44130,92.6
Molenlanden,D66,2.4913402611244337,44130,92.6
Molenlanden,FvD,2.084998667732481,44130,92.6
Molenlanden,SP,1.5587529976019183,44130,92.6
Molenlanden,PvdD,1.0524913402611245,44130,92.6
Molenlanden,JA21,0.7760458300026646,44130,92.6
Molenlanden,Volt,0.572875033306688,44130,92.6
Molenlanden,DENK,0.4163335997868372,44130,92.6
Molenlanden,BVNL,0.3663735678124168,44130,92.6
Molenlanden,50PLUS,0.3097521982414069,44130,92.6
Molenlanden,BIJ1,0.07327471356248334,44130,92.6
Molenlanden,Piratenpartij - De Groenen,0.05995203836930455,44130,92.6
Molenlanden,Splinter,0.04329869437783106,44130,92.6
Molenlanden,Samen voor Nederland,0.02997601918465227,44130,92.6
Molenlanden,Nederland met een PLAN,0.02664535038635758,44130,92.6
Molenlanden,PartijvdSport,0.02664535038635758,44130,92.6
Molenlanden,LEF - Voor de Nieuwe Generatie,0.01332267519317879,44130,92.6
Molenlanden,LP (Libertaire Partij),0.00999200639488409,44130,92.6
Montferland,PVV,32.170941578492325,36031,87.5
Montferland,NSC,15.793157396352258,36031,87.5
Montferland,VVD,14.977973568281936,36031,87.5
Montferland,BBB,10.268022561653424,36031,87.5
Montferland,PvdA/GL,8.715879616287209,36031,87.5
Montferland,D66,4.063567870229321,36031,87.5
Montferland,CDA,4.014162789740212,36031,87.5
Montferland,SP,2.741981967145622,36031,87.5
Montferland,FvD,1.9020955988307464,36031,87.5
Montferland,PvdD,1.2639466425130716,36031,87.5
Montferland,Volt,0.8851743587632261,36031,87.5
Montferland,DENK,0.7040223969698217,36031,87.5
Montferland,JA21,0.6257976861953971,36031,87.5
Montferland,50PLUS,0.48581662480958454,36031,87.5
Montferland,BVNL,0.48169953476882543,36031,87.5
Montferland,ChristenUnie,0.41994318415743753,36031,87.5
Montferland,SGP,0.11116143110049816,36031,87.5
Montferland,BIJ1,0.0946930709374614,36031,87.5
Montferland,Splinter,0.07410762073366545,36031,87.5
Montferland,Piratenpartij - De Groenen,0.06175635061138786,36031,87.5
Montferland,Samen voor Nederland,0.06175635061138786,36031,87.5
Montferland,Nederland met een PLAN,0.04117090040759191,36031,87.5
Montferland,LEF - Voor de Nieuwe Generatie,0.03293672032607353,36031,87.5
Montferland,LP (Libertaire Partij),0.00823418008151838,36031,87.5
Montfoort,PVV,23.047168797679166,13896,89.2
Montfoort,VVD,20.339529386483292,13896,89.2
Montfoort,NSC,12.538949178038036,13896,89.2
Montfoort,PvdA/GL,9.423014934995164,13896,89.2
Montfoort,BBB,6.33931449446653,13896,89.2
Montfoort,SGP,5.716127645857957,13896,89.2
Montfoort,D66,5.168153003115934,13896,89.2
Montfoort,CDA,4.8887933813258835,13896,89.2
Montfoort,ChristenUnie,3.22338025142366,13896,89.2
Montfoort,SP,2.1274309659396153,13896,89.2
Montfoort,FvD,1.5902009240356725,13896,89.2
Montfoort,Volt,1.4827549156548834,13896,89.2
Montfoort,DENK,1.031481680455571,13896,89.2
Montfoort,PvdD,1.031481680455571,13896,89.2
Montfoort,JA21,0.7091436553132051,13896,89.2
Montfoort,BVNL,0.5264854410658644,13896,89.2
Montfoort,50PLUS,0.39755023100891806,13896,89.2
Montfoort,BIJ1,0.0967014075427098,13896,89.2
Montfoort,Splinter,0.07521220586655206,13896,89.2
Montfoort,LP (Libertaire Partij),0.05372300419039433,13896,89.2
Montfoort,Samen voor Nederland,0.05372300419039433,13896,89.2
Montfoort,PartijvdSport,0.04297840335231547,13896,89.2
Montfoort,Piratenpartij - De Groenen,0.04297840335231547,13896,89.2
Montfoort,Nederland met een PLAN,0.0322338025142366,13896,89.2
Montfoort,LEF - Voor de Nieuwe Generatie,0.02148920167615773,13896,89.2
Mook en Middelaar,PvdA/GL,22.13660245183888,7909,85.7
Mook en Middelaar,PVV,20.332749562171628,7909,85.7
Mook en Middelaar,VVD,18.476357267950963,7909,85.7
Mook en Middelaar,NSC,12.609457092819614,7909,85.7
Mook en Middelaar,D66,8.791593695271454,7909,85.7
Mook en Middelaar,SP,3.677758318739054,7909,85.7
Mook en Middelaar,BBB,3.0472854640980733,7909,85.7
Mook en Middelaar,CDA,3.0472854640980733,7909,85.7
Mook en Middelaar,PvdD,2.7495621716287215,7909,85.7
Mook en Middelaar,Volt,1.7513134851138354,7909,85.7
Mook en Middelaar,FvD,1.1733800350262698,7909,85.7
Mook en Middelaar,50PLUS,0.42031523642732055,7909,85.7
Mook en Middelaar,DENK,0.36777583187390545,7909,85.7
Mook en Middelaar,JA21,0.36777583187390545,7909,85.7
Mook en Middelaar,BVNL,0.29772329246935203,7909,85.7
Mook en Middelaar,ChristenUnie,0.29772329246935203,7909,85.7
Mook en Middelaar,BIJ1,0.12259194395796848,7909,85.7
Mook en Middelaar,Splinter,0.08756567425569177,7909,85.7
Mook en Middelaar,PartijvdSport,0.07005253940455342,7909,85.7
Mook en Middelaar,Piratenpartij - De Groenen,0.07005253940455342,7909,85.7
Mook en Middelaar,SGP,0.07005253940455342,7909,85.7
Mook en Middelaar,Nederland met een PLAN,0.03502626970227671,7909,85.7
Neder-Betuwe,SGP,32.88616575298291,24648,91
Neder-Betuwe,PVV,25.669138987423413,24648,91
Neder-Betuwe,VVD,9.229280877136407,24648,91
Neder-Betuwe,NSC,8.745565946468881,24648,91
Neder-Betuwe,PvdA/GL,4.998387616897775,24648,91
Neder-Betuwe,BBB,4.572718477910351,24648,91
Neder-Betuwe,ChristenUnie,3.08287649145437,24648,91
Neder-Betuwe,CDA,2.689455014511448,24648,91
Neder-Betuwe,FvD,2.17994195420832,24648,91
Neder-Betuwe,D66,1.6123831022250887,24648,91
Neder-Betuwe,SP,1.4446952595936793,24648,91
Neder-Betuwe,PvdD,0.709448564979039,24648,91
Neder-Betuwe,JA21,0.4708158658497259,24648,91
Neder-Betuwe,Volt,0.4256691389874234,24648,91
Neder-Betuwe,BVNL,0.399871009351822,24648,91
Neder-Betuwe,DENK,0.3611738148984198,24648,91
Neder-Betuwe,50PLUS,0.309577555627217,24648,91
Neder-Betuwe,BIJ1,0.09674298613350532,24648,91
Neder-Betuwe,Splinter,0.03224766204450177,24648,91
Neder-Betuwe,Piratenpartij - De Groenen,0.02579812963560141,24648,91
Neder-Betuwe,Samen voor Nederland,0.02579812963560141,24648,91
Neder-Betuwe,LEF - Voor de Nieuwe Generatie,0.0128990648178007,24648,91
Neder-Betuwe,PartijvdSport,0.0128990648178007,24648,91
Neder-Betuwe,Nederland met een PLAN,0.00644953240890035,24648,91
Nederweert,PVV,31.36008716179408,17171,90
Nederweert,VVD,15.31686943889595,17171,90
Nederweert,NSC,14.753949518794265,17171,90
Nederweert,BBB,10.368621754131109,17171,90
Nederweert,PvdA/GL,9.6331941165789,17171,90
Nederweert,D66,4.585073542763755,17171,90
Nederweert,CDA,4.50335936081351,17171,90
Nederweert,SP,2.6602505901579807,17171,90
Nederweert,FvD,2.07009260940621,17171,90
Nederweert,PvdD,1.0895224260032683,17171,90
Nederweert,BVNL,0.8171418195024513,17171,90
Nederweert,Volt,0.7717450517523152,17171,90
Nederweert,JA21,0.7263482840021791,17171,90
Nederweert,50PLUS,0.381332849101144,17171,90
Nederweert,DENK,0.21790448520065372,17171,90
Nederweert,BIJ1,0.15434901035046306,17171,90
Nederweert,ChristenUnie,0.1452696568004358,17171,90
Nederweert,Splinter,0.10895224260032686,17171,90
Nederweert,SGP,0.09987288905029962,17171,90
Nederweert,PartijvdSport,0.0726348284002179,17171,90
Nederweert,Samen voor Nederland,0.05447612130016343,17171,90
Nederweert,LEF - Voor de Nieuwe Generatie,0.03631741420010895,17171,90
Nederweert,Piratenpartij - De Groenen,0.03631741420010895,17171,90
Nederweert,LP (Libertaire Partij),0.02723806065008171,17171,90
Nederweert,Nederland met een PLAN,0.00907935355002723,17171,90
Nieuwegein,PVV,27.369454468265765,63866,71.4
Nieuwegein,VVD,15.787518573551262,63866,71.4
Nieuwegein,PvdA/GL,15.527488855869242,63866,71.4
Nieuwegein,NSC,12.330184674166844,63866,71.4
Nieuwegein,D66,5.909042666100615,63866,71.4
Nieuwegein,SP,3.791657822118446,63866,71.4
Nieuwegein,DENK,3.2928253024835494,63866,71.4
Nieuwegein,CDA,2.6109106346847804,63866,71.4
Nieuwegein,FvD,2.44640203778391,63866,71.4
Nieuwegein,BBB,2.30842708554447,63866,71.4
Nieuwegein,PvdD,2.1439184886436,63866,71.4
Nieuwegein,Volt,1.610592230948843,63866,71.4
Nieuwegein,ChristenUnie,1.5522182126936956,63866,71.4
Nieuwegein,50PLUS,0.6686478454680534,63866,71.4
Nieuwegein,JA21,0.650074294205052,63866,71.4
Nieuwegein,SGP,0.5253661642963278,63866,71.4
Nieuwegein,BIJ1,0.4669921460411802,63866,71.4
Nieuwegein,BVNL,0.42984504351517727,63866,71.4
Nieuwegein,Splinter,0.14593504563786883,63866,71.4
Nieuwegein,Piratenpartij - De Groenen,0.13266822330715347,63866,71.4
Nieuwegein,Nederland met een PLAN,0.07960093398429208,63866,71.4
Nieuwegein,PartijvdSport,0.05572065378900445,63866,71.4
Nieuwegein,Samen voor Nederland,0.05572065378900445,63866,71.4
Nieuwegein,LEF - Voor de Nieuwe Generatie,0.04245383145828911,63866,71.4
Nieuwegein,LP (Libertaire Partij),0.03980046699214604,63866,71.4
Nieuwegein,Politieke Partij voor Basisinkomen,0.02653364466143069,63866,71.4
Nieuwkoop,PVV,25.897259184647194,29151,88.2
Nieuwkoop,VVD,21.046493134708157,29151,88.2
Nieuwkoop,NSC,12.898266447542808,29151,88.2
Nieuwkoop,PvdA/GL,8.376186184594179,29151,88.2
Nieuwkoop,BBB,8.020993479298097,29151,88.2
Nieuwkoop,CDA,5.396808567035996,29151,88.2
Nieuwkoop,D66,5.2854795101521495,29151,88.2
Nieuwkoop,SP,2.0304299422149183,29151,88.2
Nieuwkoop,FvD,1.961511954620156,29151,88.2
Nieuwkoop,SGP,1.6328261676297515,29151,88.2
Nieuwkoop,PvdD,1.52679849440704,29151,88.2
Nieuwkoop,ChristenUnie,1.436674972167736,29151,88.2
Nieuwkoop,JA21,1.1557016381275511,29151,88.2
Nieuwkoop,Volt,0.9966601282934846,29151,88.2
Nieuwkoop,50PLUS,0.6361660393362668,29151,88.2
Nieuwkoop,BVNL,0.5566452844192334,29151,88.2
Nieuwkoop,DENK,0.5460425170969623,29151,88.2
Nieuwkoop,BIJ1,0.14313735885066003,29151,88.2
Nieuwkoop,Splinter,0.10602767322271114,29151,88.2
Nieuwkoop,Nederland met een PLAN,0.07952075491703335,29151,88.2
Nieuwkoop,Samen voor Nederland,0.06891798759476223,29151,88.2
Nieuwkoop,LP (Libertaire Partij),0.05831522027249111,29151,88.2
Nieuwkoop,LEF - Voor de Nieuwe Generatie,0.05301383661135557,29151,88.2
Nieuwkoop,Piratenpartij - De Groenen,0.05301383661135557,29151,88.2
Nieuwkoop,PartijvdSport,0.0371096856279489,29151,88.2
Nijkerk,PVV,24.198190076627025,43600,87.7
Nijkerk,VVD,15.866301445858328,43600,87.7
Nijkerk,NSC,12.981519364793176,43600,87.7
Nijkerk,PvdA/GL,8.345757775389202,43600,87.7
Nijkerk,ChristenUnie,6.927637737942513,43600,87.7
Nijkerk,BBB,6.282722513089005,43600,87.7
Nijkerk,SGP,6.23071322076211,43600,87.7
Nijkerk,CDA,5.714087583648278,43600,87.7
Nijkerk,D66,4.084463090738879,43600,87.7
Nijkerk,FvD,2.000624111507922,43600,87.7
Nijkerk,SP,1.6469609236850318,43600,87.7
Nijkerk,DENK,1.3834471758954268,43600,87.7
Nijkerk,PvdD,1.213550154294234,43600,87.7
Nijkerk,Volt,1.1407371450365795,43600,87.7
Nijkerk,JA21,0.8078776741444471,43600,87.7
Nijkerk,BVNL,0.42300891092541865,43600,87.7
Nijkerk,50PLUS,0.38486876321902846,43600,87.7
Nijkerk,BIJ1,0.10401858465379148,43600,87.7
Nijkerk,Piratenpartij - De Groenen,0.06934572310252765,43600,87.7
Nijkerk,Splinter,0.06241115079227489,43600,87.7
Nijkerk,Nederland met een PLAN,0.04160743386151659,43600,87.7
Nijkerk,Samen voor Nederland,0.03814014770639021,43600,87.7
Nijkerk,LEF - Voor de Nieuwe Generatie,0.02773828924101106,43600,87.7
Nijkerk,LP (Libertaire Partij),0.02427100308588467,43600,87.7
Nijmegen,PvdA/GL,34.34702123493708,177359,73.4
Nijmegen,PVV,14.73896869048255,177359,73.4
Nijmegen,D66,10.412773001548564,177359,73.4
Nijmegen,VVD,9.773766931880886,177359,73.4
Nijmegen,NSC,9.268257951976649,177359,73.4
Nijmegen,PvdD,4.202488385753191,177359,73.4
Nijmegen,SP,3.972873391360068,177359,73.4
Nijmegen,Volt,3.6008615012192733,177359,73.4
Nijmegen,CDA,1.8769690820740104,177359,73.4
Nijmegen,DENK,1.8582794895071288,177359,73.4
Nijmegen,FvD,1.5681458144212457,177359,73.4
Nijmegen,BBB,1.189014079493067,177359,73.4
Nijmegen,BIJ1,0.7742831206279703,177359,73.4
Nijmegen,ChristenUnie,0.7342339936989374,177359,73.4
Nijmegen,JA21,0.4912692903294708,177359,73.4
Nijmegen,BVNL,0.31683309303857177,177359,73.4
Nijmegen,50PLUS,0.24296470336946657,177359,73.4
Nijmegen,Piratenpartij - De Groenen,0.1263772449760595,177359,73.4
Nijmegen,Splinter,0.11747743899182998,177359,73.4
Nijmegen,SGP,0.11035759420444634,177359,73.4
Nijmegen,LEF - Voor de Nieuwe Generatie,0.07386838966910521,177359,73.4
Nijmegen,PartijvdSport,0.06140866129118385,177359,73.4
Nijmegen,Nederland met een PLAN,0.0605186806927609,177359,73.4
Nijmegen,LP (Libertaire Partij),0.04805895231483954,177359,73.4
Nijmegen,Samen voor Nederland,0.03292928214164931,177359,73.4
Nissewaard,PVV,37.844926856314245,85440,73.9
Nissewaard,VVD,14.432550006397408,85440,73.9
Nissewaard,NSC,12.62421631765258,85440,73.9
Nissewaard,PvdA/GL,9.491619396937772,85440,73.9
Nissewaard,SP,3.9493325372115833,85440,73.9
Nissewaard,BBB,3.424745169957777,85440,73.9
Nissewaard,D66,3.384228259478825,85440,73.9
Nissewaard,FvD,3.0707553205100866,85440,73.9
Nissewaard,CDA,2.4736640081886807,85440,73.9
Nissewaard,DENK,1.776346654156182,85440,73.9
Nissewaard,PvdD,1.6462660468290184,85440,73.9
Nissewaard,ChristenUnie,1.334925576832857,85440,73.9
Nissewaard,JA21,0.9489486927965198,85440,73.9
Nissewaard,50PLUS,0.7207745127308398,85440,73.9
Nissewaard,Volt,0.6930524160873459,85440,73.9
Nissewaard,SGP,0.6376082228003583,85440,73.9
Nissewaard,BVNL,0.565104277732759,85440,73.9
Nissewaard,BIJ1,0.45634836013136,85440,73.9
Nissewaard,Splinter,0.14927282808035144,85440,73.9
Nissewaard,Samen voor Nederland,0.09382863479336376,85440,73.9
Nissewaard,Nederland met een PLAN,0.07250394506759926,85440,73.9
Nissewaard,PartijvdSport,0.06610653814986993,85440,73.9
Nissewaard,Piratenpartij - De Groenen,0.05757666225956412,85440,73.9
Nissewaard,LEF - Voor de Nieuwe Generatie,0.04478184842410543,85440,73.9
Nissewaard,LP (Libertaire Partij),0.04051691047895253,85440,73.9
Noardeast-Fryslân,PVV,26.84224984547765,45481,94
Noardeast-Fryslân,NSC,20.92576059336584,45481,94
Noardeast-Fryslân,BBB,10.167570908591443,45481,94
Noardeast-Fryslân,PvdA/GL,8.48499416248884,45481,94
Noardeast-Fryslân,VVD,7.93558134743493,45481,94
Noardeast-Fryslân,CDA,7.58533067783806,45481,94
Noardeast-Fryslân,ChristenUnie,3.8664926859419,45481,94
Noardeast-Fryslân,SP,2.9393585605384245,45481,94
Noardeast-Fryslân,FvD,2.781402376210425,45481,94
Noardeast-Fryslân,D66,2.4654900075544264,45481,94
Noardeast-Fryslân,PvdD,1.497149921021908,45481,94
Noardeast-Fryslân,SGP,1.486848430739647,45481,94
Noardeast-Fryslân,BVNL,0.982075406908866,45481,94
Noardeast-Fryslân,JA21,0.6730306984410411,45481,94
Noardeast-Fryslân,Volt,0.5047730238307808,45481,94
Noardeast-Fryslân,50PLUS,0.3159123686559989,45481,94
Noardeast-Fryslân,DENK,0.1545223542339125,45481,94
Noardeast-Fryslân,Splinter,0.07897809216399973,45481,94
Noardeast-Fryslân,BIJ1,0.07554426206991277,45481,94
Noardeast-Fryslân,Piratenpartij - De Groenen,0.07211043197582584,45481,94
Noardeast-Fryslân,Samen voor Nederland,0.05837511159947806,45481,94
Noardeast-Fryslân,LP (Libertaire Partij),0.03777213103495638,45481,94
Noardeast-Fryslân,LEF - Voor de Nieuwe Generatie,0.0309044708467825,45481,94
Noardeast-Fryslân,Politieke Partij voor Basisinkomen,0.02060298056452167,45481,94
Noardeast-Fryslân,Nederland met een PLAN,0.01716915047043472,45481,94
Noord-Beveland,PVV,26.1748844375963,7581,86.4
Noord-Beveland,VVD,16.3135593220339,7581,86.4
Noord-Beveland,NSC,13.154853620955317,7581,86.4
Noord-Beveland,PvdA/GL,10.400616332819723,7581,86.4
Noord-Beveland,BBB,8.12788906009245,7581,86.4
Noord-Beveland,CDA,4.680277349768875,7581,86.4
Noord-Beveland,D66,4.160246533127889,7581,86.4
Noord-Beveland,SGP,3.678736517719568,7581,86.4
Noord-Beveland,SP,3.0238828967642526,7581,86.4
Noord-Beveland,FvD,2.5231124807395995,7581,86.4
Noord-Beveland,PvdD,2.349768875192604,7581,86.4
Noord-Beveland,ChristenUnie,1.7141756548536211,7581,86.4
Noord-Beveland,BVNL,0.9244992295839756,7581,86.4
Noord-Beveland,JA21,0.8281972265023113,7581,86.4
Noord-Beveland,Volt,0.6163328197226503,7581,86.4
Noord-Beveland,DENK,0.4044684129429892,7581,86.4
Noord-Beveland,50PLUS,0.3852080123266564,7581,86.4
Noord-Beveland,Splinter,0.13482280431432975,7581,86.4
Noord-Beveland,BIJ1,0.11556240369799692,7581,86.4
Noord-Beveland,Samen voor Nederland,0.11556240369799692,7581,86.4
Noord-Beveland,LP (Libertaire Partij),0.0963020030816641,7581,86.4
Noord-Beveland,LEF - Voor de Nieuwe Generatie,0.05778120184899846,7581,86.4
Noord-Beveland,Piratenpartij - De Groenen,0.01926040061633282,7581,86.4
Noordenveld,PVV,20.29266491252366,31214,92.2
Noordenveld,PvdA/GL,19.170936620043392,31214,92.2
Noordenveld,NSC,15.74112542122513,31214,92.2
Noordenveld,VVD,13.76079028758713,31214,92.2
Noordenveld,BBB,7.912108202926649,31214,92.2
Noordenveld,D66,6.1856621889858285,31214,92.2
Noordenveld,CDA,3.222083737247842,31214,92.2
Noordenveld,SP,3.1389927526196746,31214,92.2
Noordenveld,ChristenUnie,2.663527673914047,31214,92.2
Noordenveld,PvdD,2.335779901214051,31214,92.2
Noordenveld,FvD,1.9203249780732123,31214,92.2
Noordenveld,Volt,1.2925264275492776,31214,92.2
Noordenveld,JA21,0.540091400083091,31214,92.2
Noordenveld,SGP,0.4939297419563311,31214,92.2
Noordenveld,BVNL,0.4616165812675991,31214,92.2
Noordenveld,50PLUS,0.4339195863915432,31214,92.2
Noordenveld,BIJ1,0.09693948206619582,31214,92.2
Noordenveld,DENK,0.09693948206619582,31214,92.2
Noordenveld,Splinter,0.06924248719013987,31214,92.2
Noordenveld,Piratenpartij - De Groenen,0.0553939897521119,31214,92.2
Noordenveld,Samen voor Nederland,0.0507778239394359,31214,92.2
Noordenveld,LEF - Voor de Nieuwe Generatie,0.03692932650140793,31214,92.2
Noordenveld,LP (Libertaire Partij),0.02769699487605595,31214,92.2
Noordoostpolder,PVV,24.103801629769524,47583,83.5
Noordoostpolder,NSC,15.140069247717973,47583,83.5
Noordoostpolder,VVD,13.066135068023645,47583,83.5
Noordoostpolder,BBB,11.838561885776238,47583,83.5
Noordoostpolder,PvdA/GL,7.722169761829818,47583,83.5
Noordoostpolder,CDA,5.452383450494876,47583,83.5
Noordoostpolder,ChristenUnie,4.6305039695030255,47583,83.5
Noordoostpolder,SGP,4.546567341657049,47583,83.5
Noordoostpolder,D66,3.053194837897387,47583,83.5
Noordoostpolder,FvD,2.8363585492952823,47583,83.5
Noordoostpolder,SP,2.451649005001224,47583,83.5
Noordoostpolder,PvdD,1.2835309341447207,47583,83.5
Noordoostpolder,DENK,0.9268002657993216,47583,83.5
Noordoostpolder,Volt,0.7134613366907985,47583,83.5
Noordoostpolder,JA21,0.6959745392228868,47583,83.5
Noordoostpolder,BVNL,0.5630748784667576,47583,83.5
Noordoostpolder,50PLUS,0.4336725772042107,47583,83.5
Noordoostpolder,BIJ1,0.16087853670478788,47583,83.5
Noordoostpolder,Samen voor Nederland,0.10142342531388802,47583,83.5
Noordoostpolder,Piratenpartij - De Groenen,0.08743398733955864,47583,83.5
Noordoostpolder,Splinter,0.08043926835239394,47583,83.5
Noordoostpolder,LP (Libertaire Partij),0.04196831392298814,47583,83.5
Noordoostpolder,Nederland met een PLAN,0.03497359493582346,47583,83.5
Noordoostpolder,LEF - Voor de Nieuwe Generatie,0.02797887594865876,47583,83.5
Noordoostpolder,Politieke Partij voor Basisinkomen,0.00699471898716469,47583,83.5
Noordwijk,PVV,25.889097278743055,44062,82.1
Noordwijk,VVD,24.116210764712125,44062,82.1
Noordwijk,NSC,12.583601684419124,44062,82.1
Noordwijk,PvdA/GL,11.037191691142644,44062,82.1
Noordwijk,D66,6.436887363317881,44062,82.1
Noordwijk,BBB,3.839484765915284,44062,82.1
Noordwijk,CDA,3.659011288439081,44062,82.1
Noordwijk,SP,2.438161293747125,44062,82.1
Noordwijk,FvD,2.2470717293605578,44062,82.1
Noordwijk,PvdD,1.9321278176864007,44062,82.1
Noordwijk,Volt,1.468558689267136,44062,82.1
Noordwijk,JA21,0.9660639088432004,44062,82.1
Noordwijk,ChristenUnie,0.7608195619094802,44062,82.1
Noordwijk,DENK,0.6794295622633497,44062,82.1
Noordwijk,BVNL,0.5838847800700662,44062,82.1
Noordwijk,50PLUS,0.4989560847871475,44062,82.1
Noordwijk,SGP,0.32202130294773346,44062,82.1
Noordwijk,BIJ1,0.10969956474043668,44062,82.1
Noordwijk,Splinter,0.09908347783007182,44062,82.1
Noordwijk,PartijvdSport,0.06723521709897733,44062,82.1
Noordwijk,Piratenpartij - De Groenen,0.06369652146218903,44062,82.1
Noordwijk,LEF - Voor de Nieuwe Generatie,0.06015782582540075,44062,82.1
Noordwijk,Samen voor Nederland,0.06015782582540075,44062,82.1
Noordwijk,LP (Libertaire Partij),0.0353869563678828,44062,82.1
Noordwijk,Nederland met een PLAN,0.02477086945751795,44062,82.1
Noordwijk,Politieke Partij voor Basisinkomen,0.02123217382072968,44062,82.1
"Nuenen, Gerwen en Nederwetten",VVD,21.880470117529384,23702,86.2
"Nuenen, Gerwen en Nederwetten",PVV,20.017504376094024,23702,86.2
"Nuenen, Gerwen en Nederwetten",PvdA/GL,16.22905726431608,23702,86.2
"Nuenen, Gerwen en Nederwetten",NSC,14.43485871467867,23702,86.2
"Nuenen, Gerwen en Nederwetten",D66,8.827206801700425,23702,86.2
"Nuenen, Gerwen en Nederwetten",CDA,3.807201800450113,23702,86.2
"Nuenen, Gerwen en Nederwetten",SP,3.4571142785696423,23702,86.2
"Nuenen, Gerwen en Nederwetten",BBB,2.9007251812953236,23702,86.2
"Nuenen, Gerwen en Nederwetten",Volt,2.1380345086271566,23702,86.2
"Nuenen, Gerwen en Nederwetten",FvD,1.644161040260065,23702,86.2
"Nuenen, Gerwen en Nederwetten",PvdD,1.6191547886971742,23702,86.2
"Nuenen, Gerwen en Nederwetten",ChristenUnie,0.6189047261815454,23702,86.2
"Nuenen, Gerwen en Nederwetten",JA21,0.5251312828207052,23702,86.2
"Nuenen, Gerwen en Nederwetten",50PLUS,0.468867216804201,23702,86.2
"Nuenen, Gerwen en Nederwetten",BVNL,0.4626156539134784,23702,86.2
"Nuenen, Gerwen en Nederwetten",DENK,0.4438609652413103,23702,86.2
"Nuenen, Gerwen en Nederwetten",BIJ1,0.1625406351587897,23702,86.2
"Nuenen, Gerwen en Nederwetten",Splinter,0.10627656914228556,23702,86.2
"Nuenen, Gerwen en Nederwetten",SGP,0.08127031757939485,23702,86.2
"Nuenen, Gerwen en Nederwetten",Nederland met een PLAN,0.03750937734433608,23702,86.2
"Nuenen, Gerwen en Nederwetten",Piratenpartij - De Groenen,0.03750937734433608,23702,86.2
"Nuenen, Gerwen en Nederwetten",PartijvdSport,0.0312578144536134,23702,86.2
"Nuenen, Gerwen en Nederwetten",LEF - Voor de Nieuwe Generatie,0.02500625156289072,23702,86.2
"Nuenen, Gerwen en Nederwetten",Samen voor Nederland,0.02500625156289072,23702,86.2
"Nuenen, Gerwen en Nederwetten",LP (Libertaire Partij),0.01875468867216804,23702,86.2
Nunspeet,SGP,23.715560220414588,28021,92.7
Nunspeet,PVV,20.991865652059825,28021,92.7
Nunspeet,NSC,11.356599317764369,28021,92.7
Nunspeet,VVD,10.585148255051168,28021,92.7
Nunspeet,ChristenUnie,8.895303070060352,28021,92.7
Nunspeet,BBB,5.788506953555498,28021,92.7
Nunspeet,PvdA/GL,5.242718446601942,28021,92.7
Nunspeet,CDA,4.439779585410653,28021,92.7
Nunspeet,D66,2.408816583573865,28021,92.7
Nunspeet,FvD,1.8945158750983997,28021,92.7
Nunspeet,SP,1.332983468905799,28021,92.7
Nunspeet,PvdD,0.8344266596693781,28021,92.7
Nunspeet,JA21,0.6874836001049593,28021,92.7
Nunspeet,Volt,0.6035161374967201,28021,92.7
Nunspeet,BVNL,0.34636578325898715,28021,92.7
Nunspeet,DENK,0.34636578325898715,28021,92.7
Nunspeet,50PLUS,0.19942272369456832,28021,92.7
Nunspeet,BIJ1,0.120703227499344,28021,92.7
Nunspeet,Splinter,0.0734715297822094,28021,92.7
Nunspeet,Piratenpartij - De Groenen,0.04723169771713461,28021,92.7
Nunspeet,Nederland met een PLAN,0.0367357648911047,28021,92.7
Nunspeet,LEF - Voor de Nieuwe Generatie,0.02099186565205982,28021,92.7
Nunspeet,LP (Libertaire Partij),0.01574389923904487,28021,92.7
Nunspeet,Samen voor Nederland,0.01574389923904487,28021,92.7
Oegstgeest,VVD,22.93408206240827,25064,74.3
Oegstgeest,PvdA/GL,22.474634675515283,25064,74.3
Oegstgeest,D66,13.011294748261118,25064,74.3
Oegstgeest,PVV,12.507178865420205,25064,74.3
Oegstgeest,NSC,10.037649160870398,25064,74.3
Oegstgeest,CDA,3.809584582987685,25064,74.3
Oegstgeest,Volt,3.024695297045498,25064,74.3
Oegstgeest,PvdD,2.4822921319634994,25064,74.3
Oegstgeest,ChristenUnie,1.7803586242103246,25064,74.3
Oegstgeest,SP,1.773977410503478,25064,74.3
Oegstgeest,BBB,1.4485355114542786,25064,74.3
Oegstgeest,FvD,1.4421542977474315,25064,74.3
Oegstgeest,DENK,0.8295577818901155,25064,74.3
Oegstgeest,JA21,0.5679280199093867,25064,74.3
Oegstgeest,BVNL,0.5104970965477634,25064,74.3
Oegstgeest,SGP,0.4339225320655989,25064,74.3
Oegstgeest,50PLUS,0.3190606853423521,25064,74.3
Oegstgeest,BIJ1,0.29353583051496396,25064,74.3
Oegstgeest,Splinter,0.12762427413694086,25064,74.3
Oegstgeest,PartijvdSport,0.05104970965477634,25064,74.3
Oegstgeest,LP (Libertaire Partij),0.0446684959479293,25064,74.3
Oegstgeest,Samen voor Nederland,0.0446684959479293,25064,74.3
Oegstgeest,Piratenpartij - De Groenen,0.02552485482738817,25064,74.3
Oegstgeest,Nederland met een PLAN,0.01276242741369408,25064,74.3
Oegstgeest,LEF - Voor de Nieuwe Generatie,0.00638121370684704,25064,74.3
Oegstgeest,Politieke Partij voor Basisinkomen,0.00638121370684704,25064,74.3
Oirschot,PVV,27.280537332083725,18842,91.4
Oirschot,VVD,19.486098094345515,18842,91.4
Oirschot,NSC,13.45673227116526,18842,91.4
Oirschot,BBB,9.37988128709778,18842,91.4
Oirschot,PvdA/GL,9.333020930959076,18842,91.4
Oirschot,D66,5.912214932833489,18842,91.4
Oirschot,CDA,5.0140581068416115,18842,91.4
Oirschot,SP,3.147453920649797,18842,91.4
Oirschot,FvD,1.5463917525773196,18842,91.4
Oirschot,PvdD,1.5151515151515151,18842,91.4
Oirschot,Volt,1.210559200249922,18842,91.4
Oirschot,JA21,0.8278662917838177,18842,91.4
Oirschot,BVNL,0.5467041549515776,18842,91.4
Oirschot,50PLUS,0.4139331458919088,18842,91.4
Oirschot,ChristenUnie,0.33583255232739767,18842,91.4
Oirschot,DENK,0.18744142455482665,18842,91.4
Oirschot,Splinter,0.09372071227741333,18842,91.4
Oirschot,SGP,0.0859106529209622,18842,91.4
Oirschot,PartijvdSport,0.05467041549515777,18842,91.4
Oirschot,Piratenpartij - De Groenen,0.05467041549515777,18842,91.4
Oirschot,Samen voor Nederland,0.03905029678225555,18842,91.4
Oirschot,BIJ1,0.03124023742580443,18842,91.4
Oirschot,LEF - Voor de Nieuwe Generatie,0.03124023742580443,18842,91.4
Oirschot,LP (Libertaire Partij),0.0078100593564511,18842,91.4
Oirschot,Nederland met een PLAN,0.0078100593564511,18842,91.4
Oisterwijk,VVD,23.958529688972668,32373,88.6
Oisterwijk,PVV,22.832233741753065,32373,88.6
Oisterwijk,NSC,13.327049952874647,32373,88.6
Oisterwijk,PvdA/GL,12.295004712535343,32373,88.6
Oisterwijk,D66,7.483506126295946,32373,88.6
Oisterwijk,BBB,4.896324222431668,32373,88.6
Oisterwijk,CDA,4.198868991517436,32373,88.6
Oisterwijk,SP,3.2704995287464658,32373,88.6
Oisterwijk,PvdD,1.6399622997172478,32373,88.6
Oisterwijk,FvD,1.46559849198869,32373,88.6
Oisterwijk,Volt,1.413760603204524,32373,88.6
Oisterwijk,50PLUS,0.6786050895381714,32373,88.6
Oisterwijk,JA21,0.645617342130066,32373,88.6
Oisterwijk,DENK,0.5042412818096136,32373,88.6
Oisterwijk,BVNL,0.4901036757775683,32373,88.6
Oisterwijk,ChristenUnie,0.3393025447690857,32373,88.6
Oisterwijk,BIJ1,0.10838831291234684,32373,88.6
Oisterwijk,Splinter,0.0942507068803016,32373,88.6
Oisterwijk,SGP,0.08482563619227143,32373,88.6
Oisterwijk,Piratenpartij - De Groenen,0.05655042412818096,32373,88.6
Oisterwijk,LEF - Voor de Nieuwe Generatie,0.0471253534401508,32373,88.6
Oisterwijk,Politieke Partij voor Basisinkomen,0.04241281809613571,32373,88.6
Oisterwijk,Samen voor Nederland,0.04241281809613571,32373,88.6
Oisterwijk,PartijvdSport,0.03770028275212064,32373,88.6
Oisterwijk,LP (Libertaire Partij),0.0235626767200754,32373,88.6
Oisterwijk,Nederland met een PLAN,0.0235626767200754,32373,88.6
Oldambt,PVV,32.7197325546951,38277,88.6
Oldambt,NSC,16.3556345478397,38277,88.6
Oldambt,PvdA/GL,12.678261605518175,38277,88.6
Oldambt,VVD,9.948796072955018,38277,88.6
Oldambt,BBB,7.350514155135205,38277,88.6
Oldambt,SP,5.5562608438068635,38277,88.6
Oldambt,FvD,3.1441750243324447,38277,88.6
Oldambt,D66,3.0299183276204986,38277,88.6
Oldambt,CDA,2.1624137785112776,38277,88.6
Oldambt,ChristenUnie,1.8661927129617877,38277,88.6
Oldambt,PvdD,1.7730946637890908,38277,88.6
Oldambt,SGP,0.5543565655283313,38277,88.6
Oldambt,BVNL,0.5331979179890821,38277,88.6
Oldambt,JA21,0.5035758114341331,38277,88.6
Oldambt,50PLUS,0.46972197537133425,38277,88.6
Oldambt,Volt,0.4358681393085354,38277,88.6
Oldambt,DENK,0.4274046802928357,38277,88.6
Oldambt,Samen voor Nederland,0.10579323769624646,38277,88.6
Oldambt,BIJ1,0.09732977868054674,38277,88.6
Oldambt,Splinter,0.08040286064914731,38277,88.6
Oldambt,Nederland met een PLAN,0.07617113114129745,38277,88.6
Oldambt,Piratenpartij - De Groenen,0.07193940163344759,38277,88.6
Oldambt,LP (Libertaire Partij),0.03385383606279887,38277,88.6
Oldambt,LEF - Voor de Nieuwe Generatie,0.02539037704709915,38277,88.6
Oldebroek,PVV,25.343034016210353,23760,93.7
Oldebroek,NSC,14.468057948816137,23760,93.7
Oldebroek,SGP,13.134214053226115,23760,93.7
Oldebroek,ChristenUnie,11.74931393196758,23760,93.7
Oldebroek,BBB,8.296636671134086,23760,93.7
Oldebroek,VVD,7.849894696534558,23760,93.7
Oldebroek,CDA,5.826791754419554,23760,93.7
Oldebroek,PvdA/GL,5.009892143723276,23760,93.7
Oldebroek,FvD,2.380496521794626,23760,93.7
Oldebroek,D66,2.1315974216606035,23760,93.7
Oldebroek,SP,1.270023613504372,23760,93.7
Oldebroek,PvdD,0.6062926798136448,23760,93.7
Oldebroek,Volt,0.4850341438509158,23760,93.7
Oldebroek,JA21,0.4467419745995277,23760,93.7
Oldebroek,50PLUS,0.28080924117684597,23760,93.7
Oldebroek,BVNL,0.2744272129682813,23760,93.7
Oldebroek,DENK,0.2425170719254579,23760,93.7
Oldebroek,Samen voor Nederland,0.05743825387708214,23760,93.7
Oldebroek,Piratenpartij - De Groenen,0.05105622566851745,23760,93.7
Oldebroek,Nederland met een PLAN,0.03829216925138809,23760,93.7
Oldebroek,LP (Libertaire Partij),0.02552811283425872,23760,93.7
Oldebroek,Splinter,0.01914608462569404,23760,93.7
Oldebroek,BIJ1,0.01276405641712936,23760,93.7
Oldenzaal,NSC,32.13911386374464,31701,84.3
Oldenzaal,PVV,23.05859933301572,31701,84.3
Oldenzaal,VVD,13.44449737970462,31701,84.3
Oldenzaal,PvdA/GL,9.423535016674608,31701,84.3
Oldenzaal,D66,4.545021438780371,31701,84.3
Oldenzaal,BBB,4.111481657932349,31701,84.3
Oldenzaal,CDA,2.6727012863268222,31701,84.3
Oldenzaal,SP,2.467841829442592,31701,84.3
Oldenzaal,FvD,2.401143401619819,31701,84.3
Oldenzaal,DENK,1.3720819437827536,31701,84.3
Oldenzaal,Volt,1.1862791805621724,31701,84.3
Oldenzaal,PvdD,1.0862315388280133,31701,84.3
Oldenzaal,JA21,0.519294902334445,31701,84.3
Oldenzaal,ChristenUnie,0.3763696998570748,31701,84.3
Oldenzaal,BVNL,0.37160552644116246,31701,84.3
Oldenzaal,50PLUS,0.2715578847070033,31701,84.3
Oldenzaal,SGP,0.10481181515007146,31701,84.3
Oldenzaal,LP (Libertaire Partij),0.07146260123868509,31701,84.3
Oldenzaal,Nederland met een PLAN,0.06669842782277274,31701,84.3
Oldenzaal,Splinter,0.06669842782277274,31701,84.3
Oldenzaal,BIJ1,0.06193425440686041,31701,84.3
Oldenzaal,Piratenpartij - De Groenen,0.06193425440686041,31701,84.3
Oldenzaal,LEF - Voor de Nieuwe Generatie,0.04764173415912339,31701,84.3
Oldenzaal,PartijvdSport,0.04764173415912339,31701,84.3
Oldenzaal,Samen voor Nederland,0.02382086707956169,31701,84.3
Olst-Wijhe,PVV,19.856308226748776,18361,91.5
Olst-Wijhe,NSC,16.682456971419548,18361,91.5
Olst-Wijhe,BBB,16.17716721932733,18361,91.5
Olst-Wijhe,PvdA/GL,14.890257381967473,18361,91.5
Olst-Wijhe,VVD,12.261171640612664,18361,91.5
Olst-Wijhe,D66,4.9265750828991,18361,91.5
Olst-Wijhe,CDA,3.868624664456024,18361,91.5
Olst-Wijhe,SP,2.2580135796620873,18361,91.5
Olst-Wijhe,PvdD,2.179062055897679,18361,91.5
Olst-Wijhe,FvD,1.5632401705352912,18361,91.5
Olst-Wijhe,Volt,1.3658613611242698,18361,91.5
Olst-Wijhe,ChristenUnie,1.1369019422074846,18361,91.5
Olst-Wijhe,JA21,0.6474024948681509,18361,91.5
Olst-Wijhe,SGP,0.4579188378335702,18361,91.5
Olst-Wijhe,BVNL,0.3947576188220432,18361,91.5
Olst-Wijhe,DENK,0.35528185693983894,18361,91.5
Olst-Wijhe,50PLUS,0.31580609505763463,18361,91.5
Olst-Wijhe,BIJ1,0.1894836570345808,18361,91.5
Olst-Wijhe,PartijvdSport,0.12632243802305385,18361,91.5
Olst-Wijhe,Splinter,0.10263698089373124,18361,91.5
Olst-Wijhe,Piratenpartij - De Groenen,0.07105637138796779,18361,91.5
Olst-Wijhe,LP (Libertaire Partij),0.06316121901152692,18361,91.5
Olst-Wijhe,Nederland met een PLAN,0.06316121901152692,18361,91.5
Olst-Wijhe,LEF - Voor de Nieuwe Generatie,0.02368545712932259,18361,91.5
Olst-Wijhe,Samen voor Nederland,0.02368545712932259,18361,91.5
Ommen,NSC,19.320861499764188,18295,91.6
Ommen,PVV,18.41691557931143,18295,91.6
Ommen,BBB,15.84656500550228,18295,91.6
Ommen,VVD,11.389718597704764,18295,91.6
Ommen,PvdA/GL,8.009746895142273,18295,91.6
Ommen,CDA,6.759943405124981,18295,91.6
Ommen,ChristenUnie,6.304040245244459,18295,91.6
Ommen,D66,3.7887124665933034,18295,91.6
Ommen,SP,2.0594246187706338,18295,91.6
Ommen,FvD,2.0279830215374943,18295,91.6
Ommen,SGP,1.9965414243043549,18295,91.6
Ommen,PvdD,1.3912906775664204,18295,91.6
Ommen,Volt,0.8174815280616257,18295,91.6
Ommen,JA21,0.7074359377456375,18295,91.6
Ommen,BVNL,0.4323219619556674,18295,91.6
Ommen,50PLUS,0.22009118063197616,18295,91.6
Ommen,DENK,0.1650683854739821,18295,91.6
Ommen,Splinter,0.11004559031598808,18295,91.6
Ommen,BIJ1,0.07074359377456375,18295,91.6
Ommen,Samen voor Nederland,0.07074359377456375,18295,91.6
Ommen,Piratenpartij - De Groenen,0.05502279515799403,18295,91.6
Ommen,LEF - Voor de Nieuwe Generatie,0.01572079861656972,18295,91.6
Ommen,LP (Libertaire Partij),0.01572079861656972,18295,91.6
Ommen,PartijvdSport,0.00786039930828486,18295,91.6
Oost Gelre,NSC,21.91585569645139,29574,91.7
Oost Gelre,PVV,21.045905829155608,29574,91.7
Oost Gelre,BBB,15.73282217634916,29574,91.7
Oost Gelre,VVD,14.302565614862871,29574,91.7
Oost Gelre,PvdA/GL,8.330875847832498,29574,91.7
Oost Gelre,CDA,4.757691929617615,29574,91.7
Oost Gelre,D66,4.7134571906025755,29574,91.7
Oost Gelre,SP,2.6295094858940335,29574,91.7
Oost Gelre,FvD,1.7595596185982505,29574,91.7
Oost Gelre,Volt,1.0567187653592844,29574,91.7
Oost Gelre,PvdD,1.0173989973459157,29574,91.7
Oost Gelre,JA21,0.6094564042072151,29574,91.7
Oost Gelre,BVNL,0.5111569841737934,29574,91.7
Oost Gelre,50PLUS,0.43743241914872705,29574,91.7
Oost Gelre,DENK,0.3735377961270029,29574,91.7
Oost Gelre,ChristenUnie,0.30472820210360757,29574,91.7
Oost Gelre,Splinter,0.09338444903175072,29574,91.7
Oost Gelre,Samen voor Nederland,0.08846947803007962,29574,91.7
Oost Gelre,SGP,0.08846947803007962,29574,91.7
Oost Gelre,BIJ1,0.07863953602673744,29574,91.7
Oost Gelre,Piratenpartij - De Groenen,0.06389462302172418,29574,91.7
Oost Gelre,LEF - Voor de Nieuwe Generatie,0.05406468101838199,29574,91.7
Oost Gelre,Nederland met een PLAN,0.02948982601002654,29574,91.7
Oost Gelre,LP (Libertaire Partij),0.00491497100167109,29574,91.7
Oosterhout,PVV,28.59560067681895,56206,79
Oosterhout,VVD,20.00178110250245,56206,79
Oosterhout,NSC,12.50630807136284,56206,79
Oosterhout,PvdA/GL,12.141182058360792,56206,79
Oosterhout,D66,6.744441475940274,56206,79
Oosterhout,BBB,3.455338854751091,56206,79
Oosterhout,SP,3.3930002671653754,56206,79
Oosterhout,CDA,2.9150710956748895,56206,79
Oosterhout,DENK,2.7102443078932525,56206,79
Oosterhout,FvD,1.8612521150592216,56206,79
Oosterhout,PvdD,1.4783150770326832,56206,79
Oosterhout,Volt,1.3387953810075104,56206,79
Oosterhout,JA21,0.6115118591741621,56206,79
Oosterhout,50PLUS,0.56104728827144,56206,79
Oosterhout,ChristenUnie,0.4957401965149761,56206,79
Oosterhout,BVNL,0.4630866506367442,56206,79
Oosterhout,BIJ1,0.15733072104966306,56206,79
Oosterhout,Splinter,0.13358268768367618,56206,79
Oosterhout,SGP,0.12170867100068276,56206,79
Oosterhout,PartijvdSport,0.0890551251224508,56206,79
Oosterhout,Piratenpartij - De Groenen,0.06530709175646392,56206,79
Oosterhout,LEF - Voor de Nieuwe Generatie,0.03859055421972868,56206,79
Oosterhout,Nederland met een PLAN,0.03859055421972868,56206,79
Oosterhout,Samen voor Nederland,0.02968504170748359,56206,79
Oosterhout,LP (Libertaire Partij),0.02671653753673524,56206,79
Oosterhout,Politieke Partij voor Basisinkomen,0.02671653753673524,56206,79
Ooststellingwerf,PVV,26.971860067252667,25464,92.70000000000002
Ooststellingwerf,NSC,15.24393841071323,25464,92.70000000000002
Ooststellingwerf,BBB,12.978585334198572,25464,92.70000000000002
Ooststellingwerf,PvdA/GL,12.447643206890447,25464,92.70000000000002
Ooststellingwerf,VVD,10.40056633826913,25464,92.70000000000002
Ooststellingwerf,CDA,4.129549879063182,25464,92.70000000000002
Ooststellingwerf,SP,3.5278154681139755,25464,92.70000000000002
Ooststellingwerf,D66,3.327237331130907,25464,92.70000000000002
Ooststellingwerf,FvD,2.8493894165535956,25464,92.70000000000002
Ooststellingwerf,PvdD,2.283051147424931,25464,92.70000000000002
Ooststellingwerf,ChristenUnie,2.0293787977110496,25464,92.70000000000002
Ooststellingwerf,BVNL,0.8908029024836293,25464,92.70000000000002
Ooststellingwerf,SGP,0.725620907321102,25464,92.70000000000002
Ooststellingwerf,Volt,0.6430299097398383,25464,92.70000000000002
Ooststellingwerf,JA21,0.5486401982183942,25464,92.70000000000002
Ooststellingwerf,50PLUS,0.3834582030558669,25464,92.70000000000002
Ooststellingwerf,DENK,0.14158456728216626,25464,92.70000000000002
Ooststellingwerf,BIJ1,0.12388649637189546,25464,92.70000000000002
Ooststellingwerf,Samen voor Nederland,0.0884903545513539,25464,92.70000000000002
Ooststellingwerf,LEF - Voor de Nieuwe Generatie,0.07079228364108313,25464,92.70000000000002
Ooststellingwerf,LP (Libertaire Partij),0.05309421273081234,25464,92.70000000000002
Ooststellingwerf,Splinter,0.05309421273081234,25464,92.70000000000002
Ooststellingwerf,Piratenpartij - De Groenen,0.03539614182054156,25464,92.70000000000002
Ooststellingwerf,Politieke Partij voor Basisinkomen,0.0294967848504513,25464,92.70000000000002
Ooststellingwerf,Nederland met een PLAN,0.02359742788036103,25464,92.70000000000002
Oostzaan,PVV,31.15907274180655,9689,85.2
Oostzaan,VVD,18.928856914468422,9689,85.2
Oostzaan,PvdA/GL,14.612310151878496,9689,85.2
Oostzaan,NSC,9.448441247002398,9689,85.2
Oostzaan,D66,5.163868904876099,9689,85.2
Oostzaan,BBB,3.8369304556354913,9689,85.2
Oostzaan,SP,3.0215827338129495,9689,85.2
Oostzaan,FvD,2.9896083133493208,9689,85.2
Oostzaan,PvdD,2.573940847322142,9689,85.2
Oostzaan,CDA,1.806554756195044,9689,85.2
Oostzaan,Volt,1.135091926458833,9689,85.2
Oostzaan,BVNL,1.0391686650679457,9689,85.2
Oostzaan,DENK,0.9432454036770584,9689,85.2
Oostzaan,ChristenUnie,0.8952837729816147,9689,85.2
Oostzaan,JA21,0.8792965627498002,9689,85.2
Oostzaan,50PLUS,0.5595523581135092,9689,85.2
Oostzaan,SGP,0.3357314148681055,9689,85.2
Oostzaan,BIJ1,0.2398081534772182,9689,85.2
Oostzaan,Splinter,0.14388489208633093,9689,85.2
Oostzaan,PartijvdSport,0.07993605115907274,9689,85.2
Oostzaan,Samen voor Nederland,0.0639488409272582,9689,85.2
Oostzaan,LP (Libertaire Partij),0.04796163069544364,9689,85.2
Oostzaan,Piratenpartij - De Groenen,0.04796163069544364,9689,85.2
Oostzaan,Nederland met een PLAN,0.0319744204636291,9689,85.2
Oostzaan,LEF - Voor de Nieuwe Generatie,0.01598721023181455,9689,85.2
Opmeer,PVV,25.61589062298465,12009,90.4
Opmeer,VVD,18.58635366954727,12009,90.4
Opmeer,NSC,13.465755191538758,12009,90.4
Opmeer,BBB,10.963498000773894,12009,90.4
Opmeer,PvdA/GL,9.235134786534244,12009,90.4
Opmeer,D66,4.759447955630079,12009,90.4
Opmeer,CDA,4.6562620920933835,12009,90.4
Opmeer,FvD,2.811814781374951,12009,90.4
Opmeer,SP,2.515155423706952,12009,90.4
Opmeer,PvdD,1.6896685154133884,12009,90.4
Opmeer,Volt,1.4059073906874755,12009,90.4
Opmeer,JA21,1.186637430671998,12009,90.4
Opmeer,BVNL,0.993163936540694,12009,90.4
Opmeer,50PLUS,0.7738939765252161,12009,90.4
Opmeer,ChristenUnie,0.2966593576679995,12009,90.4
Opmeer,DENK,0.2321681929575648,12009,90.4
Opmeer,BIJ1,0.20637172707339096,12009,90.4
Opmeer,SGP,0.16767702824713016,12009,90.4
Opmeer,Samen voor Nederland,0.10318586353669548,12009,90.4
Opmeer,PartijvdSport,0.09028763059460854,12009,90.4
Opmeer,Piratenpartij - De Groenen,0.09028763059460854,12009,90.4
Opmeer,Splinter,0.06449116471043467,12009,90.4
Opmeer,LP (Libertaire Partij),0.0386946988262608,12009,90.4
Opmeer,Nederland met een PLAN,0.0386946988262608,12009,90.4
Opmeer,LEF - Voor de Nieuwe Generatie,0.01289823294208693,12009,90.4
Opsterland,PVV,23.060966354667343,29812,93.5
Opsterland,NSC,15.481912471540602,29812,93.5
Opsterland,PvdA/GL,14.120920819630662,29812,93.5
Opsterland,BBB,10.80192259043764,29812,93.5
Opsterland,VVD,10.543890715911964,29812,93.5
Opsterland,CDA,4.801416645585632,29812,93.5
Opsterland,D66,4.411839109537061,29812,93.5
Opsterland,ChristenUnie,4.067796610169491,29812,93.5
Opsterland,SP,3.743991904882367,29812,93.5
Opsterland,FvD,2.5550215026562104,29812,93.5
Opsterland,PvdD,1.5836073867948393,29812,93.5
Opsterland,SGP,1.563369592714394,29812,93.5
Opsterland,BVNL,1.0979003288641538,29812,93.5
Opsterland,Volt,0.7993928661775865,29812,93.5
Opsterland,JA21,0.4502909182899064,29812,93.5
Opsterland,50PLUS,0.3794586390083481,29812,93.5
Opsterland,Splinter,0.09612952188211484,29812,93.5
Opsterland,DENK,0.09107007336200354,29812,93.5
Opsterland,BIJ1,0.07589172780166961,29812,93.5
Opsterland,Piratenpartij - De Groenen,0.07589172780166961,29812,93.5
Opsterland,LEF - Voor de Nieuwe Generatie,0.0607133822413357,29812,93.5
Opsterland,LP (Libertaire Partij),0.04047558816089046,29812,93.5
Opsterland,Samen voor Nederland,0.04047558816089046,29812,93.5
Opsterland,Politieke Partij voor Basisinkomen,0.03541613964077915,29812,93.5
Opsterland,Nederland met een PLAN,0.02023779408044523,29812,93.5
Oss,PVV,31.56950994279976,92526,80
Oss,VVD,15.492477899908552,92526,80
Oss,NSC,11.775359070451326,92526,80
Oss,PvdA/GL,10.982804066775447,92526,80
Oss,SP,8.160447560472663,92526,80
Oss,D66,5.137262636948843,92526,80
Oss,BBB,4.1384998834477935,92526,80
Oss,CDA,3.1361509082106545,92526,80
Oss,DENK,2.6394591977621973,92526,80
Oss,FvD,1.9939392852660085,92526,80
Oss,PvdD,1.3233158206171889,92526,80
Oss,Volt,1.0686940773548028,92526,80
Oss,JA21,0.683175240725134,92526,80
Oss,50PLUS,0.5558643690939411,92526,80
Oss,BVNL,0.43751905180297296,92526,80
Oss,ChristenUnie,0.28869084975524034,92526,80
Oss,BIJ1,0.13448331510337283,92526,80
Oss,Splinter,0.1308970933672829,92526,80
Oss,SGP,0.08786243253420359,92526,80
Oss,LEF - Voor de Nieuwe Generatie,0.05200021517330417,92526,80
Oss,Nederland met een PLAN,0.04841399343721422,92526,80
Oss,Piratenpartij - De Groenen,0.04482777170112428,92526,80
Oss,PartijvdSport,0.04303466083307931,92526,80
Oss,Samen voor Nederland,0.03048288475676451,92526,80
Oss,LP (Libertaire Partij),0.02868977388871954,92526,80
Oss,Politieke Partij voor Basisinkomen,0.01613799781240474,92526,80
Oude IJsselstreek,PVV,24.382908920481174,39346,86.4
Oude IJsselstreek,NSC,17.739415716294328,39346,86.4
Oude IJsselstreek,VVD,13.704889860959224,39346,86.4
Oude IJsselstreek,BBB,12.86127167630058,39346,86.4
Oude IJsselstreek,PvdA/GL,10.52960474925793,39346,86.4
Oude IJsselstreek,D66,4.136072488673645,39346,86.4
Oude IJsselstreek,CDA,4.132166848929854,39346,86.4
Oude IJsselstreek,SP,3.53460396812998,39346,86.4
Oude IJsselstreek,FvD,1.898140915481956,39346,86.4
Oude IJsselstreek,DENK,1.8708014372754256,39346,86.4
Oude IJsselstreek,PvdD,1.2615216372441804,39346,86.4
Oude IJsselstreek,Volt,0.8514294641462271,39346,86.4
Oude IJsselstreek,ChristenUnie,0.7733166692704265,39346,86.4
Oude IJsselstreek,JA21,0.6756756756756757,39346,86.4
Oude IJsselstreek,50PLUS,0.4842993282299641,39346,86.4
Oude IJsselstreek,BVNL,0.4686767692548039,39346,86.4
Oude IJsselstreek,SGP,0.19528198718950163,39346,86.4
Oude IJsselstreek,BIJ1,0.1523199500078113,39346,86.4
Oude IJsselstreek,Samen voor Nederland,0.1288861115450711,39346,86.4
Oude IJsselstreek,Splinter,0.07030151538822059,39346,86.4
Oude IJsselstreek,Piratenpartij - De Groenen,0.05077331666927042,39346,86.4
Oude IJsselstreek,Nederland met een PLAN,0.04296203718169036,39346,86.4
Oude IJsselstreek,LEF - Voor de Nieuwe Generatie,0.02733947820653023,39346,86.4
Oude IJsselstreek,LP (Libertaire Partij),0.02733947820653023,39346,86.4
Ouder-Amstel,PvdA/GL,22.75348390197021,14125,70.9
Ouder-Amstel,VVD,20.14656415185007,14125,70.9
Ouder-Amstel,PVV,13.899567515617491,14125,70.9
Ouder-Amstel,D66,10.571840461316674,14125,70.9
Ouder-Amstel,NSC,10.523786641037962,14125,70.9
Ouder-Amstel,BBB,3.3757808745795295,14125,70.9
Ouder-Amstel,PvdD,3.0874579529072563,14125,70.9
Ouder-Amstel,Volt,3.015377222489188,14125,70.9
Ouder-Amstel,CDA,2.715040845747237,14125,70.9
Ouder-Amstel,SP,2.3185968284478617,14125,70.9
Ouder-Amstel,FvD,1.7419509851033157,14125,70.9
Ouder-Amstel,DENK,1.4896684286400768,14125,70.9
Ouder-Amstel,BIJ1,0.888995675156175,14125,70.9
Ouder-Amstel,ChristenUnie,0.8649687650168189,14125,70.9
Ouder-Amstel,JA21,0.7087938491110044,14125,70.9
Ouder-Amstel,SGP,0.6967803940413263,14125,70.9
Ouder-Amstel,BVNL,0.5165785679961556,14125,70.9
Ouder-Amstel,50PLUS,0.32436328688130706,14125,70.9
Ouder-Amstel,Nederland met een PLAN,0.0600672753483902,14125,70.9
Ouder-Amstel,Piratenpartij - De Groenen,0.0600672753483902,14125,70.9
Ouder-Amstel,LEF - Voor de Nieuwe Generatie,0.04805382027871216,14125,70.9
Ouder-Amstel,LP (Libertaire Partij),0.04805382027871216,14125,70.9
Ouder-Amstel,PartijvdSport,0.04805382027871216,14125,70.9
Ouder-Amstel,Samen voor Nederland,0.04805382027871216,14125,70.9
Ouder-Amstel,Splinter,0.04805382027871216,14125,70.9
Oudewater,PVV,24.988942945599295,10138,90.9
Oudewater,VVD,18.944419873212443,10138,90.9
Oudewater,NSC,12.605042016806722,10138,90.9
Oudewater,BBB,8.314904909332153,10138,90.9
Oudewater,PvdA/GL,7.975821907710452,10138,90.9
Oudewater,CDA,6.118236768391567,10138,90.9
Oudewater,D66,4.58499189149344,10138,90.9
Oudewater,SGP,3.951054105852867,10138,90.9
Oudewater,ChristenUnie,3.0222615361934246,10138,90.9
Oudewater,FvD,2.314610054548135,10138,90.9
Oudewater,SP,1.7986141825151114,10138,90.9
Oudewater,PvdD,1.4153029632905794,10138,90.9
Oudewater,Volt,1.1794191360754829,10138,90.9
Oudewater,JA21,0.9582780480613298,10138,90.9
Oudewater,BVNL,0.6486805248415156,10138,90.9
Oudewater,50PLUS,0.47176765443019314,10138,90.9
Oudewater,DENK,0.2948547840188707,10138,90.9
Oudewater,BIJ1,0.13268465280849182,10138,90.9
Oudewater,Splinter,0.08845643520566121,10138,90.9
Oudewater,PartijvdSport,0.07371369600471768,10138,90.9
Oudewater,Piratenpartij - De Groenen,0.02948547840188707,10138,90.9
Oudewater,Samen voor Nederland,0.02948547840188707,10138,90.9
Oudewater,LEF - Voor de Nieuwe Generatie,0.01474273920094353,10138,90.9
Oudewater,LP (Libertaire Partij),0.01474273920094353,10138,90.9
Oudewater,Nederland met een PLAN,0.01474273920094353,10138,90.9
Oudewater,Politieke Partij voor Basisinkomen,0.01474273920094353,10138,90.9
Overbetuwe,PVV,24.798007217449623,48214,87.9
Overbetuwe,VVD,17.647622393255197,48214,87.9
Overbetuwe,PvdA/GL,13.773831954779164,48214,87.9
Overbetuwe,NSC,13.68121866317504,48214,87.9
Overbetuwe,D66,7.03541660013413,48214,87.9
Overbetuwe,BBB,4.9659885670488295,48214,87.9
Overbetuwe,CDA,4.074984830581547,48214,87.9
Overbetuwe,SP,2.934883275316962,48214,87.9
Overbetuwe,ChristenUnie,1.8299108996263531,48214,87.9
Overbetuwe,FvD,1.7692332258167534,48214,87.9
Overbetuwe,PvdD,1.7341040462427744,48214,87.9
Overbetuwe,SGP,1.5680388337112383,48214,87.9
Overbetuwe,Volt,1.373231565164628,48214,87.9
Overbetuwe,JA21,0.7504870181713665,48214,87.9
Overbetuwe,DENK,0.6834222208028614,48214,87.9
Overbetuwe,50PLUS,0.491808514035704,48214,87.9
Overbetuwe,BVNL,0.3991952224315779,48214,87.9
Overbetuwe,Splinter,0.12774247117810494,48214,87.9
Overbetuwe,BIJ1,0.12454890939865232,48214,87.9
Overbetuwe,Nederland met een PLAN,0.07025835914795771,48214,87.9
Overbetuwe,Piratenpartij - De Groenen,0.07025835914795771,48214,87.9
Overbetuwe,Samen voor Nederland,0.03832274135343148,48214,87.9
Overbetuwe,LEF - Voor de Nieuwe Generatie,0.03193561779452623,48214,87.9
Overbetuwe,LP (Libertaire Partij),0.02554849423562099,48214,87.9
Papendrecht,PVV,28.515605176351176,32171,80.7
Papendrecht,VVD,16.604922608475007,32171,80.7
Papendrecht,NSC,13.697031210352703,32171,80.7
Papendrecht,PvdA/GL,9.713270743466126,32171,80.7
Papendrecht,SGP,4.739913727480335,32171,80.7
Papendrecht,ChristenUnie,4.25780258817559,32171,80.7
Papendrecht,D66,4.115706673433139,32171,80.7
Papendrecht,CDA,3.704643491499619,32171,80.7
Papendrecht,SP,3.126110124333925,32171,80.7
Papendrecht,FvD,2.441004821111393,32171,80.7
Papendrecht,BBB,2.3699568637401676,32171,80.7
Papendrecht,DENK,1.872621162141588,32171,80.7
Papendrecht,PvdD,1.476782542501903,32171,80.7
Papendrecht,JA21,0.7663029687896473,32171,80.7
Papendrecht,50PLUS,0.6394316163410302,32171,80.7
Papendrecht,Volt,0.6242070540471961,32171,80.7
Papendrecht,BVNL,0.5379345343821366,32171,80.7
Papendrecht,BIJ1,0.2588175589951789,32171,80.7
Papendrecht,Splinter,0.1623953311342299,32171,80.7
Papendrecht,PartijvdSport,0.096422227860949,32171,80.7
Papendrecht,Samen voor Nederland,0.07612281146917026,32171,80.7
Papendrecht,Piratenpartij - De Groenen,0.07104795737122557,32171,80.7
Papendrecht,Nederland met een PLAN,0.0659731032732809,32171,80.7
Papendrecht,LEF - Voor de Nieuwe Generatie,0.04059883278355748,32171,80.7
Papendrecht,LP (Libertaire Partij),0.02537427048972342,32171,80.7
Peel en Maas,PVV,34.212115828744004,43660,88.3
Peel en Maas,VVD,15.718600106590868,43660,88.3
Peel en Maas,NSC,14.201456741872445,43660,88.3
Peel en Maas,BBB,8.150648427784686,43660,88.3
Peel en Maas,PvdA/GL,7.909042458696039,43660,88.3
Peel en Maas,CDA,6.040149227216202,43660,88.3
Peel en Maas,D66,4.537217978326524,43660,88.3
Peel en Maas,SP,2.6896429205898027,43660,88.3
Peel en Maas,FvD,1.5029312488896784,43660,88.3
Peel en Maas,PvdD,1.0268253686267543,43660,88.3
Peel en Maas,DENK,0.8278557470243383,43660,88.3
Peel en Maas,JA21,0.6821815597797122,43660,88.3
Peel en Maas,BVNL,0.6182270385503642,43660,88.3
Peel en Maas,Volt,0.6111209806359922,43660,88.3
Peel en Maas,50PLUS,0.5791437200213182,43660,88.3
Peel en Maas,ChristenUnie,0.13501510037306805,43660,88.3
Peel en Maas,BIJ1,0.11014389767276604,43660,88.3
Peel en Maas,SGP,0.10659086871558004,43660,88.3
Peel en Maas,Splinter,0.08882572392965003,43660,88.3
Peel en Maas,Piratenpartij - De Groenen,0.04974240540060402,43660,88.3
Peel en Maas,Samen voor Nederland,0.04974240540060402,43660,88.3
Peel en Maas,Nederland met een PLAN,0.04618937644341801,43660,88.3
Peel en Maas,LEF - Voor de Nieuwe Generatie,0.03553028957186001,43660,88.3
Peel en Maas,LP (Libertaire Partij),0.03553028957186001,43660,88.3
Peel en Maas,PartijvdSport,0.03553028957186001,43660,88.3
Pekela,PVV,41.764870931537594,12176,91.1
Pekela,NSC,16.035353535353536,12176,91.1
Pekela,PvdA/GL,9.483726150392815,12176,91.1
Pekela,BBB,8.108866442199776,12176,91.1
Pekela,VVD,6.0606060606060606,12176,91.1
Pekela,SP,5.7659932659932664,12176,91.1
Pekela,FvD,2.749719416386083,12176,91.1
Pekela,CDA,2.4691358024691357,12176,91.1
Pekela,D66,1.7957351290684629,12176,91.1
Pekela,ChristenUnie,1.3187429854096522,12176,91.1
Pekela,PvdD,1.2485970819304153,12176,91.1
Pekela,SGP,1.0381593714927049,12176,91.1
Pekela,BVNL,0.5050505050505051,12176,91.1
Pekela,JA21,0.3787878787878788,12176,91.1
Pekela,50PLUS,0.36475869809203143,12176,91.1
Pekela,Volt,0.2104377104377104,12176,91.1
Pekela,DENK,0.1964085297418631,12176,91.1
Pekela,Samen voor Nederland,0.18237934904601572,12176,91.1
Pekela,Piratenpartij - De Groenen,0.15432098765432098,12176,91.1
Pekela,Splinter,0.09820426487093156,12176,91.1
Pekela,BIJ1,0.04208754208754208,12176,91.1
Pekela,LEF - Voor de Nieuwe Generatie,0.01402918069584736,12176,91.1
Pekela,Nederland met een PLAN,0.01402918069584736,12176,91.1
Pijnacker-Nootdorp,PVV,24.329308705299255,55674,77.6
Pijnacker-Nootdorp,VVD,21.810794455810736,55674,77.6
Pijnacker-Nootdorp,PvdA/GL,13.379246751001354,55674,77.6
Pijnacker-Nootdorp,NSC,11.310261360689278,55674,77.6
Pijnacker-Nootdorp,D66,7.930150131112584,55674,77.6
Pijnacker-Nootdorp,CDA,4.0025358038209955,55674,77.6
Pijnacker-Nootdorp,BBB,3.0544909661988875,55674,77.6
Pijnacker-Nootdorp,SP,2.0545774140564217,55674,77.6
Pijnacker-Nootdorp,FvD,1.9277872230066564,55674,77.6
Pijnacker-Nootdorp,Volt,1.8067602224591537,55674,77.6
Pijnacker-Nootdorp,ChristenUnie,1.7894706509523672,55674,77.6
Pijnacker-Nootdorp,PvdD,1.7491283174365329,55674,77.6
Pijnacker-Nootdorp,DENK,1.440797625565513,55674,77.6
Pijnacker-Nootdorp,JA21,0.9336368613664524,55674,77.6
Pijnacker-Nootdorp,SGP,0.766504336800853,55674,77.6
Pijnacker-Nootdorp,50PLUS,0.5676742644728122,55674,77.6
Pijnacker-Nootdorp,BVNL,0.3976601446560816,55674,77.6
Pijnacker-Nootdorp,BIJ1,0.22188283433708905,55674,77.6
Pijnacker-Nootdorp,Splinter,0.1642509293144685,55674,77.6
Pijnacker-Nootdorp,Nederland met een PLAN,0.10085583378958592,55674,77.6
Pijnacker-Nootdorp,PartijvdSport,0.09221104803619284,55674,77.6
Pijnacker-Nootdorp,Piratenpartij - De Groenen,0.0778030717805377,55674,77.6
Pijnacker-Nootdorp,LEF - Voor de Nieuwe Generatie,0.03457914301357231,55674,77.6
Pijnacker-Nootdorp,Samen voor Nederland,0.0230527620090482,55674,77.6
Pijnacker-Nootdorp,LP (Libertaire Partij),0.02017116675791718,55674,77.6
Pijnacker-Nootdorp,Politieke Partij voor Basisinkomen,0.01440797625565513,55674,77.6
Purmerend,PVV,32.4697407393864,91793,73.49439281862452
Purmerend,VVD,17.000036567082315,91793,73.49439281862452
Purmerend,PvdA/GL,13.22448531831645,91793,73.49439281862452
Purmerend,NSC,10.801916115113174,91793,73.49439281862452
Purmerend,D66,5.038943942662815,91793,73.49439281862452
Purmerend,BBB,4.2234980070940145,91793,73.49439281862452
Purmerend,SP,3.287380699893955,91793,73.49439281862452
Purmerend,FvD,2.848575712143928,91793,73.49439281862452
Purmerend,PvdD,2.1208907741251326,91793,73.49439281862452
Purmerend,DENK,1.9581672578344973,91793,73.49439281862452
Purmerend,CDA,1.7442498263063588,91793,73.49439281862452
Purmerend,Volt,1.1299228434563209,91793,73.49439281862452
Purmerend,JA21,0.7569386038687973,91793,73.49439281862452
Purmerend,50PLUS,0.7167148133250448,91793,73.49439281862452
Purmerend,ChristenUnie,0.6472373569312904,91793,73.49439281862452
Purmerend,BIJ1,0.6124986287344133,91793,73.49439281862452
Purmerend,BVNL,0.6033568581562877,91793,73.49439281862452
Purmerend,Splinter,0.17735034921563608,91793,73.49439281862452
Purmerend,SGP,0.15175339159688447,91793,73.49439281862452
Purmerend,Nederland met een PLAN,0.1407832669031338,91793,73.49439281862452
Purmerend,Piratenpartij - De Groenen,0.1316414963250082,91793,73.49439281862452
Purmerend,PartijvdSport,0.06947745639375434,91793,73.49439281862452
Purmerend,Samen voor Nederland,0.06033568581562876,91793,73.49439281862452
Purmerend,LEF - Voor de Nieuwe Generatie,0.04205214465937763,91793,73.49439281862452
Purmerend,LP (Libertaire Partij),0.04205214465937763,91793,73.49439281862452
Putten,PVV,23.274161735700197,24365,92
Putten,VVD,14.003944773175542,24365,92
Putten,NSC,12.856374394835935,24365,92
Putten,SGP,12.414081644850876,24365,92
Putten,BBB,9.210447671986136,24365,92
Putten,ChristenUnie,7.51897674974598,24365,92
Putten,CDA,6.11439842209073,24365,92
Putten,PvdA/GL,5.176020560635945,24365,92
Putten,D66,2.3549100472177393,24365,92
Putten,FvD,1.9305480843942384,24365,92
Putten,SP,1.2671089594166518,24365,92
Putten,PvdD,1.051939513477975,24365,92
Putten,Volt,0.7232084155161078,24365,92
Putten,JA21,0.6156236925467694,24365,92
Putten,BVNL,0.4542466080927619,24365,92
Putten,DENK,0.3825234594465364,24365,92
Putten,50PLUS,0.2868925945849023,24365,92
Putten,BIJ1,0.08965393580778196,24365,92
Putten,Splinter,0.07172314864622557,24365,92
Putten,Nederland met een PLAN,0.05379236148466917,24365,92
Putten,Piratenpartij - De Groenen,0.05379236148466917,24365,92
Putten,Samen voor Nederland,0.04781543243081705,24365,92
Putten,LEF - Voor de Nieuwe Generatie,0.02390771621540852,24365,92
Putten,LP (Libertaire Partij),0.02390771621540852,24365,92
Raalte,NSC,21.34358340415669,37911,93.1
Raalte,PVV,18.477169126168587,37911,93.1
Raalte,BBB,17.60797342192691,37911,93.1
Raalte,VVD,15.367380050992816,37911,93.1
Raalte,PvdA/GL,9.170980452754383,37911,93.1
Raalte,CDA,5.238352777563161,37911,93.1
Raalte,D66,4.311210693038708,37911,93.1
Raalte,SP,2.225141002858688,37911,93.1
Raalte,FvD,1.278683458239975,37911,93.1
Raalte,PvdD,1.004403924901491,37911,93.1
Raalte,ChristenUnie,0.873058796260527,37911,93.1
Raalte,Volt,0.7301243915630071,37911,93.1
Raalte,JA21,0.6837672873367844,37911,93.1
Raalte,BVNL,0.4326663061114116,37911,93.1
Raalte,DENK,0.417213938036004,37911,93.1
Raalte,SGP,0.26269025728192846,37911,93.1
Raalte,50PLUS,0.22792242911226143,37911,93.1
Raalte,BIJ1,0.09657730047129724,37911,93.1
Raalte,PartijvdSport,0.069535656339334,37911,93.1
Raalte,Splinter,0.05794638028277833,37911,93.1
Raalte,LP (Libertaire Partij),0.034767828169667,37911,93.1
Raalte,Piratenpartij - De Groenen,0.03090473615081511,37911,93.1
Raalte,LEF - Voor de Nieuwe Generatie,0.02317855211311133,37911,93.1
Raalte,Nederland met een PLAN,0.01931546009425944,37911,93.1
Raalte,Samen voor Nederland,0.01545236807540755,37911,93.1
Reimerswaal,SGP,34.02138957445217,22896,84.9
Reimerswaal,PVV,23.274250243063342,22896,84.9
Reimerswaal,VVD,9.445815571011892,22896,84.9
Reimerswaal,NSC,8.166928427193179,22896,84.9
Reimerswaal,BBB,4.973450003739436,22896,84.9
Reimerswaal,PvdA/GL,4.457407822900307,22896,84.9
Reimerswaal,CDA,3.709520604292873,22896,84.9
Reimerswaal,ChristenUnie,3.3280981228030813,22896,84.9
Reimerswaal,FvD,2.2137461670780048,22896,84.9
Reimerswaal,SP,1.7874504524717671,22896,84.9
Reimerswaal,D66,1.4658589484705706,22896,84.9
Reimerswaal,PvdD,0.6057886470720215,22896,84.9
Reimerswaal,DENK,0.5384787973973525,22896,84.9
Reimerswaal,JA21,0.5160421808391294,22896,84.9
Reimerswaal,BVNL,0.4711689477226834,22896,84.9
Reimerswaal,50PLUS,0.4412534589783861,22896,84.9
Reimerswaal,Volt,0.35150699274549396,22896,84.9
Reimerswaal,Piratenpartij - De Groenen,0.06730984967466906,22896,84.9
Reimerswaal,Splinter,0.06730984967466906,22896,84.9
Reimerswaal,Samen voor Nederland,0.0373943609303717,22896,84.9
Reimerswaal,BIJ1,0.02991548874429736,22896,84.9
Reimerswaal,LEF - Voor de Nieuwe Generatie,0.01495774437214868,22896,84.9
Reimerswaal,LP (Libertaire Partij),0.01495774437214868,22896,84.9
Renkum,PvdA/GL,24.1448595895326,31417,84.2
Renkum,VVD,17.160216236903793,31417,84.2
Renkum,PVV,15.768071568674351,31417,84.2
Renkum,NSC,11.768645648949912,31417,84.2
Renkum,D66,9.357508491604076,31417,84.2
Renkum,PvdD,3.702817777352533,31417,84.2
Renkum,CDA,3.659761756685643,31417,84.2
Renkum,SP,3.1574415155719273,31417,84.2
Renkum,BBB,2.3537291297899823,31417,84.2
Renkum,Volt,2.243697076974597,31417,84.2
Renkum,FvD,1.9040329139357988,31417,84.2
Renkum,ChristenUnie,1.679184806008707,31417,84.2
Renkum,JA21,0.5692962732622111,31417,84.2
Renkum,SGP,0.5645122709658901,31417,84.2
Renkum,DENK,0.5453762617806056,31417,84.2
Renkum,BVNL,0.4018561928909726,31417,84.2
Renkum,50PLUS,0.38272018370568817,31417,84.2
Renkum,Splinter,0.2152801033344496,31417,84.2
Renkum,BIJ1,0.18657608955652297,31417,84.2
Renkum,Piratenpartij - De Groenen,0.08132803903745874,31417,84.2
Renkum,LEF - Voor de Nieuwe Generatie,0.04784002296321102,31417,84.2
Renkum,LP (Libertaire Partij),0.04784002296321102,31417,84.2
Renkum,Nederland met een PLAN,0.03827201837056882,31417,84.2
Renkum,Samen voor Nederland,0.01913600918528441,31417,84.2
Renswoude,PVV,23.690842901148137,5556,91.6
Renswoude,SGP,21.338560627275275,5556,91.6
Renswoude,BBB,12.741528983478018,5556,91.6
Renswoude,VVD,12.461495379445534,5556,91.6
Renswoude,NSC,9.241108933071969,5556,91.6
Renswoude,CDA,5.404648557826939,5556,91.6
Renswoude,ChristenUnie,3.8924670960515257,5556,91.6
Renswoude,PvdA/GL,3.8364603752450295,5556,91.6
Renswoude,FvD,1.7362083450014003,5556,91.6
Renswoude,D66,1.596191542985158,5556,91.6
Renswoude,JA21,1.008120974516942,5556,91.6
Renswoude,SP,1.008120974516942,5556,91.6
Renswoude,PvdD,0.8681041725007002,5556,91.6
Renswoude,Volt,0.3640436852422291,5556,91.6
Renswoude,BVNL,0.22402688322598713,5556,91.6
Renswoude,DENK,0.16802016241949033,5556,91.6
Renswoude,50PLUS,0.11201344161299356,5556,91.6
Renswoude,Splinter,0.11201344161299356,5556,91.6
Renswoude,Nederland met een PLAN,0.05600672080649678,5556,91.6
Renswoude,Piratenpartij - De Groenen,0.05600672080649678,5556,91.6
Renswoude,Samen voor Nederland,0.05600672080649678,5556,91.6
Renswoude,LEF - Voor de Nieuwe Generatie,0.02800336040324839,5556,91.6
Reusel-De Mierden,PVV,28.549437537004145,13127,91.1
Reusel-De Mierden,VVD,17.83303730017762,13127,91.1
Reusel-De Mierden,NSC,13.392539964476022,13127,91.1
Reusel-De Mierden,BBB,11.568975725281232,13127,91.1
Reusel-De Mierden,PvdA/GL,8.146832445233866,13127,91.1
Reusel-De Mierden,D66,4.8075784487862645,13127,91.1
Reusel-De Mierden,CDA,4.7957371225577266,13127,91.1
Reusel-De Mierden,SP,3.7655417406749554,13127,91.1
Reusel-De Mierden,FvD,1.7169923031379517,13127,91.1
Reusel-De Mierden,PvdD,1.1841326228537596,13127,91.1
Reusel-De Mierden,Volt,1.089402013025459,13127,91.1
Reusel-De Mierden,50PLUS,0.8407341622261694,13127,91.1
Reusel-De Mierden,JA21,0.7578448786264061,13127,91.1
Reusel-De Mierden,BVNL,0.6512729425695678,13127,91.1
Reusel-De Mierden,ChristenUnie,0.17761989342806395,13127,91.1
Reusel-De Mierden,DENK,0.17761989342806395,13127,91.1
Reusel-De Mierden,Splinter,0.11841326228537596,13127,91.1
Reusel-De Mierden,SGP,0.09473060982830075,13127,91.1
Reusel-De Mierden,BIJ1,0.08288928359976316,13127,91.1
Reusel-De Mierden,Piratenpartij - De Groenen,0.08288928359976316,13127,91.1
Reusel-De Mierden,PartijvdSport,0.05920663114268797,13127,91.1
Reusel-De Mierden,Samen voor Nederland,0.03552397868561278,13127,91.1
Reusel-De Mierden,Nederland met een PLAN,0.02368265245707519,13127,91.1
Reusel-De Mierden,Politieke Partij voor Basisinkomen,0.02368265245707519,13127,91.1
Reusel-De Mierden,LEF - Voor de Nieuwe Generatie,0.01184132622853759,13127,91.1
Reusel-De Mierden,LP (Libertaire Partij),0.01184132622853759,13127,91.1
Rheden,PVV,21.544348579473667,43525,83
Rheden,PvdA/GL,20.26280639688098,43525,83
Rheden,VVD,14.526551388036532,43525,83
Rheden,NSC,12.898451319446952,43525,83
Rheden,D66,7.429334681058446,43525,83
Rheden,SP,3.808526767986715,43525,83
Rheden,CDA,3.4908487058228945,43525,83
Rheden,BBB,3.4439189920941486,43525,83
Rheden,PvdD,3.147900797805133,43525,83
Rheden,FvD,2.1154470957727156,43525,83
Rheden,Volt,1.7291794520053427,43525,83
Rheden,ChristenUnie,1.6389300025269844,43525,83
Rheden,DENK,1.3284718963214326,43525,83
Rheden,JA21,0.5739864986823581,43525,83
Rheden,BVNL,0.4981769611205372,43525,83
Rheden,50PLUS,0.48373704920399985,43525,83
Rheden,SGP,0.418757445579582,43525,83
Rheden,BIJ1,0.25630843651853724,43525,83
Rheden,Splinter,0.11551929533229847,43525,83
Rheden,Piratenpartij - De Groenen,0.09385942745749253,43525,83
Rheden,LEF - Voor de Nieuwe Generatie,0.07941951554095521,43525,83
Rheden,Samen voor Nederland,0.04331973574961192,43525,83
Rheden,LP (Libertaire Partij),0.03609977979134327,43525,83
Rheden,Nederland met een PLAN,0.03609977979134327,43525,83
Rhenen,PVV,23.85399641995486,20203,87.7
Rhenen,SGP,15.308584325628456,20203,87.7
Rhenen,VVD,14.187874542765972,20203,87.7
Rhenen,PvdA/GL,12.094326406724258,20203,87.7
Rhenen,NSC,10.203128648143824,20203,87.7
Rhenen,D66,4.599579733831426,20203,87.7
Rhenen,CDA,3.689003035255662,20203,87.7
Rhenen,ChristenUnie,3.66565491477936,20203,87.7
Rhenen,BBB,3.4866526577943806,20203,87.7
Rhenen,FvD,1.7511090357226242,20203,87.7
Rhenen,SP,1.572106778737645,20203,87.7
Rhenen,PvdD,1.494279710483306,20203,87.7
Rhenen,DENK,1.1985368511168184,20203,87.7
Rhenen,Volt,1.1829714374659506,20203,87.7
Rhenen,JA21,0.614833839209277,20203,87.7
Rhenen,BVNL,0.3891353412716943,20203,87.7
Rhenen,BIJ1,0.15565413650867774,20203,87.7
Rhenen,50PLUS,0.12452330920694218,20203,87.7
Rhenen,Piratenpartij - De Groenen,0.09339248190520665,20203,87.7
Rhenen,Splinter,0.09339248190520665,20203,87.7
Rhenen,LP (Libertaire Partij),0.07782706825433887,20203,87.7
Rhenen,PartijvdSport,0.06226165460347109,20203,87.7
Rhenen,Samen voor Nederland,0.04669624095260331,20203,87.7
Rhenen,LEF - Voor de Nieuwe Generatie,0.03891353412716943,20203,87.7
Rhenen,Nederland met een PLAN,0.01556541365086777,20203,87.7
Ridderkerk,PVV,31.864915036412967,46671,78.9
Ridderkerk,VVD,12.994430958160788,46671,78.9
Ridderkerk,NSC,11.85563330001428,46671,78.9
Ridderkerk,SGP,8.635584749393118,46671,78.9
Ridderkerk,PvdA/GL,8.589176067399686,46671,78.9
Ridderkerk,CDA,4.173211480793945,46671,78.9
Ridderkerk,ChristenUnie,3.976867056975582,46671,78.9
Ridderkerk,D66,3.302156218763387,46671,78.9
Ridderkerk,SP,2.7559617306868485,46671,78.9
Ridderkerk,DENK,2.6274453805511926,46671,78.9
Ridderkerk,FvD,2.4489504498072256,46671,78.9
Ridderkerk,BBB,2.0169927174068256,46671,78.9
Ridderkerk,PvdD,1.4208196487219762,46671,78.9
Ridderkerk,JA21,0.8960445523347137,46671,78.9
Ridderkerk,50PLUS,0.6818506354419535,46671,78.9
Ridderkerk,Volt,0.6175924603741253,46671,78.9
Ridderkerk,BVNL,0.43909752963015847,46671,78.9
Ridderkerk,BIJ1,0.2820219905754677,46671,78.9
Ridderkerk,Splinter,0.13208624875053548,46671,78.9
Ridderkerk,Nederland met een PLAN,0.05354847922319007,46671,78.9
Ridderkerk,PartijvdSport,0.05354847922319007,46671,78.9
Ridderkerk,LP (Libertaire Partij),0.04997858060831072,46671,78.9
Ridderkerk,Piratenpartij - De Groenen,0.04997858060831072,46671,78.9
Ridderkerk,Samen voor Nederland,0.04283878337855205,46671,78.9
Ridderkerk,LEF - Voor de Nieuwe Generatie,0.03926888476367271,46671,78.9
Rijssen-Holten,SGP,22.508865593702502,38204,91.7
Rijssen-Holten,NSC,19.184755075795955,38204,91.7
Rijssen-Holten,PVV,18.61969525739449,38204,91.7
Rijssen-Holten,BBB,9.461829235025917,38204,91.7
Rijssen-Holten,VVD,8.125170492186587,38204,91.7
Rijssen-Holten,ChristenUnie,6.656014964342777,38204,91.7
Rijssen-Holten,PvdA/GL,4.282763727056623,38204,91.7
Rijssen-Holten,CDA,3.296831768052687,38204,91.7
Rijssen-Holten,D66,1.9991426678617357,38204,91.7
Rijssen-Holten,FvD,1.8042944546198512,38204,91.7
Rijssen-Holten,SP,1.0950469584193914,38204,91.7
Rijssen-Holten,PvdD,0.6936596391411091,38204,91.7
Rijssen-Holten,JA21,0.5377810685476014,38204,91.7
Rijssen-Holten,DENK,0.5182962472234129,38204,91.7
Rijssen-Holten,Volt,0.4442539261914968,38204,91.7
Rijssen-Holten,BVNL,0.3234480339815284,38204,91.7
Rijssen-Holten,50PLUS,0.19484821324188456,38204,91.7
Rijssen-Holten,BIJ1,0.0857332138264292,38204,91.7
Rijssen-Holten,Samen voor Nederland,0.0467635711780523,38204,91.7
Rijssen-Holten,Splinter,0.0428666069132146,38204,91.7
Rijssen-Holten,PartijvdSport,0.02727874985386384,38204,91.7
Rijssen-Holten,LEF - Voor de Nieuwe Generatie,0.01558785705935076,38204,91.7
Rijssen-Holten,Nederland met een PLAN,0.01558785705935076,38204,91.7
Rijssen-Holten,Piratenpartij - De Groenen,0.01169089279451307,38204,91.7
Rijssen-Holten,LP (Libertaire Partij),0.00779392852967538,38204,91.7
Rijswijk,PVV,26.13040629095675,55220,62.3
Rijswijk,PvdA/GL,16.716906946264746,55220,62.3
Rijswijk,VVD,16.56618610747051,55220,62.3
Rijswijk,NSC,10.589777195281783,55220,62.3
Rijswijk,D66,7.870249017038009,55220,62.3
Rijswijk,DENK,4.112057667103539,55220,62.3
Rijswijk,SP,2.827653997378768,55220,62.3
Rijswijk,CDA,2.581913499344692,55220,62.3
Rijswijk,FvD,2.4541284403669725,55220,62.3
Rijswijk,PvdD,2.365661861074705,55220,62.3
Rijswijk,Volt,1.8479685452162515,55220,62.3
Rijswijk,BBB,1.6775884665792922,55220,62.3
Rijswijk,ChristenUnie,1.2680209698558322,55220,62.3
Rijswijk,JA21,0.7306684141546527,55220,62.3
Rijswijk,50PLUS,0.5144167758846658,55220,62.3
Rijswijk,BVNL,0.4685452162516383,55220,62.3
Rijswijk,SGP,0.3604193971166448,55220,62.3
Rijswijk,BIJ1,0.3505897771952818,55220,62.3
Rijswijk,Splinter,0.1834862385321101,55220,62.3
Rijswijk,PartijvdSport,0.1179554390563565,55220,62.3
Rijswijk,Nederland met een PLAN,0.07863695937090433,55220,62.3
Rijswijk,Piratenpartij - De Groenen,0.07863695937090433,55220,62.3
Rijswijk,LEF - Voor de Nieuwe Generatie,0.03931847968545216,55220,62.3
Rijswijk,LP (Libertaire Partij),0.03604193971166448,55220,62.3
Rijswijk,Samen voor Nederland,0.0327653997378768,55220,62.3
Roerdalen,PVV,38.39702508109819,20580,82.3
Roerdalen,NSC,14.581849829891604,20580,82.3
Roerdalen,VVD,13.015270195426854,20580,82.3
Roerdalen,PvdA/GL,10.902761294406202,20580,82.3
Roerdalen,BBB,6.21093440936783,20580,82.3
Roerdalen,D66,3.4259039480971594,20580,82.3
Roerdalen,SP,3.1410712872853868,20580,82.3
Roerdalen,CDA,3.0223910119471475,20580,82.3
Roerdalen,FvD,2.2153651396471243,20580,82.3
Roerdalen,PvdD,1.5428435793971045,20580,82.3
Roerdalen,Volt,0.6725215602500197,20580,82.3
Roerdalen,JA21,0.6408734868264894,20580,82.3
Roerdalen,BVNL,0.5380172482000158,20580,82.3
Roerdalen,50PLUS,0.49845715642060295,20580,82.3
Roerdalen,DENK,0.39560091779412926,20580,82.3
Roerdalen,ChristenUnie,0.36395284437059894,20580,82.3
Roerdalen,BIJ1,0.07912018355882586,20580,82.3
Roerdalen,Splinter,0.06329614684706068,20580,82.3
Roerdalen,SGP,0.06329614684706068,20580,82.3
Roerdalen,Piratenpartij - De Groenen,0.0553841284911781,20580,82.3
Roerdalen,Samen voor Nederland,0.04747211013529551,20580,82.3
Roerdalen,LEF - Voor de Nieuwe Generatie,0.03956009177941293,20580,82.3
Roerdalen,LP (Libertaire Partij),0.03956009177941293,20580,82.3
Roerdalen,Nederland met een PLAN,0.03164807342353034,20580,82.3
Roerdalen,PartijvdSport,0.01582403671176517,20580,82.3
Roermond,PVV,31.575146777181253,58763,69.8
Roermond,VVD,15.013657341998682,58763,69.8
Roermond,PvdA/GL,13.47838372421588,58763,69.8
Roermond,NSC,12.872437286113469,58763,69.8
Roermond,D66,5.927600389312737,58763,69.8
Roermond,SP,3.68277291136856,58763,69.8
Roermond,DENK,3.5728862516090545,58763,69.8
Roermond,BBB,2.8884493422498507,58763,69.8
Roermond,CDA,2.6623967850302974,58763,69.8
Roermond,FvD,2.4363442278107437,58763,69.8
Roermond,PvdD,1.9245863552164768,58763,69.8
Roermond,Volt,1.1334024049480391,58763,69.8
Roermond,JA21,0.7095538601613764,58763,69.8
Roermond,50PLUS,0.5462936799472544,58763,69.8
Roermond,BVNL,0.5148974914445387,58763,69.8
Roermond,ChristenUnie,0.35791654893095975,58763,69.8
Roermond,BIJ1,0.23547141377036823,58763,69.8
Roermond,Splinter,0.11930551631031992,58763,69.8
Roermond,Piratenpartij - De Groenen,0.08790932780760416,58763,69.8
Roermond,LP (Libertaire Partij),0.05337352045461681,58763,69.8
Roermond,SGP,0.05337352045461681,58763,69.8
Roermond,Nederland met een PLAN,0.05023390160434524,58763,69.8
Roermond,PartijvdSport,0.04395466390380208,58763,69.8
Roermond,LEF - Voor de Nieuwe Generatie,0.0408150450535305,58763,69.8
Roermond,Samen voor Nederland,0.01883771310162946,58763,69.8
De Ronde Venen,VVD,22.91931221470982,44720,82.5
De Ronde Venen,PVV,22.63445104163091,44720,82.5
De Ronde Venen,NSC,11.936712770703917,44720,82.5
De Ronde Venen,PvdA/GL,11.377286611524866,44720,82.5
De Ronde Venen,D66,7.262243882348904,44720,82.5
De Ronde Venen,BBB,5.515324158286714,44720,82.5
De Ronde Venen,CDA,4.2008442873322585,44720,82.5
De Ronde Venen,FvD,2.145038953907403,44720,82.5
De Ronde Venen,SP,1.8121289082609744,44720,82.5
De Ronde Venen,PvdD,1.808696845934722,44720,82.5
De Ronde Venen,ChristenUnie,1.72975941243093,44720,82.5
De Ronde Venen,Volt,1.5135394858770637,44720,82.5
De Ronde Venen,SGP,1.4071455537632565,44720,82.5
De Ronde Venen,DENK,1.0879637574218348,44720,82.5
De Ronde Venen,JA21,0.7790781480591688,44720,82.5
De Ronde Venen,50PLUS,0.6246353433778358,44720,82.5
De Ronde Venen,BVNL,0.5903147201153173,44720,82.5
De Ronde Venen,BIJ1,0.22308405120636993,44720,82.5
De Ronde Venen,Splinter,0.14071455537632566,44720,82.5
De Ronde Venen,Piratenpartij - De Groenen,0.07207330885128874,44720,82.5
De Ronde Venen,PartijvdSport,0.05148093489377767,44720,82.5
De Ronde Venen,Samen voor Nederland,0.05148093489377767,44720,82.5
De Ronde Venen,LEF - Voor de Nieuwe Generatie,0.04804887256752582,44720,82.5
De Ronde Venen,LP (Libertaire Partij),0.02745649861001476,44720,82.5
De Ronde Venen,Nederland met een PLAN,0.02745649861001476,44720,82.5
De Ronde Venen,Politieke Partij voor Basisinkomen,0.01372824930500738,44720,82.5
Roosendaal,PVV,29.788720518441785,77200,73.5
Roosendaal,VVD,18.653785925943772,77200,73.5
Roosendaal,NSC,13.18750150569756,77200,73.5
Roosendaal,PvdA/GL,10.918114143920596,77200,73.5
Roosendaal,D66,5.194054301476788,77200,73.5
Roosendaal,SP,3.7750849213423594,77200,73.5
Roosendaal,DENK,3.688356741911393,77200,73.5
Roosendaal,BBB,3.632947071719386,77200,73.5
Roosendaal,CDA,3.2185791033269893,77200,73.5
Roosendaal,FvD,2.2308415042520897,77200,73.5
Roosendaal,PvdD,1.4575152376593028,77200,73.5
Roosendaal,Volt,1.0335108048856874,77200,73.5
Roosendaal,JA21,0.8022356597364426,77200,73.5
Roosendaal,50PLUS,0.609506372112072,77200,73.5
Roosendaal,ChristenUnie,0.5372328892529331,77200,73.5
Roosendaal,BVNL,0.5275964248717147,77200,73.5
Roosendaal,BIJ1,0.1469560818135826,77200,73.5
Roosendaal,SGP,0.1252740369558409,77200,73.5
Roosendaal,Splinter,0.118046688669927,77200,73.5
Roosendaal,Piratenpartij - De Groenen,0.09154641162157603,77200,73.5
Roosendaal,PartijvdSport,0.05540967019200655,77200,73.5
Roosendaal,Samen voor Nederland,0.05540967019200655,77200,73.5
Roosendaal,Nederland met een PLAN,0.04818232190609265,77200,73.5
Roosendaal,LEF - Voor de Nieuwe Generatie,0.04336408971548339,77200,73.5
Roosendaal,LP (Libertaire Partij),0.03613674142956949,77200,73.5
Roosendaal,Politieke Partij voor Basisinkomen,0.02409116095304632,77200,73.5
Rotterdam,PVV,21.468507686029113,651631,47.1
Rotterdam,PvdA/GL,20.02006529723847,651631,47.1
Rotterdam,VVD,11.74772139844919,651631,47.1
Rotterdam,DENK,9.922119439532036,651631,47.1
Rotterdam,NSC,9.033124744932662,651631,47.1
Rotterdam,D66,7.007890082981907,651631,47.1
Rotterdam,SP,3.252618691334512,651631,47.1
Rotterdam,PvdD,3.121003945041491,651631,47.1
Rotterdam,Volt,2.580261188953884,651631,47.1
Rotterdam,FvD,2.5765202013331523,651631,47.1
Rotterdam,CDA,1.9793225411508637,651631,47.1
Rotterdam,BIJ1,1.6722214664671473,651631,47.1
Rotterdam,ChristenUnie,1.450823017276561,651631,47.1
Rotterdam,BBB,1.3120663855257788,651631,47.1
Rotterdam,JA21,0.8747109236838526,651631,47.1
Rotterdam,SGP,0.6369881648755271,651631,47.1
Rotterdam,50PLUS,0.42545231941232486,651631,47.1
Rotterdam,BVNL,0.4084478302271799,651631,47.1
Rotterdam,Splinter,0.1387566317507822,651631,47.1
Rotterdam,Piratenpartij - De Groenen,0.1122296286219562,651631,47.1
Rotterdam,Nederland met een PLAN,0.11018908991973882,651631,47.1
Rotterdam,LEF - Voor de Nieuwe Generatie,0.05713508366208679,651631,47.1
Rotterdam,LP (Libertaire Partij),0.04625221058359407,651631,47.1
Rotterdam,Samen voor Nederland,0.04557203101618827,651631,47.1
Rozendaal,VVD,34.82786228983187,1726,84.5
Rozendaal,PvdA/GL,17.45396317053643,1726,84.5
Rozendaal,D66,12.730184147317855,1726,84.5
Rozendaal,NSC,10.0080064051241,1726,84.5
Rozendaal,PVV,8.166533226581265,1726,84.5
Rozendaal,CDA,4.00320256204964,1726,84.5
Rozendaal,Volt,3.682946357085669,1726,84.5
Rozendaal,PvdD,2.9623698959167335,1726,84.5
Rozendaal,ChristenUnie,1.281024819855885,1726,84.5
Rozendaal,SP,1.281024819855885,1726,84.5
Rozendaal,BBB,1.0408326661329064,1726,84.5
Rozendaal,FvD,0.7205764611689351,1726,84.5
Rozendaal,SGP,0.6405124099279423,1726,84.5
Rozendaal,BVNL,0.4003202562049639,1726,84.5
Rozendaal,JA21,0.4003202562049639,1726,84.5
Rozendaal,50PLUS,0.08006405124099279,1726,84.5
Rozendaal,BIJ1,0.08006405124099279,1726,84.5
Rozendaal,LP (Libertaire Partij),0.08006405124099279,1726,84.5
Rozendaal,Piratenpartij - De Groenen,0.08006405124099279,1726,84.5
Rozendaal,Splinter,0.08006405124099279,1726,84.5
Rucphen,PVV,53.84020799662708,23080,89.3
Rucphen,VVD,13.344107933384864,23080,89.3
Rucphen,NSC,9.837678307919331,23080,89.3
Rucphen,BBB,5.495046026280654,23080,89.3
Rucphen,PvdA/GL,4.335605368561591,23080,89.3
Rucphen,SP,2.494554142365259,23080,89.3
Rucphen,CDA,2.325908228515213,23080,89.3
Rucphen,D66,2.115100836202656,23080,89.3
Rucphen,FvD,2.0307778792776334,23080,89.3
Rucphen,PvdD,1.1102522661794674,23080,89.3
Rucphen,Volt,0.5902606984751598,23080,89.3
Rucphen,JA21,0.5199915677043074,23080,89.3
Rucphen,DENK,0.4567493500105404,23080,89.3
Rucphen,BVNL,0.4356686107792847,23080,89.3
Rucphen,50PLUS,0.4145878715480289,23080,89.3
Rucphen,ChristenUnie,0.24594195769798327,23080,89.3
Rucphen,Splinter,0.0772960438479376,23080,89.3
Rucphen,BIJ1,0.07026913077085237,23080,89.3
Rucphen,SGP,0.07026913077085237,23080,89.3
Rucphen,PartijvdSport,0.04216147846251142,23080,89.3
Rucphen,LEF - Voor de Nieuwe Generatie,0.03513456538542618,23080,89.3
Rucphen,Nederland met een PLAN,0.03513456538542618,23080,89.3
Rucphen,Piratenpartij - De Groenen,0.02810765230834094,23080,89.3
Rucphen,Politieke Partij voor Basisinkomen,0.02108073923125571,23080,89.3
Rucphen,LP (Libertaire Partij),0.01405382615417047,23080,89.3
Rucphen,Samen voor Nederland,0.01405382615417047,23080,89.3
Schagen,PVV,23.866101201074816,46532,88.6
Schagen,VVD,19.95208650328596,46532,88.6
Schagen,NSC,12.46074654407718,46532,88.6
Schagen,PvdA/GL,12.347437599145326,46532,88.6
Schagen,BBB,8.145294441386902,46532,88.6
Schagen,D66,6.005374081388196,46532,88.6
Schagen,CDA,3.774806565444009,46532,88.6
Schagen,SP,3.340995176276344,46532,88.6
Schagen,FvD,2.771213053190456,46532,88.6
Schagen,PvdD,2.2208553206643145,46532,88.6
Schagen,Volt,1.081291074492538,46532,88.6
Schagen,JA21,0.8384861924957104,46532,88.6
Schagen,BVNL,0.789925216096345,46532,88.6
Schagen,50PLUS,0.718702450710609,46532,88.6
Schagen,ChristenUnie,0.5989187089255075,46532,88.6
Schagen,DENK,0.21690569458383244,46532,88.6
Schagen,Splinter,0.1651073197578426,46532,88.6
Schagen,Piratenpartij - De Groenen,0.15863252290459387,46532,88.6
Schagen,SGP,0.14244553077147204,46532,88.6
Schagen,BIJ1,0.1392081323448477,46532,88.6
Schagen,Samen voor Nederland,0.06151057010586292,46532,88.6
Schagen,LEF - Voor de Nieuwe Generatie,0.0550357732526142,46532,88.6
Schagen,Nederland met een PLAN,0.0550357732526142,46532,88.6
Schagen,PartijvdSport,0.04856097639936547,46532,88.6
Schagen,LP (Libertaire Partij),0.04532357797274111,46532,88.6
Scherpenzeel,PVV,23.537293434569005,10128,92
Scherpenzeel,SGP,20.27690933452434,10128,92
Scherpenzeel,VVD,14.12833110019354,10128,92
Scherpenzeel,NSC,10.867947000148876,10128,92
Scherpenzeel,BBB,8.262617239839214,10128,92
Scherpenzeel,ChristenUnie,5.091558731576597,10128,92
Scherpenzeel,PvdA/GL,4.808694357600119,10128,92
Scherpenzeel,CDA,4.644930772666369,10128,92
Scherpenzeel,D66,2.3671281822242074,10128,92
Scherpenzeel,FvD,1.5483102575554564,10128,92
Scherpenzeel,SP,1.2803334822093198,10128,92
Scherpenzeel,PvdD,0.6550543397350008,10128,92
Scherpenzeel,JA21,0.6401667411046599,10128,92
Scherpenzeel,Volt,0.5210659520619324,10128,92
Scherpenzeel,50PLUS,0.46151555754056867,10128,92
Scherpenzeel,BVNL,0.3424147684978413,10128,92
Scherpenzeel,DENK,0.31263957123715946,10128,92
Scherpenzeel,Splinter,0.07443799315170463,10128,92
Scherpenzeel,Nederland met een PLAN,0.0595503945213637,10128,92
Scherpenzeel,BIJ1,0.04466279589102277,10128,92
Scherpenzeel,Piratenpartij - De Groenen,0.02977519726068185,10128,92
Scherpenzeel,Samen voor Nederland,0.02977519726068185,10128,92
Scherpenzeel,LP (Libertaire Partij),0.01488759863034092,10128,92
Schiedam,PVV,28.442994669424777,79279,55.4
Schiedam,PvdA/GL,15.169597157026546,79279,55.4
Schiedam,VVD,12.610390643647069,79279,55.4
Schiedam,NSC,10.04588007531758,79279,55.4
Schiedam,DENK,9.974275333492455,79279,55.4
Schiedam,D66,4.991115707958734,79279,55.4
Schiedam,SP,3.370726920730899,79279,55.4
Schiedam,FvD,2.877449810380035,79279,55.4
Schiedam,PvdD,2.3841727000291724,79279,55.4
Schiedam,CDA,2.2489192988039357,79279,55.4
Schiedam,BBB,1.9412841117033972,79279,55.4
Schiedam,Volt,1.5116556607526457,79279,55.4
Schiedam,ChristenUnie,0.9998143580767498,79279,55.4
Schiedam,BIJ1,0.7160474182512531,79279,55.4
Schiedam,JA21,0.6789190336011881,79279,55.4
Schiedam,50PLUS,0.5781419895510118,79279,55.4
Schiedam,SGP,0.44288858832577505,79279,55.4
Schiedam,BVNL,0.35537168165062194,79279,55.4
Schiedam,Splinter,0.1564696210252738,79279,55.4
Schiedam,Piratenpartij - De Groenen,0.10608109900018564,79279,55.4
Schiedam,Samen voor Nederland,0.10077704405017636,79279,55.4
Schiedam,Nederland met een PLAN,0.09812501657517173,79279,55.4
Schiedam,LEF - Voor de Nieuwe Generatie,0.07425676930012995,79279,55.4
Schiedam,PartijvdSport,0.07425676930012995,79279,55.4
Schiedam,LP (Libertaire Partij),0.05038852202508818,79279,55.4
Schiermonnikoog,PvdA/GL,25.723472668810288,931,89.2
Schiermonnikoog,VVD,15.434083601286176,931,89.2
Schiermonnikoog,NSC,13.39764201500536,931,89.2
Schiermonnikoog,PVV,11.254019292604502,931,89.2
Schiermonnikoog,D66,7.395498392282958,931,89.2
Schiermonnikoog,BBB,6.538049303322616,931,89.2
Schiermonnikoog,PvdD,5.894962486602358,931,89.2
Schiermonnikoog,CDA,4.287245444801715,931,89.2
Schiermonnikoog,SP,3.644158628081458,931,89.2
Schiermonnikoog,ChristenUnie,1.822079314040729,931,89.2
Schiermonnikoog,Volt,1.714898177920686,931,89.2
Schiermonnikoog,FvD,0.857449088960343,931,89.2
Schiermonnikoog,JA21,0.5359056806002144,931,89.2
Schiermonnikoog,Piratenpartij - De Groenen,0.3215434083601286,931,89.2
Schiermonnikoog,SGP,0.3215434083601286,931,89.2
Schiermonnikoog,BVNL,0.21436227224008575,931,89.2
Schiermonnikoog,DENK,0.21436227224008575,931,89.2
Schiermonnikoog,50PLUS,0.10718113612004287,931,89.2
Schiermonnikoog,LEF - Voor de Nieuwe Generatie,0.10718113612004287,931,89.2
Schiermonnikoog,LP (Libertaire Partij),0.10718113612004287,931,89.2
Schiermonnikoog,Samen voor Nederland,0.10718113612004287,931,89.2
Schouwen-Duiveland,PVV,23.789920700264332,34065,90
Schouwen-Duiveland,VVD,17.393942020193265,34065,90
Schouwen-Duiveland,NSC,11.682627724574251,34065,90
Schouwen-Duiveland,PvdA/GL,9.910300298999005,34065,90
Schouwen-Duiveland,SGP,9.039303202322658,34065,90
Schouwen-Duiveland,BBB,6.426311912293626,34065,90
Schouwen-Duiveland,CDA,4.619317935606881,34065,90
Schouwen-Duiveland,D66,4.233652554491485,34065,90
Schouwen-Duiveland,ChristenUnie,3.050656497811674,34065,90
Schouwen-Duiveland,SP,2.6909910300299,34065,90
Schouwen-Duiveland,FvD,2.2793257355808816,34065,90
Schouwen-Duiveland,PvdD,1.980326732244226,34065,90
Schouwen-Duiveland,JA21,0.7279975733414222,34065,90
Schouwen-Duiveland,Volt,0.6499978333405555,34065,90
Schouwen-Duiveland,BVNL,0.5329982233392556,34065,90
Schouwen-Duiveland,50PLUS,0.4463318455605148,34065,90
Schouwen-Duiveland,BIJ1,0.1516661611127963,34065,90
Schouwen-Duiveland,DENK,0.14733284222385926,34065,90
Schouwen-Duiveland,Piratenpartij - De Groenen,0.06499978333405555,34065,90
Schouwen-Duiveland,Splinter,0.06499978333405555,34065,90
Schouwen-Duiveland,LP (Libertaire Partij),0.04333318888937036,34065,90
Schouwen-Duiveland,Samen voor Nederland,0.03899987000043333,34065,90
Schouwen-Duiveland,LEF - Voor de Nieuwe Generatie,0.03466655111149629,34065,90
Simpelveld,PVV,36.66614834395895,10477,82
Simpelveld,NSC,16.093920074638472,10477,82
Simpelveld,PvdA/GL,12.56414243508008,10477,82
Simpelveld,VVD,11.74000932980874,10477,82
Simpelveld,BBB,6.422018348623854,10477,82
Simpelveld,SP,3.46757891463225,10477,82
Simpelveld,CDA,3.296532421085368,10477,82
Simpelveld,D66,3.2032343336961597,10477,82
Simpelveld,FvD,2.3635515471932824,10477,82
Simpelveld,PvdD,1.3372725859119887,10477,82
Simpelveld,JA21,0.6686362929559944,10477,82
Simpelveld,BVNL,0.4353910744829731,10477,82
Simpelveld,50PLUS,0.4198413932514383,10477,82
Simpelveld,Volt,0.35764266832529934,10477,82
Simpelveld,ChristenUnie,0.2643445809360908,10477,82
Simpelveld,Splinter,0.17104649354688228,10477,82
Simpelveld,DENK,0.12439744985227802,10477,82
Simpelveld,Piratenpartij - De Groenen,0.10884776862074327,10477,82
Simpelveld,BIJ1,0.07774840615767377,10477,82
Simpelveld,Samen voor Nederland,0.06219872492613901,10477,82
Simpelveld,LP (Libertaire Partij),0.04664904369460426,10477,82
Simpelveld,SGP,0.04664904369460426,10477,82
Simpelveld,LEF - Voor de Nieuwe Generatie,0.0310993624630695,10477,82
Simpelveld,Nederland met een PLAN,0.0310993624630695,10477,82
Sint-Michielsgestel,PVV,25.05040062031533,29498,91.2
Sint-Michielsgestel,VVD,19.519255621607652,29498,91.2
Sint-Michielsgestel,PvdA/GL,13.202377875420003,29498,91.2
Sint-Michielsgestel,NSC,13.181700697854742,29498,91.2
Sint-Michielsgestel,D66,8.394934091496511,29498,91.2
Sint-Michielsgestel,SP,4.797105195140864,29498,91.2
Sint-Michielsgestel,BBB,4.1974670457482555,29498,91.2
Sint-Michielsgestel,CDA,4.125096924269838,29498,91.2
Sint-Michielsgestel,PvdD,1.7265443266994054,29498,91.2
Sint-Michielsgestel,Volt,1.421555957611786,29498,91.2
Sint-Michielsgestel,FvD,1.3853708968725769,29498,91.2
Sint-Michielsgestel,50PLUS,0.6565003876970793,29498,91.2
Sint-Michielsgestel,JA21,0.6565003876970793,29498,91.2
Sint-Michielsgestel,BVNL,0.4497286120444559,29498,91.2
Sint-Michielsgestel,ChristenUnie,0.4032049625226157,29498,91.2
Sint-Michielsgestel,DENK,0.2532954251744637,29498,91.2
Sint-Michielsgestel,BIJ1,0.1395709485655208,29498,91.2
Sint-Michielsgestel,SGP,0.09821659343499611,29498,91.2
Sint-Michielsgestel,Splinter,0.08270871026104937,29498,91.2
Sint-Michielsgestel,Piratenpartij - De Groenen,0.07753941586973379,29498,91.2
Sint-Michielsgestel,PartijvdSport,0.06203153269578702,29498,91.2
Sint-Michielsgestel,Nederland met een PLAN,0.04135435513052468,29498,91.2
Sint-Michielsgestel,LEF - Voor de Nieuwe Generatie,0.03101576634789351,29498,91.2
Sint-Michielsgestel,LP (Libertaire Partij),0.02067717756526234,29498,91.2
Sint-Michielsgestel,Samen voor Nederland,0.01550788317394675,29498,91.2
Sint-Michielsgestel,Politieke Partij voor Basisinkomen,0.01033858878263117,29498,91.2
Sittard-Geleen,PVV,34.11000834801967,91743,77.5
Sittard-Geleen,NSC,14.673963454225024,91743,77.5
Sittard-Geleen,PvdA/GL,14.395696132084224,91743,77.5
Sittard-Geleen,VVD,12.71496150635377,91743,77.5
Sittard-Geleen,D66,4.827010481402468,91743,77.5
Sittard-Geleen,SP,3.608199610425749,91743,77.5
Sittard-Geleen,CDA,3.1963639736573604,91743,77.5
Sittard-Geleen,BBB,2.8290511084315,91743,77.5
Sittard-Geleen,FvD,2.756701604674891,91743,77.5
Sittard-Geleen,PvdD,1.9311752156571744,91743,77.5
Sittard-Geleen,DENK,1.1631574065485577,91743,77.5
Sittard-Geleen,Volt,1.01845839903534,91743,77.5
Sittard-Geleen,BVNL,0.5825062610147482,91743,77.5
Sittard-Geleen,50PLUS,0.5546795288006678,91743,77.5
Sittard-Geleen,JA21,0.5528244133197292,91743,77.5
Sittard-Geleen,ChristenUnie,0.3209349782023931,91743,77.5
Sittard-Geleen,BIJ1,0.2226138577126426,91743,77.5
Sittard-Geleen,Splinter,0.1280029681847695,91743,77.5
Sittard-Geleen,SGP,0.09275577404693444,91743,77.5
Sittard-Geleen,PartijvdSport,0.0649290418328541,91743,77.5
Sittard-Geleen,Piratenpartij - De Groenen,0.0649290418328541,91743,77.5
Sittard-Geleen,Nederland met een PLAN,0.05565346442816065,91743,77.5
Sittard-Geleen,LEF - Voor de Nieuwe Generatie,0.05379834894722196,91743,77.5
Sittard-Geleen,Samen voor Nederland,0.05194323346628327,91743,77.5
Sittard-Geleen,LP (Libertaire Partij),0.02968184769501901,91743,77.5
Sliedrecht,PVV,25.84837545126354,25597,84.5
Sliedrecht,SGP,15.654742369543817,25597,84.5
Sliedrecht,VVD,11.572038070233017,25597,84.5
Sliedrecht,NSC,11.407942238267148,25597,84.5
Sliedrecht,ChristenUnie,7.758450935346242,25597,84.5
Sliedrecht,PvdA/GL,7.495897604200853,25597,84.5
Sliedrecht,CDA,4.397768296685264,25597,84.5
Sliedrecht,D66,2.776501476862488,25597,84.5
Sliedrecht,SP,2.645224811289794,25597,84.5
Sliedrecht,FvD,2.5730226452248113,25597,84.5
Sliedrecht,BBB,2.323596980636692,25597,84.5
Sliedrecht,DENK,1.444043321299639,25597,84.5
Sliedrecht,PvdD,1.2405644896619623,25597,84.5
Sliedrecht,JA21,0.8926813258943224,25597,84.5
Sliedrecht,Volt,0.5579258286839515,25597,84.5
Sliedrecht,50PLUS,0.5054151624548736,25597,84.5
Sliedrecht,BVNL,0.4529044962257958,25597,84.5
Sliedrecht,BIJ1,0.118148999015425,25597,84.5
Sliedrecht,Splinter,0.118148999015425,25597,84.5
Sliedrecht,Piratenpartij - De Groenen,0.10502133245815556,25597,84.5
Sliedrecht,Samen voor Nederland,0.04594683295044306,25597,84.5
Sliedrecht,Nederland met een PLAN,0.03281916639317361,25597,84.5
Sliedrecht,PartijvdSport,0.02625533311453889,25597,84.5
Sliedrecht,LP (Libertaire Partij),0.00656383327863472,25597,84.5
Sluis,PVV,27.128033081064213,23166,71.4
Sluis,VVD,18.732932823593664,23166,71.4
Sluis,NSC,12.147928532417884,23166,71.4
Sluis,PvdA/GL,10.642115939767496,23166,71.4
Sluis,BBB,10.345634703908871,23166,71.4
Sluis,CDA,3.901068892876648,23166,71.4
Sluis,D66,3.901068892876648,23166,71.4
Sluis,SP,3.565576968089256,23166,71.4
Sluis,FvD,2.527892642584068,23166,71.4
Sluis,PvdD,1.9817429975813372,23166,71.4
Sluis,ChristenUnie,0.9908714987906686,23166,71.4
Sluis,SGP,0.920652258718889,23166,71.4
Sluis,Volt,0.7177966762893032,23166,71.4
Sluis,BVNL,0.6319731606460169,23166,71.4
Sluis,50PLUS,0.553951782788484,23166,71.4
Sluis,JA21,0.4993368182882109,23166,71.4
Sluis,DENK,0.26527268471561205,23166,71.4
Sluis,Samen voor Nederland,0.14824061792931262,23166,71.4
Sluis,BIJ1,0.11703206678629945,23166,71.4
Sluis,Piratenpartij - De Groenen,0.08582351564328626,23166,71.4
Sluis,Splinter,0.08582351564328626,23166,71.4
Sluis,LP (Libertaire Partij),0.07802137785753296,23166,71.4
Sluis,LEF - Voor de Nieuwe Generatie,0.03120855114301318,23166,71.4
Smallingerland,PVV,24.368771246767587,56040,88
Smallingerland,NSC,17.107824621553302,56040,88
Smallingerland,PvdA/GL,14.47540459656565,56040,88
Smallingerland,VVD,10.198448441177325,56040,88
Smallingerland,ChristenUnie,5.45079466542697,56040,88
Smallingerland,CDA,5.392683848098324,56040,88
Smallingerland,BBB,5.352006275968272,56040,88
Smallingerland,D66,4.0880959990702275,56040,88
Smallingerland,SP,3.6784147369032745,56040,88
Smallingerland,FvD,3.1815672487433533,56040,88
Smallingerland,SGP,1.8101519597873144,56040,88
Smallingerland,PvdD,1.4527704332161433,56040,88
Smallingerland,BVNL,0.7641572478716914,56040,88
Smallingerland,Volt,0.6740854810122905,56040,88
Smallingerland,JA21,0.5113751924920824,56040,88
Smallingerland,DENK,0.4445477525641398,56040,88
Smallingerland,50PLUS,0.4416422116977075,56040,88
Smallingerland,BIJ1,0.22372664671528605,56040,88
Smallingerland,Samen voor Nederland,0.08426068512653631,56040,88
Smallingerland,Piratenpartij - De Groenen,0.08135514426010401,56040,88
Smallingerland,Splinter,0.07844960339367174,56040,88
Smallingerland,LEF - Voor de Nieuwe Generatie,0.04358311299648429,56040,88
Smallingerland,LP (Libertaire Partij),0.03777203126361972,56040,88
Smallingerland,Nederland met een PLAN,0.03196094953075515,56040,88
Smallingerland,Politieke Partij voor Basisinkomen,0.02614986779789058,56040,88
Soest,VVD,20.371365254180375,46906,78.1
Soest,PVV,20.277348734134712,46906,78.1
Soest,PvdA/GL,14.995634947283596,46906,78.1
Soest,NSC,12.25572493452421,46906,78.1
Soest,D66,8.263380565442214,46906,78.1
Soest,CDA,3.4853267074071588,46906,78.1
Soest,DENK,3.0454637029077967,46906,78.1
Soest,PvdD,2.8641461285340135,46906,78.1
Soest,BBB,2.6089584312672085,46906,78.1
Soest,ChristenUnie,2.1355180981801087,46906,78.1
Soest,SP,2.0717211738634074,46906,78.1
Soest,Volt,2.007924249546706,46906,78.1
Soest,FvD,1.8098180108790545,46906,78.1
Soest,SGP,1.484117923578,46906,78.1
Soest,JA21,0.6984084346249413,46906,78.1
Soest,50PLUS,0.4297898059230408,46906,78.1
Soest,BVNL,0.4163588744879458,46906,78.1
Soest,BIJ1,0.2417567658317104,46906,78.1
Soest,Splinter,0.1813175743737828,46906,78.1
Soest,Piratenpartij - De Groenen,0.06379692431670136,46906,78.1
Soest,LEF - Voor de Nieuwe Generatie,0.05708145859915385,46906,78.1
Soest,Nederland met een PLAN,0.05708145859915385,46906,78.1
Soest,PartijvdSport,0.0537237257403801,46906,78.1
Soest,Samen voor Nederland,0.05036599288160634,46906,78.1
Soest,LP (Libertaire Partij),0.04029279430528507,46906,78.1
Soest,Politieke Partij voor Basisinkomen,0.03357732858773756,46906,78.1
Someren,PVV,30.42755344418052,19428,89.7
Someren,VVD,19.984164687252573,19428,89.7
Someren,NSC,14.172604908946951,19428,89.7
Someren,BBB,10.245447347585117,19428,89.7
Someren,PvdA/GL,6.476642913697546,19428,89.7
Someren,D66,4.465558194774347,19428,89.7
Someren,CDA,4.457640538400633,19428,89.7
Someren,SP,3.016627078384798,19428,89.7
Someren,FvD,1.7814726840855106,19428,89.7
Someren,PvdD,1.163895486935867,19428,89.7
Someren,Volt,0.8788598574821853,19428,89.7
Someren,50PLUS,0.7205067300079177,19428,89.7
Someren,JA21,0.6888361045130641,19428,89.7
Someren,BVNL,0.5146476642913698,19428,89.7
Someren,DENK,0.2771179730799683,19428,89.7
Someren,ChristenUnie,0.23752969121140144,19428,89.7
Someren,Splinter,0.11876484560570072,19428,89.7
Someren,SGP,0.10292953285827396,19428,89.7
Someren,BIJ1,0.0791765637371338,19428,89.7
Someren,Samen voor Nederland,0.04750593824228028,19428,89.7
Someren,PartijvdSport,0.0395882818685669,19428,89.7
Someren,LP (Libertaire Partij),0.03167062549485353,19428,89.7
Someren,LEF - Voor de Nieuwe Generatie,0.02375296912114014,19428,89.7
Someren,Piratenpartij - De Groenen,0.02375296912114014,19428,89.7
Someren,Nederland met een PLAN,0.01583531274742676,19428,89.7
Someren,Politieke Partij voor Basisinkomen,0.00791765637371338,19428,89.7
Son en Breugel,VVD,22.740163062743708,17552,86
Son en Breugel,PVV,21.800779865295993,17552,86
Son en Breugel,NSC,14.179369018078695,17552,86
Son en Breugel,PvdA/GL,12.681673165544131,17552,86
Son en Breugel,D66,8.596242467210208,17552,86
Son en Breugel,CDA,4.200638071605813,17552,86
Son en Breugel,BBB,3.6246012052463663,17552,86
Son en Breugel,SP,3.3498759305210917,17552,86
Son en Breugel,Volt,1.9496632399858205,17552,86
Son en Breugel,PvdD,1.8787663948954272,17552,86
Son en Breugel,FvD,1.6394895427153493,17552,86
Son en Breugel,ChristenUnie,0.7444168734491315,17552,86
Son en Breugel,JA21,0.6823821339950372,17552,86
Son en Breugel,50PLUS,0.620347394540943,17552,86
Son en Breugel,BVNL,0.41651896490606166,17552,86
Son en Breugel,DENK,0.28358738036157394,17552,86
Son en Breugel,SGP,0.1152073732718894,17552,86
Son en Breugel,Splinter,0.1063452676355902,17552,86
Son en Breugel,BIJ1,0.08862105636299185,17552,86
Son en Breugel,PartijvdSport,0.07975895072669266,17552,86
Son en Breugel,Piratenpartij - De Groenen,0.06203473945409429,17552,86
Son en Breugel,Samen voor Nederland,0.06203473945409429,17552,86
Son en Breugel,Nederland met een PLAN,0.04431052818149592,17552,86
Son en Breugel,LP (Libertaire Partij),0.02658631690889755,17552,86
Son en Breugel,Politieke Partij voor Basisinkomen,0.02658631690889755,17552,86
Stadskanaal,PVV,32.702353245409874,31754,91.5
Stadskanaal,NSC,17.201965347814845,31754,91.5
Stadskanaal,PvdA/GL,8.47685544349625,31754,91.5
Stadskanaal,VVD,8.399275924489267,31754,91.5
Stadskanaal,BBB,8.182053271269718,31754,91.5
Stadskanaal,ChristenUnie,5.523661753297129,31754,91.5
Stadskanaal,CDA,4.716834755624515,31754,91.5
Stadskanaal,SP,4.137574347039048,31754,91.5
Stadskanaal,FvD,2.916989914662529,31754,91.5
Stadskanaal,D66,2.2498060512024827,31754,91.5
Stadskanaal,SGP,1.8360486164985776,31754,91.5
Stadskanaal,PvdD,1.039565554693561,31754,91.5
Stadskanaal,BVNL,0.5792604085854668,31754,91.5
Stadskanaal,50PLUS,0.49133695371088704,31754,91.5
Stadskanaal,JA21,0.45513317817429527,31754,91.5
Stadskanaal,Volt,0.4137574347039048,31754,91.5
Stadskanaal,DENK,0.23273855702094648,31754,91.5
Stadskanaal,Samen voor Nederland,0.12929919834497025,31754,91.5
Stadskanaal,BIJ1,0.08792345487457978,31754,91.5
Stadskanaal,Splinter,0.08792345487457978,31754,91.5
Stadskanaal,Piratenpartij - De Groenen,0.06723558313938453,31754,91.5
Stadskanaal,LEF - Voor de Nieuwe Generatie,0.04137574347039048,31754,91.5
Stadskanaal,Nederland met een PLAN,0.02585983966899405,31754,91.5
Stadskanaal,LP (Libertaire Partij),0.00517196793379881,31754,91.5
Staphorst,SGP,31.597674216783822,17261,95.2
Staphorst,PVV,21.2271109954005,17261,95.2
Staphorst,NSC,10.639590384448494,17261,95.2
Staphorst,BBB,8.400590124099628,17261,95.2
Staphorst,ChristenUnie,7.602186930486853,17261,95.2
Staphorst,VVD,5.684283606699644,17261,95.2
Staphorst,CDA,4.0701206283086,17261,95.2
Staphorst,FvD,3.037403453961642,17261,95.2
Staphorst,PvdA/GL,2.7857328820619633,17261,95.2
Staphorst,D66,1.0500737655124537,17261,95.2
Staphorst,JA21,0.8678295582747549,17261,95.2
Staphorst,SP,0.7463334201162891,17261,95.2
Staphorst,BVNL,0.7116202377852989,17261,95.2
Staphorst,PvdD,0.5206977349648528,17261,95.2
Staphorst,Volt,0.37316671005814456,17261,95.2
Staphorst,50PLUS,0.2082790939859412,17261,95.2
Staphorst,DENK,0.1996007984031936,17261,95.2
Staphorst,Samen voor Nederland,0.06942636466198039,17261,95.2
Staphorst,BIJ1,0.0520697734964853,17261,95.2
Staphorst,Piratenpartij - De Groenen,0.04339147791373774,17261,95.2
Staphorst,PartijvdSport,0.03471318233099019,17261,95.2
Staphorst,LEF - Voor de Nieuwe Generatie,0.02603488674824265,17261,95.2
Staphorst,LP (Libertaire Partij),0.02603488674824265,17261,95.2
Staphorst,Splinter,0.01735659116549509,17261,95.2
Staphorst,Nederland met een PLAN,0.00867829558274754,17261,95.2
Stede Broec,PVV,30.689887136557292,21743,86
Stede Broec,VVD,17.886239629269753,21743,86
Stede Broec,NSC,13.386650721279617,21743,86
Stede Broec,PvdA/GL,9.462590627102175,21743,86
Stede Broec,BBB,5.8001345392032295,21743,86
Stede Broec,D66,4.940578518573884,21743,86
Stede Broec,CDA,3.6774048882577177,21743,86
Stede Broec,SP,3.512968084311234,21743,86
Stede Broec,FvD,3.0047088721130133,21743,86
Stede Broec,PvdD,1.4874056356977352,21743,86
Stede Broec,JA21,1.3005456312130952,21743,86
Stede Broec,Volt,1.1211600269078406,21743,86
Stede Broec,50PLUS,0.949248822781972,21743,86
Stede Broec,ChristenUnie,0.754914418117946,21743,86
Stede Broec,BVNL,0.642798415427162,21743,86
Stede Broec,SGP,0.358771208610509,21743,86
Stede Broec,DENK,0.3288736078929666,21743,86
Stede Broec,BIJ1,0.1569624037670977,21743,86
Stede Broec,Splinter,0.12706480304955528,21743,86
Stede Broec,Piratenpartij - De Groenen,0.11211600269078408,21743,86
Stede Broec,Samen voor Nederland,0.09716720233201286,21743,86
Stede Broec,PartijvdSport,0.07474400179385604,21743,86
Stede Broec,Nederland met een PLAN,0.06726960161447043,21743,86
Stede Broec,LEF - Voor de Nieuwe Generatie,0.03737200089692802,21743,86
Stede Broec,LP (Libertaire Partij),0.02242320053815681,21743,86
Steenbergen,PVV,37.116035065921174,24310,84.9
Steenbergen,VVD,17.62959895078346,24310,84.9
Steenbergen,NSC,12.845999861945192,24310,84.9
Steenbergen,PvdA/GL,6.792296541727065,24310,84.9
Steenbergen,BBB,6.329812935735488,24310,84.9
Steenbergen,D66,3.8034099537516393,24310,84.9
Steenbergen,SP,3.679160626768827,24310,84.9
Steenbergen,CDA,2.8508317802167458,24310,84.9
Steenbergen,FvD,2.2986125491820255,24310,84.9
Steenbergen,PvdD,1.2424932698281217,24310,84.9
Steenbergen,SGP,1.0906329812935736,24310,84.9
Steenbergen,ChristenUnie,0.8904535100434872,24310,84.9
Steenbergen,JA21,0.8904535100434872,24310,84.9
Steenbergen,50PLUS,0.6143438945261269,24310,84.9
Steenbergen,Volt,0.5315110098709187,24310,84.9
Steenbergen,BVNL,0.5108027887071167,24310,84.9
Steenbergen,DENK,0.38655346172430455,24310,84.9
Steenbergen,PartijvdSport,0.10354110581901012,24310,84.9
Steenbergen,Splinter,0.10354110581901012,24310,84.9
Steenbergen,BIJ1,0.08283288465520812,24310,84.9
Steenbergen,Piratenpartij - De Groenen,0.05522192310347208,24310,84.9
Steenbergen,LEF - Voor de Nieuwe Generatie,0.04831918271553807,24310,84.9
Steenbergen,LP (Libertaire Partij),0.04141644232760406,24310,84.9
Steenbergen,Nederland met een PLAN,0.03451370193967004,24310,84.9
Steenbergen,Samen voor Nederland,0.02070822116380203,24310,84.9
Steenbergen,Politieke Partij voor Basisinkomen,0.00690274038793401,24310,84.9
Steenwijkerland,PVV,25.27810650887574,44341,91
Steenwijkerland,NSC,15.851225697379542,44341,91
Steenwijkerland,VVD,12.973795435333896,44341,91
Steenwijkerland,BBB,12.338123415046493,44341,91
Steenwijkerland,PvdA/GL,10.91462383770076,44341,91
Steenwijkerland,CDA,4.368554522400676,44341,91
Steenwijkerland,D66,3.4826711749788672,44341,91
Steenwijkerland,ChristenUnie,3.3000845308537614,44341,91
Steenwijkerland,SP,2.5765004226542687,44341,91
Steenwijkerland,FvD,2.2079459002535926,44341,91
Steenwijkerland,PvdD,1.6703296703296706,44341,91
Steenwijkerland,SGP,1.5046491969568891,44341,91
Steenwijkerland,Volt,0.8588334742180896,44341,91
Steenwijkerland,JA21,0.6931530008453085,44341,91
Steenwijkerland,BVNL,0.6694843617920541,44341,91
Steenwijkerland,DENK,0.4902789518174133,44341,91
Steenwijkerland,50PLUS,0.3245984784446323,44341,91
Steenwijkerland,BIJ1,0.125105663567202,44341,91
Steenwijkerland,Splinter,0.08453085376162299,44341,91
Steenwijkerland,Samen voor Nederland,0.07100591715976332,44341,91
Steenwijkerland,PartijvdSport,0.06086221470836855,44341,91
Steenwijkerland,Piratenpartij - De Groenen,0.05748098055790363,44341,91
Steenwijkerland,LP (Libertaire Partij),0.04057480980557904,44341,91
Steenwijkerland,Nederland met een PLAN,0.03719357565511411,44341,91
Steenwijkerland,LEF - Voor de Nieuwe Generatie,0.02028740490278952,44341,91
Stein,PVV,37.94651206283898,24875,85.8
Stein,NSC,17.06252727386073,24875,85.8
Stein,VVD,11.395798266940965,24875,85.8
Stein,PvdA/GL,10.791097811857115,24875,85.8
Stein,D66,4.245371236207219,24875,85.8
Stein,SP,3.6095006545726576,24875,85.8
Stein,CDA,3.553394426781373,24875,85.8
Stein,BBB,3.266629262514806,24875,85.8
Stein,FvD,2.668162832741101,24875,85.8
Stein,PvdD,1.633314631257403,24875,85.8
Stein,Volt,0.7356149865968455,24875,85.8
Stein,JA21,0.6919768094258463,24875,85.8
Stein,BVNL,0.6670407081852753,24875,85.8
Stein,50PLUS,0.5797643538432766,24875,85.8
Stein,DENK,0.4176796957795648,24875,85.8
Stein,ChristenUnie,0.19325478461442552,24875,85.8
Stein,SGP,0.1184464808927124,24875,85.8
Stein,Splinter,0.07480830372171311,24875,85.8
Stein,Piratenpartij - De Groenen,0.06857427841157035,24875,85.8
Stein,BIJ1,0.06234025310142759,24875,85.8
Stein,Samen voor Nederland,0.06234025310142759,24875,85.8
Stein,LEF - Voor de Nieuwe Generatie,0.05610622779128483,24875,85.8
Stein,PartijvdSport,0.05610622779128483,24875,85.8
Stein,LP (Libertaire Partij),0.02493610124057103,24875,85.8
Stein,Nederland met een PLAN,0.01870207593042827,24875,85.8
Stichtse Vecht,PVV,22.52381541506866,65108,80.8
Stichtse Vecht,VVD,21.22231844612149,65108,80.8
Stichtse Vecht,PvdA/GL,14.75937152047507,65108,80.8
Stichtse Vecht,NSC,11.107262155140418,65108,80.8
Stichtse Vecht,D66,7.888160336508722,65108,80.8
Stichtse Vecht,BBB,3.8426326858839537,65108,80.8
Stichtse Vecht,CDA,3.3452925893851293,65108,80.8
Stichtse Vecht,SP,2.437213905728071,65108,80.8
Stichtse Vecht,PvdD,1.9547197822590625,65108,80.8
Stichtse Vecht,ChristenUnie,1.853272299888655,65108,80.8
Stichtse Vecht,Volt,1.8458493133737477,65108,80.8
Stichtse Vecht,FvD,1.835951998020537,65108,80.8
Stichtse Vecht,SGP,1.7889397500927873,65108,80.8
Stichtse Vecht,DENK,1.2693306940492393,65108,80.8
Stichtse Vecht,JA21,0.6754917728566127,65108,80.8
Stichtse Vecht,50PLUS,0.5319807002350612,65108,80.8
Stichtse Vecht,BVNL,0.4800197946307064,65108,80.8
Stichtse Vecht,BIJ1,0.25238154150686626,65108,80.8
Stichtse Vecht,Splinter,0.10887046888531486,65108,80.8
Stichtse Vecht,Piratenpartij - De Groenen,0.05443523444265743,65108,80.8
Stichtse Vecht,PartijvdSport,0.04453791908944699,65108,80.8
Stichtse Vecht,LP (Libertaire Partij),0.04206359025114437,65108,80.8
Stichtse Vecht,Nederland met een PLAN,0.03711493257453915,65108,80.8
Stichtse Vecht,Samen voor Nederland,0.03711493257453915,65108,80.8
Stichtse Vecht,LEF - Voor de Nieuwe Generatie,0.03464060373623655,65108,80.8
Stichtse Vecht,Politieke Partij voor Basisinkomen,0.02721761722132871,65108,80.8
Súdwest-Fryslân,PVV,22.8153659802734,89999,90.6
Súdwest-Fryslân,NSC,16.814327738363037,89999,90.6
Súdwest-Fryslân,PvdA/GL,14.0595258695276,89999,90.6
Súdwest-Fryslân,VVD,12.498702197612044,89999,90.6
Súdwest-Fryslân,BBB,9.62623291226856,89999,90.6
Súdwest-Fryslân,CDA,6.196573801695795,89999,90.6
Súdwest-Fryslân,D66,4.5128915037203665,89999,90.6
Súdwest-Fryslân,SP,3.254888388994636,89999,90.6
Súdwest-Fryslân,FvD,2.6561688873507525,89999,90.6
Súdwest-Fryslân,ChristenUnie,1.9553555978543,89999,90.6
Súdwest-Fryslân,PvdD,1.546980446444021,89999,90.6
Súdwest-Fryslân,BVNL,0.8617407856030456,89999,90.6
Súdwest-Fryslân,Volt,0.8617407856030456,89999,90.6
Súdwest-Fryslân,JA21,0.7267693372555806,89999,90.6
Súdwest-Fryslân,SGP,0.5225817615504413,89999,90.6
Súdwest-Fryslân,50PLUS,0.39280152275480185,89999,90.6
Súdwest-Fryslân,DENK,0.2664820903270462,89999,90.6
Súdwest-Fryslân,BIJ1,0.10555459422045338,89999,90.6
Súdwest-Fryslân,Splinter,0.09690257830074409,89999,90.6
Súdwest-Fryslân,Piratenpartij - De Groenen,0.07094653054161619,89999,90.6
Súdwest-Fryslân,Samen voor Nederland,0.04845128915037203,89999,90.6
Súdwest-Fryslân,Nederland met een PLAN,0.03633846686277902,89999,90.6
Súdwest-Fryslân,LP (Libertaire Partij),0.03460806367883717,89999,90.6
Súdwest-Fryslân,LEF - Voor de Nieuwe Generatie,0.02595604775912787,89999,90.6
Súdwest-Fryslân,Politieke Partij voor Basisinkomen,0.012112822287593,89999,90.6
Terneuzen,PVV,29.779946024496574,54463,71.3
Terneuzen,VVD,13.90215210020068,54463,71.3
Terneuzen,NSC,12.753442668327452,54463,71.3
Terneuzen,PvdA/GL,9.667151062210229,54463,71.3
Terneuzen,BBB,6.335201716144212,54463,71.3
Terneuzen,CDA,4.4564390007611925,54463,71.3
Terneuzen,SGP,4.172721610961179,54463,71.3
Terneuzen,SP,3.643346481212373,54463,71.3
Terneuzen,D66,3.608746799529445,54463,71.3
Terneuzen,ChristenUnie,2.9894124974050236,54463,71.3
Terneuzen,FvD,2.6918552349318383,54463,71.3
Terneuzen,DENK,1.5120060895439762,54463,71.3
Terneuzen,PvdD,1.3597674901390906,54463,71.3
Terneuzen,50PLUS,0.7542730606878416,54463,71.3
Terneuzen,BVNL,0.6573939519756419,54463,71.3
Terneuzen,JA21,0.6331741747975919,54463,71.3
Terneuzen,Volt,0.629714206629299,54463,71.3
Terneuzen,BIJ1,0.11071898138537124,54463,71.3
Terneuzen,Splinter,0.08995917237561414,54463,71.3
Terneuzen,Piratenpartij - De Groenen,0.07957926787073559,54463,71.3
Terneuzen,Samen voor Nederland,0.07611929970244274,54463,71.3
Terneuzen,LP (Libertaire Partij),0.05189952252439277,54463,71.3
Terneuzen,LEF - Voor de Nieuwe Generatie,0.04497958618780707,54463,71.3
Terschelling,PVV,19.854469854469855,4870,92.4
Terschelling,VVD,17.22972972972973,4870,92.4
Terschelling,PvdA/GL,16.606029106029105,4870,92.4
Terschelling,NSC,14.05925155925156,4870,92.4
Terschelling,BBB,7.51039501039501,4870,92.4
Terschelling,D66,7.120582120582121,4870,92.4
Terschelling,CDA,3.664241164241164,4870,92.4
Terschelling,SP,3.4303534303534304,4870,92.4
Terschelling,PvdD,2.728690228690229,4870,92.4
Terschelling,Volt,2.001039501039501,4870,92.4
Terschelling,FvD,1.4293139293139294,4870,92.4
Terschelling,JA21,1.0914760914760917,4870,92.4
Terschelling,ChristenUnie,1.0135135135135136,4870,92.4
Terschelling,BVNL,0.7016632016632017,4870,92.4
Terschelling,50PLUS,0.5457380457380457,4870,92.4
Terschelling,SGP,0.2338877338877339,4870,92.4
Terschelling,Piratenpartij - De Groenen,0.18191268191268192,4870,92.4
Terschelling,Splinter,0.12993762993762994,4870,92.4
Terschelling,BIJ1,0.10395010395010396,4870,92.4
Terschelling,DENK,0.10395010395010396,4870,92.4
Terschelling,Samen voor Nederland,0.10395010395010396,4870,92.4
Terschelling,LEF - Voor de Nieuwe Generatie,0.05197505197505198,4870,92.4
Terschelling,Nederland met een PLAN,0.05197505197505198,4870,92.4
Terschelling,LP (Libertaire Partij),0.02598752598752599,4870,92.4
Terschelling,Politieke Partij voor Basisinkomen,0.02598752598752599,4870,92.4
Texel,PVV,20.595436294192535,13656,88.8
Texel,PvdA/GL,17.109000097933603,13656,88.8
Texel,VVD,15.737929683674468,13656,88.8
Texel,NSC,12.63343453138772,13656,88.8
Texel,BBB,10.567035549897168,13656,88.8
Texel,D66,4.681226128684752,13656,88.8
Texel,SP,4.1621780432866515,13656,88.8
Texel,CDA,3.261188913916365,13656,88.8
Texel,PvdD,3.00656155126824,13656,88.8
Texel,FvD,2.399373224953482,13656,88.8
Texel,Volt,1.2829301733424736,13656,88.8
Texel,ChristenUnie,1.1164430516110078,13656,88.8
Texel,BVNL,0.7834688081480755,13656,88.8
Texel,SGP,0.6855352071295662,13656,88.8
Texel,JA21,0.6757418470277152,13656,88.8
Texel,50PLUS,0.4602879247869944,13656,88.8
Texel,DENK,0.27421408285182647,13656,88.8
Texel,BIJ1,0.16648712173146607,13656,88.8
Texel,Nederland met een PLAN,0.08814024091665851,13656,88.8
Texel,Piratenpartij - De Groenen,0.08814024091665851,13656,88.8
Texel,PartijvdSport,0.07834688081480756,13656,88.8
Texel,Splinter,0.06855352071295662,13656,88.8
Texel,LEF - Voor de Nieuwe Generatie,0.03917344040740378,13656,88.8
Texel,LP (Libertaire Partij),0.01958672020370189,13656,88.8
Texel,Samen voor Nederland,0.01958672020370189,13656,88.8
Teylingen,VVD,23.582520765619357,37791,83.2
Teylingen,PVV,21.307331166486097,37791,83.2
Teylingen,PvdA/GL,13.382288030175356,37791,83.2
Teylingen,NSC,12.63191685726897,37791,83.2
Teylingen,D66,8.450704225352112,37791,83.2
Teylingen,CDA,4.205288712330966,37791,83.2
Teylingen,BBB,3.3345371373540384,37791,83.2
Teylingen,SP,2.3193290798924604,37791,83.2
Teylingen,Volt,2.0424541551302116,37791,83.2
Teylingen,PvdD,2.0344287949921753,37791,83.2
Teylingen,FvD,1.8498455118173427,37791,83.2
Teylingen,ChristenUnie,1.1596645399462302,37791,83.2
Teylingen,JA21,0.9710685767023796,37791,83.2
Teylingen,DENK,0.7343204526303118,37791,83.2
Teylingen,BVNL,0.5336864491794069,37791,83.2
Teylingen,50PLUS,0.497572328558244,37791,83.2
Teylingen,SGP,0.26483688455519444,37791,83.2
Teylingen,BIJ1,0.17254524296777818,37791,83.2
Teylingen,Splinter,0.1605072027607239,37791,83.2
Teylingen,PartijvdSport,0.09630432165643434,37791,83.2
Teylingen,Piratenpartij - De Groenen,0.07624092131134384,37791,83.2
Teylingen,Nederland met een PLAN,0.05216484089723526,37791,83.2
Teylingen,Samen voor Nederland,0.04815216082821717,37791,83.2
Teylingen,LP (Libertaire Partij),0.04413948075919906,37791,83.2
Teylingen,LEF - Voor de Nieuwe Generatie,0.03210144055214478,37791,83.2
Teylingen,Politieke Partij voor Basisinkomen,0.01605072027607239,37791,83.2
Tholen,PVV,27.35866096694563,26085,90.3
Tholen,SGP,23.75820338370763,26085,90.3
Tholen,NSC,10.572581130712264,26085,90.3
Tholen,VVD,10.403997832500451,26085,90.3
Tholen,BBB,5.840207116623517,26085,90.3
Tholen,PvdA/GL,5.250165572882173,26085,90.3
Tholen,ChristenUnie,4.009874164609549,26085,90.3
Tholen,CDA,2.829791077126859,26085,90.3
Tholen,FvD,2.5588536335721597,26085,90.3
Tholen,SP,2.185562044674574,26085,90.3
Tholen,D66,1.7400204708290683,26085,90.3
Tholen,PvdD,1.0114997892708772,26085,90.3
Tholen,JA21,0.6683123607682582,26085,90.3
Tholen,BVNL,0.4575832380034921,26085,90.3
Tholen,50PLUS,0.36727075681859234,26085,90.3
Tholen,DENK,0.33114576434463244,26085,90.3
Tholen,Volt,0.33114576434463244,26085,90.3
Tholen,Splinter,0.1023541453428864,26085,90.3
Tholen,BIJ1,0.09031248118489976,26085,90.3
Tholen,Piratenpartij - De Groenen,0.04816665663194653,26085,90.3
Tholen,Samen voor Nederland,0.04816665663194653,26085,90.3
Tholen,LEF - Voor de Nieuwe Generatie,0.02408332831597326,26085,90.3
Tholen,LP (Libertaire Partij),0.01204166415798663,26085,90.3
Tiel,PVV,30.20439711439368,41920,72.7
Tiel,VVD,16.07265544486431,41920,72.7
Tiel,PvdA/GL,12.615939539677088,41920,72.7
Tiel,NSC,11.843009275163174,41920,72.7
Tiel,DENK,5.234455513569221,41920,72.7
Tiel,D66,5.041222947440742,41920,72.7
Tiel,BBB,3.31501202335967,41920,72.7
Tiel,SP,3.2720714531088975,41920,72.7
Tiel,FvD,2.752490553074545,41920,72.7
Tiel,CDA,2.353143249742357,41920,72.7
Tiel,PvdD,1.683270353830299,41920,72.7
Tiel,Volt,1.3569220199244243,41920,72.7
Tiel,ChristenUnie,1.202335967021642,41920,72.7
Tiel,SGP,0.6655788388869804,41920,72.7
Tiel,JA21,0.6183442116111302,41920,72.7
Tiel,50PLUS,0.6054620405358984,41920,72.7
Tiel,BVNL,0.48522844383373415,41920,72.7
Tiel,BIJ1,0.24905530745448295,41920,72.7
Tiel,Splinter,0.10305736860185502,41920,72.7
Tiel,Nederland met een PLAN,0.07299896942631398,41920,72.7
Tiel,LP (Libertaire Partij),0.06011679835108211,41920,72.7
Tiel,PartijvdSport,0.05152868430092751,41920,72.7
Tiel,Samen voor Nederland,0.05152868430092751,41920,72.7
Tiel,LEF - Voor de Nieuwe Generatie,0.04723462727585022,41920,72.7
Tiel,Piratenpartij - De Groenen,0.04294057025077293,41920,72.7
Tilburg,PVV,23.43873015873016,221947,70.8
Tilburg,PvdA/GL,20.482539682539684,221947,70.8
Tilburg,VVD,15.262645502645505,221947,70.8
Tilburg,NSC,11.426031746031748,221947,70.8
Tilburg,D66,7.255026455026455,221947,70.8
Tilburg,SP,4.071111111111112,221947,70.8
Tilburg,DENK,3.3269841269841267,221947,70.8
Tilburg,PvdD,2.584550264550265,221947,70.8
Tilburg,CDA,2.361904761904762,221947,70.8
Tilburg,Volt,2.2323809523809524,221947,70.8
Tilburg,BBB,2.057142857142857,221947,70.8
Tilburg,FvD,1.9106878306878308,221947,70.8
Tilburg,50PLUS,0.811005291005291,221947,70.8
Tilburg,JA21,0.7144973544973545,221947,70.8
Tilburg,BIJ1,0.5595767195767196,221947,70.8
Tilburg,BVNL,0.4706878306878307,221947,70.8
Tilburg,ChristenUnie,0.4122751322751323,221947,70.8
Tilburg,Splinter,0.14137566137566138,221947,70.8
Tilburg,SGP,0.0998941798941799,221947,70.8
Tilburg,Piratenpartij - De Groenen,0.09312169312169312,221947,70.8
Tilburg,LEF - Voor de Nieuwe Generatie,0.0617989417989418,221947,70.8
Tilburg,PartijvdSport,0.05587301587301586,221947,70.8
Tilburg,Nederland met een PLAN,0.05417989417989418,221947,70.8
Tilburg,Samen voor Nederland,0.04994708994708995,221947,70.8
Tilburg,LP (Libertaire Partij),0.04148148148148148,221947,70.8
Tilburg,Politieke Partij voor Basisinkomen,0.02455026455026455,221947,70.8
Tubbergen,NSC,32.78439153439153,21315,95.2
Tubbergen,PVV,25.912698412698415,21315,95.2
Tubbergen,BBB,16.83862433862434,21315,95.2
Tubbergen,VVD,10.985449735449736,21315,95.2
Tubbergen,CDA,3.6111111111111103,21315,95.2
Tubbergen,PvdA/GL,3.2407407407407405,21315,95.2
Tubbergen,D66,1.951058201058201,21315,95.2
Tubbergen,FvD,1.2103174603174605,21315,95.2
Tubbergen,SP,0.8994708994708994,21315,95.2
Tubbergen,JA21,0.6084656084656085,21315,95.2
Tubbergen,Volt,0.496031746031746,21315,95.2
Tubbergen,PvdD,0.4563492063492064,21315,95.2
Tubbergen,BVNL,0.2976190476190476,21315,95.2
Tubbergen,ChristenUnie,0.16534391534391535,21315,95.2
Tubbergen,SGP,0.16534391534391535,21315,95.2
Tubbergen,50PLUS,0.11243386243386244,21315,95.2
Tubbergen,DENK,0.10582010582010584,21315,95.2
Tubbergen,Nederland met een PLAN,0.03968253968253968,21315,95.2
Tubbergen,PartijvdSport,0.03306878306878307,21315,95.2
Tubbergen,LEF - Voor de Nieuwe Generatie,0.02645502645502645,21315,95.2
Tubbergen,Samen voor Nederland,0.01984126984126984,21315,95.2
Tubbergen,LP (Libertaire Partij),0.01322751322751322,21315,95.2
Tubbergen,Splinter,0.01322751322751322,21315,95.2
Tubbergen,BIJ1,0.00661375661375661,21315,95.2
Tubbergen,Piratenpartij - De Groenen,0.00661375661375661,21315,95.2
Twenterand,PVV,28.79628787189519,33699,94.5
Twenterand,NSC,27.108543353652987,33699,94.5
Twenterand,BBB,11.391138203985076,33699,94.5
Twenterand,VVD,7.128559730688745,33699,94.5
Twenterand,SGP,4.963151669547812,33699,94.5
Twenterand,ChristenUnie,4.690201073605677,33699,94.5
Twenterand,CDA,4.494586479847148,33699,94.5
Twenterand,PvdA/GL,3.571103630242926,33699,94.5
Twenterand,FvD,1.8469656992084431,33699,94.5
Twenterand,SP,1.6695478118460556,33699,94.5
Twenterand,D66,1.551269220271131,33699,94.5
Twenterand,JA21,0.641433900464016,33699,94.5
Twenterand,PvdD,0.6368847238649804,33699,94.5
Twenterand,BVNL,0.4776635428987353,33699,94.5
Twenterand,Volt,0.3411882449276681,33699,94.5
Twenterand,50PLUS,0.2092621235556364,33699,94.5
Twenterand,DENK,0.17741788736238742,33699,94.5
Twenterand,Samen voor Nederland,0.07733600218360477,33699,94.5
Twenterand,Splinter,0.06823764898553361,33699,94.5
Twenterand,BIJ1,0.06368847238649804,33699,94.5
Twenterand,PartijvdSport,0.0363934127922846,33699,94.5
Twenterand,Piratenpartij - De Groenen,0.03184423619324902,33699,94.5
Twenterand,LEF - Voor de Nieuwe Generatie,0.01364752979710672,33699,94.5
Twenterand,Nederland met een PLAN,0.00909835319807115,33699,94.5
Twenterand,LP (Libertaire Partij),0.00454917659903557,33699,94.5
Tynaarlo,PvdA/GL,22.25211542633977,33978,91.1
Tynaarlo,VVD,16.2291169451074,33978,91.1
Tynaarlo,PVV,15.686699934909958,33978,91.1
Tynaarlo,NSC,14.193968322846604,33978,91.1
Tynaarlo,D66,8.904317639401171,33978,91.1
Tynaarlo,BBB,6.070731178129747,33978,91.1
Tynaarlo,CDA,3.05923193751356,33978,91.1
Tynaarlo,SP,2.950748535474073,33978,91.1
Tynaarlo,ChristenUnie,2.712085050987199,33978,91.1
Tynaarlo,PvdD,2.3215448036450423,33978,91.1
Tynaarlo,Volt,1.7747884573660229,33978,91.1
Tynaarlo,FvD,1.6185723584291605,33978,91.1
Tynaarlo,JA21,0.4860056411369061,33978,91.1
Tynaarlo,BVNL,0.468648296810588,33978,91.1
Tynaarlo,50PLUS,0.3384682143632024,33978,91.1
Tynaarlo,SGP,0.32545020611846387,33978,91.1
Tynaarlo,DENK,0.15621609893686267,33978,91.1
Tynaarlo,BIJ1,0.1388587546105446,33978,91.1
Tynaarlo,Splinter,0.10848340203948796,33978,91.1
Tynaarlo,LEF - Voor de Nieuwe Generatie,0.0694293773052723,33978,91.1
Tynaarlo,Piratenpartij - De Groenen,0.0694293773052723,33978,91.1
Tynaarlo,Samen voor Nederland,0.0477326968973747,33978,91.1
Tynaarlo,LP (Libertaire Partij),0.01735734432631807,33978,91.1
Tytsjerksteradiel,PVV,24.08582089552239,32060,93.5
Tytsjerksteradiel,NSC,18.875932835820898,32060,93.5
Tytsjerksteradiel,PvdA/GL,12.96641791044776,32060,93.5
Tytsjerksteradiel,VVD,9.458955223880595,32060,93.5
Tytsjerksteradiel,BBB,8.22294776119403,32060,93.5
Tytsjerksteradiel,CDA,7.061567164179104,32060,93.5
Tytsjerksteradiel,D66,3.9085820895522385,32060,93.5
Tytsjerksteradiel,ChristenUnie,3.264925373134328,32060,93.5
Tytsjerksteradiel,SP,3.213619402985074,32060,93.5
Tytsjerksteradiel,FvD,2.355410447761194,32060,93.5
Tytsjerksteradiel,PvdD,1.6371268656716418,32060,93.5
Tytsjerksteradiel,SGP,1.3526119402985073,32060,93.5
Tytsjerksteradiel,BVNL,1.0634328358208955,32060,93.5
Tytsjerksteradiel,JA21,0.7322761194029851,32060,93.5
Tytsjerksteradiel,Volt,0.6856343283582089,32060,93.5
Tytsjerksteradiel,50PLUS,0.43843283582089554,32060,93.5
Tytsjerksteradiel,DENK,0.167910447761194,32060,93.5
Tytsjerksteradiel,BIJ1,0.11660447761194027,32060,93.5
Tytsjerksteradiel,Piratenpartij - De Groenen,0.09328358208955224,32060,93.5
Tytsjerksteradiel,Splinter,0.0792910447761194,32060,93.5
Tytsjerksteradiel,Samen voor Nederland,0.06529850746268658,32060,93.5
Tytsjerksteradiel,Politieke Partij voor Basisinkomen,0.04664179104477611,32060,93.5
Tytsjerksteradiel,LEF - Voor de Nieuwe Generatie,0.0419776119402985,32060,93.5
Tytsjerksteradiel,LP (Libertaire Partij),0.03264925373134329,32060,93.5
Tytsjerksteradiel,Nederland met een PLAN,0.03264925373134329,32060,93.5
Uitgeest,PVV,23.721510375326,13632,86.9
Uitgeest,VVD,19.9455720603243,13632,86.9
Uitgeest,PvdA/GL,14.967683410817552,13632,86.9
Uitgeest,NSC,13.176097063159087,13632,86.9
Uitgeest,D66,7.427145934913256,13632,86.9
Uitgeest,BBB,4.320217711758702,13632,86.9
Uitgeest,SP,3.0388932985599273,13632,86.9
Uitgeest,CDA,2.948180065767094,13632,86.9
Uitgeest,PvdD,2.369883206712779,13632,86.9
Uitgeest,FvD,2.2791699739199456,13632,86.9
Uitgeest,Volt,1.5648032656763806,13632,86.9
Uitgeest,JA21,0.8390974033337113,13632,86.9
Uitgeest,50PLUS,0.7257058623426692,13632,86.9
Uitgeest,BVNL,0.6803492459462523,13632,86.9
Uitgeest,ChristenUnie,0.600975167252523,13632,86.9
Uitgeest,DENK,0.442227009865064,13632,86.9
Uitgeest,Splinter,0.328835468874022,13632,86.9
Uitgeest,SGP,0.1814264655856673,13632,86.9
Uitgeest,PartijvdSport,0.12473069509014628,13632,86.9
Uitgeest,BIJ1,0.11339154099104204,13632,86.9
Uitgeest,Piratenpartij - De Groenen,0.09071323279283364,13632,86.9
Uitgeest,LP (Libertaire Partij),0.05669577049552102,13632,86.9
Uitgeest,LEF - Voor de Nieuwe Generatie,0.02267830819820841,13632,86.9
Uitgeest,Nederland met een PLAN,0.02267830819820841,13632,86.9
Uitgeest,Samen voor Nederland,0.0113391540991042,13632,86.9
Uithoorn,PVV,24.175384439490085,30206,71.3
Uithoorn,VVD,22.363231006688387,30206,71.3
Uithoorn,PvdA/GL,13.262447836277367,30206,71.3
Uithoorn,NSC,12.21631509746756,30206,71.3
Uithoorn,D66,6.711255930943806,30206,71.3
Uithoorn,BBB,3.3441948207854573,30206,71.3
Uithoorn,SP,2.8239867375521635,30206,71.3
Uithoorn,FvD,2.7782541588063796,30206,71.3
Uithoorn,CDA,2.6982221460012576,30206,71.3
Uithoorn,PvdD,2.24661293088664,30206,71.3
Uithoorn,Volt,1.583490539072772,30206,71.3
Uithoorn,DENK,1.5320413879837649,30206,71.3
Uithoorn,JA21,1.0061167324072486,30206,71.3
Uithoorn,ChristenUnie,0.8517692791402276,30206,71.3
Uithoorn,50PLUS,0.6974218258732064,30206,71.3
Uithoorn,BVNL,0.5773738066655234,30206,71.3
Uithoorn,BIJ1,0.3201280512204882,30206,71.3
Uithoorn,SGP,0.30297833419081915,30206,71.3
Uithoorn,Splinter,0.1486308809237981,30206,71.3
Uithoorn,Piratenpartij - De Groenen,0.09146515749156806,30206,71.3
Uithoorn,PartijvdSport,0.08003201280512205,30206,71.3
Uithoorn,LP (Libertaire Partij),0.05716572343223003,30206,71.3
Uithoorn,Nederland met een PLAN,0.05716572343223003,30206,71.3
Uithoorn,Samen voor Nederland,0.05716572343223003,30206,71.3
Uithoorn,LEF - Voor de Nieuwe Generatie,0.01714971702966901,30206,71.3
Urk,SGP,48.35242428997332,21227,95.7
Urk,PVV,25.74140906951201,21227,95.7
Urk,NSC,6.001882943668601,21227,95.7
Urk,BBB,5.0211831162717715,21227,95.7
Urk,ChristenUnie,4.142476070924212,21227,95.7
Urk,CDA,3.710968146869606,21227,95.7
Urk,FvD,3.6874313510120817,21227,95.7
Urk,VVD,0.8551702494900362,21227,95.7
Urk,PvdA/GL,0.6511846853914953,21227,95.7
Urk,BVNL,0.6041110936764474,21227,95.7
Urk,SP,0.2745959516711125,21227,95.7
Urk,JA21,0.2353679585752393,21227,95.7
Urk,DENK,0.2039855640985407,21227,95.7
Urk,D66,0.15691197238349286,21227,95.7
Urk,PvdD,0.07845598619174643,21227,95.7
Urk,Volt,0.07845598619174643,21227,95.7
Urk,50PLUS,0.0549191903342225,21227,95.7
Urk,Piratenpartij - De Groenen,0.04707359171504786,21227,95.7
Urk,BIJ1,0.03922799309587321,21227,95.7
Urk,Nederland met een PLAN,0.01569119723834929,21227,95.7
Urk,Samen voor Nederland,0.01569119723834929,21227,95.7
Urk,Splinter,0.01569119723834929,21227,95.7
Urk,LEF - Voor de Nieuwe Generatie,0.00784559861917464,21227,95.7
Urk,LP (Libertaire Partij),0.00784559861917464,21227,95.7
Utrecht,PvdA/GL,34.93430733907575,359370,63.6
Utrecht,D66,11.538996179711727,359370,63.6
Utrecht,VVD,11.266734732028588,359370,63.6
Utrecht,PVV,9.930832170949513,359370,63.6
Utrecht,NSC,7.093656979335932,359370,63.6
Utrecht,DENK,5.887653806147932,359370,63.6
Utrecht,Volt,4.619337273454988,359370,63.6
Utrecht,PvdD,4.3542658287916485,359370,63.6
Utrecht,SP,2.0803075403958338,359370,63.6
Utrecht,CDA,1.773534078217646,359370,63.6
Utrecht,ChristenUnie,1.4073232577424348,359370,63.6
Utrecht,FvD,1.251539858980074,359370,63.6
Utrecht,BIJ1,1.1921025006830503,359370,63.6
Utrecht,BBB,0.974964409485052,359370,63.6
Utrecht,JA21,0.4127061733365928,359370,63.6
Utrecht,SGP,0.2880794543267041,359370,63.6
Utrecht,BVNL,0.242063434999976,359370,63.6
Utrecht,50PLUS,0.22672476189106663,359370,63.6
Utrecht,Splinter,0.15961806703958817,359370,63.6
Utrecht,Piratenpartij - De Groenen,0.12031271719800787,359370,63.6
Utrecht,LEF - Voor de Nieuwe Generatie,0.06231335950494432,359370,63.6
Utrecht,Nederland met een PLAN,0.05320602234652939,359370,63.6
Utrecht,LP (Libertaire Partij),0.04601601932672811,359370,63.6
Utrecht,PartijvdSport,0.04314001811880761,359370,63.6
Utrecht,Politieke Partij voor Basisinkomen,0.02061134199009696,359370,63.6
Utrecht,Samen voor Nederland,0.01965267492079013,359370,63.6
Utrechtse Heuvelrug,PvdA/GL,19.11484627709423,49946,83.9
Utrechtse Heuvelrug,VVD,18.528371474349285,49946,83.9
Utrechtse Heuvelrug,PVV,15.42065963299979,49946,83.9
Utrechtse Heuvelrug,NSC,11.109767526225095,49946,83.9
Utrechtse Heuvelrug,D66,9.447081229783247,49946,83.9
Utrechtse Heuvelrug,CDA,4.081139091266362,49946,83.9
Utrechtse Heuvelrug,PvdD,3.582333202333807,49946,83.9
Utrechtse Heuvelrug,SGP,3.388856978747846,49946,83.9
Utrechtse Heuvelrug,BBB,3.255842075032498,49946,83.9
Utrechtse Heuvelrug,Volt,2.587744490462227,49946,83.9
Utrechtse Heuvelrug,ChristenUnie,2.518213972611022,49946,83.9
Utrechtse Heuvelrug,SP,2.203815109283836,49946,83.9
Utrechtse Heuvelrug,FvD,1.7261706823059948,49946,83.9
Utrechtse Heuvelrug,DENK,1.1034190876386831,49946,83.9
Utrechtse Heuvelrug,JA21,0.6257746606608422,49946,83.9
Utrechtse Heuvelrug,BVNL,0.4534598990295958,49946,83.9
Utrechtse Heuvelrug,50PLUS,0.3385833912754315,49946,83.9
Utrechtse Heuvelrug,BIJ1,0.18440702560536895,49946,83.9
Utrechtse Heuvelrug,Splinter,0.0937150457994498,49946,83.9
Utrechtse Heuvelrug,Piratenpartij - De Groenen,0.0544151878835515,49946,83.9
Utrechtse Heuvelrug,LP (Libertaire Partij),0.04836905589649021,49946,83.9
Utrechtse Heuvelrug,PartijvdSport,0.03929985791589831,49946,83.9
Utrechtse Heuvelrug,LEF - Voor de Nieuwe Generatie,0.03023065993530638,49946,83.9
Utrechtse Heuvelrug,Samen voor Nederland,0.03023065993530638,49946,83.9
Utrechtse Heuvelrug,Nederland met een PLAN,0.02116146195471447,49946,83.9
Utrechtse Heuvelrug,Politieke Partij voor Basisinkomen,0.01209226397412255,49946,83.9
Vaals,PVV,29.810614916997896,10084,47.6
Vaals,NSC,16.20294599018003,10084,47.6
Vaals,PvdA/GL,15.758709375730652,10084,47.6
Vaals,VVD,11.854103343465043,10084,47.6
Vaals,BBB,6.3595978489595515,10084,47.6
Vaals,SP,4.115033902267945,10084,47.6
Vaals,D66,3.507131166705635,10084,47.6
Vaals,CDA,2.9927519289221416,10084,47.6
Vaals,FvD,2.735562310030395,10084,47.6
Vaals,PvdD,2.6654196866962825,10084,47.6
Vaals,Volt,0.8417114800093525,10084,47.6
Vaals,DENK,0.8183306055646482,10084,47.6
Vaals,BVNL,0.4909983633387889,10084,47.6
Vaals,50PLUS,0.397474865559972,10084,47.6
Vaals,ChristenUnie,0.32733224222585927,10084,47.6
Vaals,JA21,0.303951367781155,10084,47.6
Vaals,BIJ1,0.21042787000233812,10084,47.6
Vaals,SGP,0.16366612111292964,10084,47.6
Vaals,LP (Libertaire Partij),0.11690437222352117,10084,47.6
Vaals,Piratenpartij - De Groenen,0.11690437222352117,10084,47.6
Vaals,Splinter,0.09352349777881692,10084,47.6
Vaals,Samen voor Nederland,0.0701426233341127,10084,47.6
Vaals,LEF - Voor de Nieuwe Generatie,0.02338087444470423,10084,47.6
Vaals,PartijvdSport,0.02338087444470423,10084,47.6
Valkenburg aan de Geul,PVV,30.14066259485471,16365,84.6
Valkenburg aan de Geul,VVD,16.90727373681288,16365,84.6
Valkenburg aan de Geul,NSC,14.630760688506388,16365,84.6
Valkenburg aan de Geul,PvdA/GL,14.380899500277623,16365,84.6
Valkenburg aan de Geul,D66,4.987969646492689,16365,84.6
Valkenburg aan de Geul,CDA,4.099574310568203,16365,84.6
Valkenburg aan de Geul,BBB,3.9330001850823617,16365,84.6
Valkenburg aan de Geul,SP,3.25744956505645,16365,84.6
Valkenburg aan de Geul,PvdD,1.9248565611697208,16365,84.6
Valkenburg aan de Geul,FvD,1.7675365537664265,16365,84.6
Valkenburg aan de Geul,Volt,1.0272071071626874,16365,84.6
Valkenburg aan de Geul,JA21,0.6385341476957246,16365,84.6
Valkenburg aan de Geul,50PLUS,0.4441976679622433,16365,84.6
Valkenburg aan de Geul,ChristenUnie,0.4441976679622433,16365,84.6
Valkenburg aan de Geul,BVNL,0.4256894317971497,16365,84.6
Valkenburg aan de Geul,DENK,0.23135295206366835,16365,84.6
Valkenburg aan de Geul,Splinter,0.1943364797334814,16365,84.6
Valkenburg aan de Geul,SGP,0.18508236165093467,16365,84.6
Valkenburg aan de Geul,BIJ1,0.14806588932074774,16365,84.6
Valkenburg aan de Geul,PartijvdSport,0.06477882657782713,16365,84.6
Valkenburg aan de Geul,LP (Libertaire Partij),0.04627059041273367,16365,84.6
Valkenburg aan de Geul,Piratenpartij - De Groenen,0.04627059041273367,16365,84.6
Valkenburg aan de Geul,LEF - Voor de Nieuwe Generatie,0.03701647233018693,16365,84.6
Valkenburg aan de Geul,Nederland met een PLAN,0.01850823616509346,16365,84.6
Valkenburg aan de Geul,Samen voor Nederland,0.01850823616509346,16365,84.6
Valkenswaard,PVV,29.57710684151672,31221,85.2
Valkenswaard,VVD,18.704889702144964,31221,85.2
Valkenswaard,NSC,15.29937989224357,31221,85.2
Valkenswaard,PvdA/GL,10.811222933821286,31221,85.2
Valkenswaard,D66,5.901189387008234,31221,85.2
Valkenswaard,BBB,4.223848734370235,31221,85.2
Valkenswaard,SP,4.17810308020738,31221,85.2
Valkenswaard,CDA,3.3140185015756836,31221,85.2
Valkenswaard,FvD,1.906068923452272,31221,85.2
Valkenswaard,Volt,1.4384466808986478,31221,85.2
Valkenswaard,PvdD,1.280878316559927,31221,85.2
Valkenswaard,50PLUS,0.7166819152180542,31221,85.2
Valkenswaard,JA21,0.6811019619802785,31221,85.2
Valkenswaard,BVNL,0.6302734573548846,31221,85.2
Valkenswaard,DENK,0.3354681305275999,31221,85.2
Valkenswaard,ChristenUnie,0.3151367286774423,31221,85.2
Valkenswaard,Splinter,0.20839686896411508,31221,85.2
Valkenswaard,BIJ1,0.09657415878824846,31221,85.2
Valkenswaard,SGP,0.08132560740063027,31221,85.2
Valkenswaard,Samen voor Nederland,0.0609942055504727,31221,85.2
Valkenswaard,LEF - Voor de Nieuwe Generatie,0.05591135508793331,31221,85.2
Valkenswaard,Nederland met een PLAN,0.05082850462539392,31221,85.2
Valkenswaard,Piratenpartij - De Groenen,0.05082850462539392,31221,85.2
Valkenswaard,LP (Libertaire Partij),0.04574565416285453,31221,85.2
Valkenswaard,PartijvdSport,0.03049710277523635,31221,85.2
Valkenswaard,Politieke Partij voor Basisinkomen,0.00508285046253939,31221,85.2
Veendam,PVV,31.634328812116053,27417,86.6
Veendam,NSC,17.164406058025666,27417,86.6
Veendam,PvdA/GL,12.839851590535856,27417,86.6
Veendam,VVD,10.565050787664983,27417,86.6
Veendam,BBB,6.1614257040326015,27417,86.6
Veendam,SP,4.738154613466334,27417,86.6
Veendam,D66,3.722401313788698,27417,86.6
Veendam,FvD,3.0350951888571256,27417,86.6
Veendam,CDA,2.2322243172556413,27417,86.6
Veendam,DENK,1.757800620400219,27417,86.6
Veendam,ChristenUnie,1.7273888449607688,27417,86.6
Veendam,PvdD,1.2894592786326866,27417,86.6
Veendam,50PLUS,0.6021531537011131,27417,86.6
Veendam,BVNL,0.5352472477343228,27417,86.6
Veendam,JA21,0.5048354722948726,27417,86.6
Veendam,Volt,0.5048354722948726,27417,86.6
Veendam,SGP,0.4318472112401922,27417,86.6
Veendam,BIJ1,0.12772945684569065,27417,86.6
Veendam,Samen voor Nederland,0.1216471017578006,27417,86.6
Veendam,Piratenpartij - De Groenen,0.08515297123046044,27417,86.6
Veendam,Nederland met een PLAN,0.07298826105468037,27417,86.6
Veendam,LEF - Voor de Nieuwe Generatie,0.0608235508789003,27417,86.6
Veendam,Splinter,0.04865884070312024,27417,86.6
Veendam,LP (Libertaire Partij),0.03649413052734018,27417,86.6
Veenendaal,PVV,22.42088107227128,66912,81.1
Veenendaal,VVD,14.442092972341822,66912,81.1
Veenendaal,NSC,12.710112140893722,66912,81.1
Veenendaal,SGP,10.832177868593252,66912,81.1
Veenendaal,ChristenUnie,8.91775523607969,66912,81.1
Veenendaal,PvdA/GL,8.815587827483034,66912,81.1
Veenendaal,CDA,4.544017125203727,66912,81.1
Veenendaal,D66,3.5807244155780973,66912,81.1
Veenendaal,DENK,2.833929309883481,66912,81.1
Veenendaal,BBB,2.768250261499915,66912,81.1
Veenendaal,FvD,2.043348171933153,66912,81.1
Veenendaal,SP,2.038483057238074,66912,81.1
Veenendaal,PvdD,1.1578972974287869,66912,81.1
Veenendaal,Volt,0.951129922887932,66912,81.1
Veenendaal,JA21,0.6446276970979591,66912,81.1
Veenendaal,BVNL,0.41839986377678856,66912,81.1
Veenendaal,50PLUS,0.4086696343866307,66912,81.1
Veenendaal,BIJ1,0.1751441290228417,66912,81.1
Veenendaal,Splinter,0.07054416307864457,66912,81.1
Veenendaal,PartijvdSport,0.0535162616458683,66912,81.1
Veenendaal,Samen voor Nederland,0.04378603225571043,66912,81.1
Veenendaal,Piratenpartij - De Groenen,0.03648836021309203,66912,81.1
Veenendaal,Nederland met een PLAN,0.03405580286555255,66912,81.1
Veenendaal,LP (Libertaire Partij),0.02432557347539468,66912,81.1
Veenendaal,LEF - Voor de Nieuwe Generatie,0.02189301612785521,66912,81.1
Veenendaal,Politieke Partij voor Basisinkomen,0.01216278673769734,66912,81.1
Veere,VVD,17.055702917771885,21953,91
Veere,PVV,15.185676392572944,21953,91
Veere,SGP,14.562334217506631,21953,91
Veere,NSC,12.228116710875332,21953,91
Veere,PvdA/GL,11.505305039787798,21953,91
Veere,BBB,6.485411140583554,21953,91
Veere,CDA,5.915119363395226,21953,91
Veere,D66,4.482758620689655,21953,91
Veere,ChristenUnie,3.720159151193634,21953,91
Veere,SP,2.0623342175066313,21953,91
Veere,FvD,2.0490716180371353,21953,91
Veere,PvdD,1.9960212201591512,21953,91
Veere,Volt,0.7493368700265253,21953,91
Veere,BVNL,0.6763925729442971,21953,91
Veere,JA21,0.5371352785145889,21953,91
Veere,50PLUS,0.3580901856763926,21953,91
Veere,Samen voor Nederland,0.11273209549071618,21953,91
Veere,BIJ1,0.07957559681697612,21953,91
Veere,DENK,0.07957559681697612,21953,91
Veere,LP (Libertaire Partij),0.05305039787798408,21953,91
Veere,Splinter,0.05305039787798408,21953,91
Veere,Piratenpartij - De Groenen,0.03978779840848806,21953,91
Veere,LEF - Voor de Nieuwe Generatie,0.01326259946949602,21953,91
Veldhoven,PVV,26.50800614169774,45500,80.6
Veldhoven,VVD,20.677049060466477,45500,80.6
Veldhoven,NSC,14.98501133289464,45500,80.6
Veldhoven,PvdA/GL,11.669225707391972,45500,80.6
Veldhoven,D66,6.5840462089639535,45500,80.6
Veldhoven,SP,4.101776705417855,45500,80.6
Veldhoven,CDA,3.35965489507933,45500,80.6
Veldhoven,BBB,2.825912115229948,45500,80.6
Veldhoven,Volt,1.9558382686261608,45500,80.6
Veldhoven,FvD,1.7840169627842364,45500,80.6
Veldhoven,PvdD,1.4184397163120568,45500,80.6
Veldhoven,50PLUS,0.8956642538568399,45500,80.6
Veldhoven,ChristenUnie,0.7457775828032464,45500,80.6
Veldhoven,JA21,0.6616948161146451,45500,80.6
Veldhoven,BVNL,0.5520216421729912,45500,80.6
Veldhoven,DENK,0.4862177378079988,45500,80.6
Veldhoven,SGP,0.160853988447759,45500,80.6
Veldhoven,BIJ1,0.15354244351831542,45500,80.6
Veldhoven,Splinter,0.14988667105359363,45500,80.6
Veldhoven,Nederland met een PLAN,0.07311544929443592,45500,80.6
Veldhoven,Piratenpartij - De Groenen,0.06214813190027052,45500,80.6
Veldhoven,LEF - Voor de Nieuwe Generatie,0.04752504204138334,45500,80.6
Veldhoven,LP (Libertaire Partij),0.04752504204138334,45500,80.6
Veldhoven,PartijvdSport,0.03290195218249616,45500,80.6
Veldhoven,Samen voor Nederland,0.03290195218249616,45500,80.6
Veldhoven,Politieke Partij voor Basisinkomen,0.02924617971777437,45500,80.6
Velsen,PVV,30.200902605910613,68617,80.1
Velsen,VVD,17.219876740913282,68617,80.1
Velsen,PvdA/GL,13.745329257048574,68617,80.1
Velsen,NSC,11.086038724705196,68617,80.1
Velsen,D66,6.483233852574368,68617,80.1
Velsen,SP,3.224632406463823,68617,80.1
Velsen,BBB,2.8558256902994126,68617,80.1
Velsen,FvD,2.7830348910564373,68617,80.1
Velsen,CDA,2.346290095598583,68617,80.1
Velsen,PvdD,2.26622021643131,68617,80.1
Velsen,DENK,1.9313825399136215,68617,80.1
Velsen,Volt,1.4121415053137285,68617,80.1
Velsen,ChristenUnie,1.2738389867520743,68617,80.1
Velsen,JA21,0.8662105109914107,68617,80.1
Velsen,50PLUS,0.7279079924297569,68617,80.1
Velsen,BVNL,0.5750473140195079,68617,80.1
Velsen,SGP,0.24263599747658565,68617,80.1
Velsen,BIJ1,0.2159460377541612,68617,80.1
Velsen,Splinter,0.11161255883922938,68617,80.1
Velsen,Nederland met een PLAN,0.10190711894016596,68617,80.1
Velsen,Piratenpartij - De Groenen,0.09948075896540012,68617,80.1
Velsen,PartijvdSport,0.09220167904110252,68617,80.1
Velsen,Samen voor Nederland,0.05580627941961469,68617,80.1
Velsen,LEF - Voor de Nieuwe Generatie,0.05337991944484884,68617,80.1
Velsen,LP (Libertaire Partij),0.02911631969719027,68617,80.1
Venlo,PVV,36.272381985892565,101988,70.5
Venlo,VVD,13.937420871767047,101988,70.5
Venlo,NSC,13.045758726713691,101988,70.5
Venlo,PvdA/GL,12.28612769035992,101988,70.5
Venlo,D66,4.9267498643516,101988,70.5
Venlo,DENK,3.525049737746428,101988,70.5
Venlo,SP,3.382166757098933,101988,70.5
Venlo,CDA,3.0276722734671733,101988,70.5
Venlo,BBB,2.6026406221739915,101988,70.5
Venlo,FvD,2.152287936335685,101988,70.5
Venlo,PvdD,1.4143606438777356,101988,70.5
Venlo,Volt,0.8771929824561403,101988,70.5
Venlo,50PLUS,0.5769578585639357,101988,70.5
Venlo,JA21,0.5208898534997287,101988,70.5
Venlo,BVNL,0.4322662325917888,101988,70.5
Venlo,ChristenUnie,0.3273648037619823,101988,70.5
Venlo,BIJ1,0.1609694338940134,101988,70.5
Venlo,SGP,0.13745704467353953,101988,70.5
Venlo,Splinter,0.0904322662325918,101988,70.5
Venlo,Piratenpartij - De Groenen,0.0705371676614216,101988,70.5
Venlo,PartijvdSport,0.06511123168746609,101988,70.5
Venlo,Nederland met een PLAN,0.05787665038885874,101988,70.5
Venlo,LEF - Voor de Nieuwe Generatie,0.04340748779164406,101988,70.5
Venlo,LP (Libertaire Partij),0.03436426116838488,101988,70.5
Venlo,Samen voor Nederland,0.03255561584373304,101988,70.5
Venray,PVV,27.905727007523417,43713,78.9
Venray,VVD,16.278980500537386,43713,78.9
Venray,NSC,14.163979732842009,43713,78.9
Venray,PvdA/GL,11.5806847842776,43713,78.9
Venray,BBB,8.375556579149393,43713,78.9
Venray,D66,5.623368647320743,43713,78.9
Venray,SP,4.153231997543375,43713,78.9
Venray,CDA,3.8845386150775374,43713,78.9
Venray,FvD,1.777214801166897,43713,78.9
Venray,DENK,1.4010440657147245,43713,78.9
Venray,PvdD,1.2628588975894366,43713,78.9
Venray,Volt,1.0018424689083372,43713,78.9
Venray,BVNL,0.7331490864424997,43713,78.9
Venray,JA21,0.5450637187164133,43713,78.9
Venray,50PLUS,0.5028404729003532,43713,78.9
Venray,ChristenUnie,0.284047290035314,43713,78.9
Venray,BIJ1,0.1381851681252879,43713,78.9
Venray,Splinter,0.0921234454168586,43713,78.9
Venray,Piratenpartij - De Groenen,0.06525410717027483,43713,78.9
Venray,SGP,0.05757715338553661,43713,78.9
Venray,PartijvdSport,0.04606172270842929,43713,78.9
Venray,LEF - Voor de Nieuwe Generatie,0.04222324581606019,43713,78.9
Venray,LP (Libertaire Partij),0.03454629203132197,43713,78.9
Venray,Nederland met een PLAN,0.02686933824658375,43713,78.9
Venray,Samen voor Nederland,0.02303086135421464,43713,78.9
Vijfheerenlanden,PVV,25.24573341974509,57829,82.5
Vijfheerenlanden,VVD,15.00594080794988,57829,82.5
Vijfheerenlanden,NSC,11.676387988766471,57829,82.5
Vijfheerenlanden,PvdA/GL,9.58900410455822,57829,82.5
Vijfheerenlanden,SGP,7.577230503348456,57829,82.5
Vijfheerenlanden,CDA,4.911968027651761,57829,82.5
Vijfheerenlanden,BBB,4.822855908403543,57829,82.5
Vijfheerenlanden,ChristenUnie,4.533916612659321,57829,82.5
Vijfheerenlanden,D66,4.336789803413264,57829,82.5
Vijfheerenlanden,DENK,3.2728451069345432,57829,82.5
Vijfheerenlanden,SP,2.235904082955282,57829,82.5
Vijfheerenlanden,FvD,2.09548498595809,57829,82.5
Vijfheerenlanden,PvdD,1.417692806221646,57829,82.5
Vijfheerenlanden,Volt,1.058543961978829,57829,82.5
Vijfheerenlanden,JA21,0.6831929142363361,57829,82.5
Vijfheerenlanden,50PLUS,0.47526463599049473,57829,82.5
Vijfheerenlanden,BVNL,0.4590624324908188,57829,82.5
Vijfheerenlanden,BIJ1,0.1890257074962195,57829,82.5
Vijfheerenlanden,Splinter,0.11341542449773168,57829,82.5
Vijfheerenlanden,Nederland met een PLAN,0.06750918124864981,57829,82.5
Vijfheerenlanden,Piratenpartij - De Groenen,0.05400734499891985,57829,82.5
Vijfheerenlanden,LEF - Voor de Nieuwe Generatie,0.04860661049902787,57829,82.5
Vijfheerenlanden,PartijvdSport,0.04320587599913588,57829,82.5
Vijfheerenlanden,Samen voor Nederland,0.0378051414992439,57829,82.5
Vijfheerenlanden,LP (Libertaire Partij),0.03510477424929791,57829,82.5
Vijfheerenlanden,Politieke Partij voor Basisinkomen,0.01350183624972996,57829,82.5
Vlaardingen,PVV,29.86655480691083,73924,66.9
Vlaardingen,VVD,13.777101958419632,73924,66.9
Vlaardingen,PvdA/GL,12.77036415593949,73924,66.9
Vlaardingen,NSC,11.84227774427811,73924,66.9
Vlaardingen,DENK,6.630312246021551,73924,66.9
Vlaardingen,D66,4.868521091681305,73924,66.9
Vlaardingen,SP,3.9876255145111816,73924,66.9
Vlaardingen,CDA,3.1014865112864745,73924,66.9
Vlaardingen,FvD,2.4775188107909707,73924,66.9
Vlaardingen,BBB,1.9505544923052724,73924,66.9
Vlaardingen,ChristenUnie,1.8771465275410952,73924,66.9
Vlaardingen,PvdD,1.827333980022547,73924,66.9
Vlaardingen,SGP,1.3187216527278924,73924,66.9
Vlaardingen,Volt,1.0906326193534857,73924,66.9
Vlaardingen,JA21,0.7838921951603177,73924,66.9
Vlaardingen,50PLUS,0.6239677004955038,73924,66.9
Vlaardingen,BIJ1,0.42996093647589334,73924,66.9
Vlaardingen,BVNL,0.37752667593005274,73924,66.9
Vlaardingen,Splinter,0.1127336601735574,73924,66.9
Vlaardingen,Piratenpartij - De Groenen,0.07602967779146894,73924,66.9
Vlaardingen,PartijvdSport,0.06554282568230081,73924,66.9
Vlaardingen,LEF - Voor de Nieuwe Generatie,0.04456912146396455,73924,66.9
Vlaardingen,Samen voor Nederland,0.04456912146396455,73924,66.9
Vlaardingen,Nederland met een PLAN,0.03670398238208845,73924,66.9
Vlaardingen,LP (Libertaire Partij),0.01835199119104422,73924,66.9
Vlieland,PvdA/GL,24.301964839710443,1194,83.5
Vlieland,VVD,16.75284384694933,1194,83.5
Vlieland,PVV,15.098241985522234,1194,83.5
Vlieland,NSC,12.616339193381592,1194,83.5
Vlieland,D66,8.273009307135471,1194,83.5
Vlieland,BBB,6.721820062047571,1194,83.5
Vlieland,SP,4.446742502585315,1194,83.5
Vlieland,CDA,2.378490175801448,1194,83.5
Vlieland,PvdD,2.0682523267838677,1194,83.5
Vlieland,FvD,1.7580144777662874,1194,83.5
Vlieland,Volt,1.6546018614270943,1194,83.5
Vlieland,ChristenUnie,1.2409513960703205,1194,83.5
Vlieland,50PLUS,0.7238883143743536,1194,83.5
Vlieland,JA21,0.7238883143743536,1194,83.5
Vlieland,BVNL,0.3102378490175801,1194,83.5
Vlieland,DENK,0.2068252326783868,1194,83.5
Vlieland,Piratenpartij - De Groenen,0.2068252326783868,1194,83.5
Vlieland,Splinter,0.2068252326783868,1194,83.5
Vlieland,SGP,0.2068252326783868,1194,83.5
Vlieland,LP (Libertaire Partij),0.1034126163391934,1194,83.5
Vlissingen,PVV,26.638512814143173,44358,73
Vlissingen,VVD,14.428849418291724,44358,73
Vlissingen,PvdA/GL,13.782966919223286,44358,73
Vlissingen,NSC,13.725003105204324,44358,73
Vlissingen,D66,5.02629072993003,44358,73
Vlissingen,SP,4.454933134600257,44358,73
Vlissingen,BBB,3.548213472446487,44358,73
Vlissingen,FvD,3.163168136463379,44358,73
Vlissingen,CDA,2.873349066368567,44358,73
Vlissingen,PvdD,2.194344387860721,44358,73
Vlissingen,ChristenUnie,2.1819235705709437,44358,73
Vlissingen,SGP,2.090837577112574,44358,73
Vlissingen,DENK,1.7678963275783548,44358,73
Vlissingen,Volt,0.9564029313128805,44358,73
Vlissingen,50PLUS,0.9067196621537698,44358,73
Vlissingen,BVNL,0.8860183000041403,44358,73
Vlissingen,JA21,0.7700906719662154,44358,73
Vlissingen,BIJ1,0.23599552850577568,44358,73
Vlissingen,Piratenpartij - De Groenen,0.10764708317807312,44358,73
Vlissingen,Splinter,0.08694572102844367,44358,73
Vlissingen,LP (Libertaire Partij),0.06624435887881422,44358,73
Vlissingen,LEF - Voor de Nieuwe Generatie,0.05796381401896245,44358,73
Vlissingen,Samen voor Nederland,0.04968326915911066,44358,73
Voerendaal,PVV,29.50819672131147,12466,85.8
Voerendaal,VVD,15.288403157255615,12466,85.8
Voerendaal,NSC,15.045537340619308,12466,85.8
Voerendaal,PvdA/GL,14.620522161505766,12466,85.8
Voerendaal,D66,5.0394656952034005,12466,85.8
Voerendaal,BBB,4.978749241044323,12466,85.8
Voerendaal,CDA,4.092289010321797,12466,85.8
Voerendaal,SP,3.6794171220400727,12466,85.8
Voerendaal,PvdD,2.2222222222222223,12466,85.8
Voerendaal,FvD,1.906496660595021,12466,85.8
Voerendaal,Volt,1.0564663023679417,12466,85.8
Voerendaal,JA21,0.5828779599271403,12466,85.8
Voerendaal,BVNL,0.42501517911353975,12466,85.8
Voerendaal,50PLUS,0.4128718882817244,12466,85.8
Voerendaal,ChristenUnie,0.35215543412264727,12466,85.8
Voerendaal,DENK,0.26715239829993925,12466,85.8
Voerendaal,Splinter,0.18214936247723132,12466,85.8
Voerendaal,BIJ1,0.1092896174863388,12466,85.8
Voerendaal,PartijvdSport,0.04857316332726169,12466,85.8
Voerendaal,Piratenpartij - De Groenen,0.04857316332726169,12466,85.8
Voerendaal,SGP,0.04857316332726169,12466,85.8
Voerendaal,Samen voor Nederland,0.03642987249544627,12466,85.8
Voerendaal,LP (Libertaire Partij),0.02428658166363084,12466,85.8
Voerendaal,LEF - Voor de Nieuwe Generatie,0.01214329083181542,12466,85.8
Voerendaal,Nederland met een PLAN,0.01214329083181542,12466,85.8
Voorschoten,VVD,22.21670288730208,25650,77.2
Voorschoten,PvdA/GL,19.006519714374416,25650,77.2
Voorschoten,PVV,18.242781744799753,25650,77.2
Voorschoten,NSC,11.182862465072958,25650,77.2
Voorschoten,D66,9.742316050915864,25650,77.2
Voorschoten,CDA,3.87457311393977,25650,77.2
Voorschoten,PvdD,2.4899099658491153,25650,77.2
Voorschoten,SP,2.4774914622787954,25650,77.2
Voorschoten,Volt,2.3967711890717167,25650,77.2
Voorschoten,BBB,2.2042843837317605,25650,77.2
Voorschoten,FvD,1.502638932008693,25650,77.2
Voorschoten,DENK,1.11766532132878,25650,77.2
Voorschoten,ChristenUnie,1.0928283141881403,25650,77.2
Voorschoten,JA21,0.720273207078547,25650,77.2
Voorschoten,BVNL,0.49674014281279105,25650,77.2
Voorschoten,50PLUS,0.3787643588947532,25650,77.2
Voorschoten,SGP,0.2856255821173549,25650,77.2
Voorschoten,BIJ1,0.2111145606954362,25650,77.2
Voorschoten,Splinter,0.09313877677739832,25650,77.2
Voorschoten,Piratenpartij - De Groenen,0.06830176963675877,25650,77.2
Voorschoten,Nederland met een PLAN,0.04967401428127911,25650,77.2
Voorschoten,PartijvdSport,0.04346476249611922,25650,77.2
Voorschoten,LEF - Voor de Nieuwe Generatie,0.03104625892579944,25650,77.2
Voorschoten,LP (Libertaire Partij),0.03104625892579944,25650,77.2
Voorschoten,Samen voor Nederland,0.02483700714063955,25650,77.2
Voorschoten,Politieke Partij voor Basisinkomen,0.01862775535547966,25650,77.2
Voorst,PVV,19.07999763495536,24790,91.4
Voorst,VVD,16.484361142316562,24790,91.4
Voorst,BBB,15.727546857446931,24790,91.4
Voorst,NSC,15.177673978596346,24790,91.4
Voorst,PvdA/GL,11.783834919884113,24790,91.4
Voorst,D66,5.279962159285756,24790,91.4
Voorst,CDA,4.4108082540057945,24790,91.4
Voorst,SP,2.140365399396914,24790,91.4
Voorst,FvD,1.8742978773724353,24790,91.4
Voorst,SGP,1.8388222077691716,24790,91.4
Voorst,PvdD,1.6023177437474132,24790,91.4
Voorst,ChristenUnie,1.2712114941169514,24790,91.4
Voorst,Volt,1.2416484361142317,24790,91.4
Voorst,JA21,0.5794359368533082,24790,91.4
Voorst,DENK,0.4848341512446047,24790,91.4
Voorst,BVNL,0.3429314728315497,24790,91.4
Voorst,50PLUS,0.3251936380299178,24790,91.4
Voorst,BIJ1,0.13007745521196715,24790,91.4
Voorst,Splinter,0.0591261160054396,24790,91.4
Voorst,Samen voor Nederland,0.04138828120380772,24790,91.4
Voorst,LP (Libertaire Partij),0.03547566960326376,24790,91.4
Voorst,LEF - Voor de Nieuwe Generatie,0.0295630580027198,24790,91.4
Voorst,Nederland met een PLAN,0.0295630580027198,24790,91.4
Voorst,Piratenpartij - De Groenen,0.0295630580027198,24790,91.4
Vught,VVD,23.467021853879928,31669,86.5
Vught,PVV,18.83478861427655,31669,86.5
Vught,PvdA/GL,16.762863203591337,31669,86.5
Vught,NSC,11.726111193330372,31669,86.5
Vught,D66,10.552020127275416,31669,86.5
Vught,SP,3.847861476986828,31669,86.5
Vught,CDA,3.5765379113018603,31669,86.5
Vught,BBB,2.9401608208771153,31669,86.5
Vught,Volt,2.2001874599181095,31669,86.5
Vught,PvdD,2.027527009027675,31669,86.5
Vught,FvD,1.4750135661782844,31669,86.5
Vught,JA21,0.5081150411918504,31669,86.5
Vught,ChristenUnie,0.47358295101376346,31669,86.5
Vught,50PLUS,0.4193182378767698,31669,86.5
Vught,BVNL,0.35518721326032265,31669,86.5
Vught,DENK,0.28612303290414876,31669,86.5
Vught,BIJ1,0.1381283607123477,31669,86.5
Vught,SGP,0.10359627053426078,31669,86.5
Vught,Splinter,0.05919786887672043,31669,86.5
Vught,Nederland met een PLAN,0.05426471313699373,31669,86.5
Vught,PartijvdSport,0.05426471313699373,31669,86.5
Vught,LEF - Voor de Nieuwe Generatie,0.03946524591781363,31669,86.5
Vught,Piratenpartij - De Groenen,0.03453209017808692,31669,86.5
Vught,Samen voor Nederland,0.03453209017808692,31669,86.5
Vught,LP (Libertaire Partij),0.0147994672191801,31669,86.5
Vught,Politieke Partij voor Basisinkomen,0.0147994672191801,31669,86.5
Waadhoeke,PVV,24.34494867639114,46149,90.8
Waadhoeke,NSC,17.628984332793085,46149,90.8
Waadhoeke,PvdA/GL,13.556861156131822,46149,90.8
Waadhoeke,VVD,11.21353322528363,46149,90.8
Waadhoeke,BBB,9.589411129119394,46149,90.8
Waadhoeke,CDA,6.4357104267963265,46149,90.8
Waadhoeke,D66,3.656807131280389,46149,90.8
Waadhoeke,SP,3.494732576985413,46149,90.8
Waadhoeke,FvD,2.3973527822798486,46149,90.8
Waadhoeke,ChristenUnie,2.063074014046461,46149,90.8
Waadhoeke,PvdD,1.6376283090221502,46149,90.8
Waadhoeke,BVNL,0.813749324689357,46149,90.8
Waadhoeke,Volt,0.685440302539168,46149,90.8
Waadhoeke,JA21,0.644921663965424,46149,90.8
Waadhoeke,SGP,0.5706374932468936,46149,90.8
Waadhoeke,50PLUS,0.5199891950297136,46149,90.8
Waadhoeke,DENK,0.21609940572663425,46149,90.8
Waadhoeke,Splinter,0.1350621285791464,46149,90.8
Waadhoeke,BIJ1,0.09454349000540248,46149,90.8
Waadhoeke,Piratenpartij - De Groenen,0.09454349000540248,46149,90.8
Waadhoeke,Samen voor Nederland,0.0675310642895732,46149,90.8
Waadhoeke,Nederland met een PLAN,0.04727174500270124,46149,90.8
Waadhoeke,LEF - Voor de Nieuwe Generatie,0.04051863857374392,46149,90.8
Waadhoeke,LP (Libertaire Partij),0.03714208535926526,46149,90.8
Waadhoeke,Politieke Partij voor Basisinkomen,0.01350621285791464,46149,90.8
Waalre,VVD,22.657580919931856,17544,81.7
Waalre,PVV,18.39863713798978,17544,81.7
Waalre,PvdA/GL,16.013628620102217,17544,81.7
Waalre,NSC,12.920290504796917,17544,81.7
Waalre,D66,10.6877073433157,17544,81.7
Waalre,CDA,3.8016677127230345,17544,81.7
Waalre,SP,3.460952210167668,17544,81.7
Waalre,Volt,2.806419797363938,17544,81.7
Waalre,BBB,2.259481753788218,17544,81.7
Waalre,PvdD,2.1429211871245406,17544,81.7
Waalre,FvD,1.5690845512418183,17544,81.7
Waalre,ChristenUnie,0.6186676230610598,17544,81.7
Waalre,JA21,0.6186676230610598,17544,81.7
Waalre,50PLUS,0.49314085896171433,17544,81.7
Waalre,BVNL,0.4572760692190442,17544,81.7
Waalre,DENK,0.20622254102035328,17544,81.7
Waalre,Splinter,0.19725634358468577,17544,81.7
Waalre,SGP,0.17035775127768313,17544,81.7
Waalre,Politieke Partij voor Basisinkomen,0.134492961535013,17544,81.7
Waalre,BIJ1,0.09862817179234289,17544,81.7
Waalre,Nederland met een PLAN,0.08966197435667533,17544,81.7
Waalre,Piratenpartij - De Groenen,0.06276338204967273,17544,81.7
Waalre,LEF - Voor de Nieuwe Generatie,0.04483098717833767,17544,81.7
Waalre,PartijvdSport,0.03586478974267013,17544,81.7
Waalre,LP (Libertaire Partij),0.0268985923070026,17544,81.7
Waalre,Samen voor Nederland,0.0268985923070026,17544,81.7
Waalwijk,PVV,32.006871888366874,48815,80.5
Waalwijk,VVD,17.656545824275998,48815,80.5
Waalwijk,NSC,13.228385106233784,48815,80.5
Waalwijk,PvdA/GL,9.192903723441551,48815,80.5
Waalwijk,D66,4.978613000490849,48815,80.5
Waalwijk,SP,3.751490077834654,48815,80.5
Waalwijk,CDA,3.618259589089124,48815,80.5
Waalwijk,BBB,3.544632213729752,48815,80.5
Waalwijk,DENK,2.1141574924619593,48815,80.5
Waalwijk,FvD,2.0510483135824975,48815,80.5
Waalwijk,SGP,1.8301661875043824,48815,80.5
Waalwijk,ChristenUnie,1.4725475071874343,48815,80.5
Waalwijk,PvdD,1.3638594768950285,48815,80.5
Waalwijk,Volt,0.8554799803660332,48815,80.5
Waalwijk,50PLUS,0.7257555571138069,48815,80.5
Waalwijk,JA21,0.6486221162611318,48815,80.5
Waalwijk,BVNL,0.43124605567632,48815,80.5
Waalwijk,BIJ1,0.11920622677231613,48815,80.5
Waalwijk,Splinter,0.11920622677231613,48815,80.5
Waalwijk,Piratenpartij - De Groenen,0.07713344085267514,48815,80.5
Waalwijk,LEF - Voor de Nieuwe Generatie,0.04908491690624781,48815,80.5
Waalwijk,PartijvdSport,0.03856672042633757,48815,80.5
Waalwijk,Samen voor Nederland,0.03856672042633757,48815,80.5
Waalwijk,Nederland met een PLAN,0.03506065493303415,48815,80.5
Waalwijk,LP (Libertaire Partij),0.02804852394642732,48815,80.5
Waalwijk,Politieke Partij voor Basisinkomen,0.0245424584531239,48815,80.5
Waddinxveen,PVV,24.53531598513011,30479,81.8
Waddinxveen,VVD,16.105696774841757,30479,81.8
Waddinxveen,NSC,12.152114940219027,30479,81.8
Waddinxveen,PvdA/GL,9.38912890585753,30479,81.8
Waddinxveen,SGP,8.324123379885462,30479,81.8
Waddinxveen,ChristenUnie,6.068522053652165,30479,81.8
Waddinxveen,D66,5.254697076258415,30479,81.8
Waddinxveen,CDA,3.933487390736462,30479,81.8
Waddinxveen,BBB,3.1246860243142773,30479,81.8
Waddinxveen,FvD,2.3811916005224556,30479,81.8
Waddinxveen,SP,2.2154124384607656,30479,81.8
Waddinxveen,DENK,2.109916608057872,30479,81.8
Waddinxveen,PvdD,1.260926353863157,30479,81.8
Waddinxveen,Volt,0.8540138651662815,30479,81.8
Waddinxveen,JA21,0.7887069225359188,30479,81.8
Waddinxveen,BVNL,0.4671958203556717,30479,81.8
Waddinxveen,50PLUS,0.43705415452627344,30479,81.8
Waddinxveen,BIJ1,0.1708027730332563,30479,81.8
Waddinxveen,Splinter,0.1456847181754245,30479,81.8
Waddinxveen,Samen voor Nederland,0.07033055360192907,30479,81.8
Waddinxveen,Piratenpartij - De Groenen,0.06028333165879634,30479,81.8
Waddinxveen,LEF - Voor de Nieuwe Generatie,0.05525972068722998,30479,81.8
Waddinxveen,LP (Libertaire Partij),0.03516527680096453,30479,81.8
Waddinxveen,PartijvdSport,0.03014166582939817,30479,81.8
Waddinxveen,Nederland met een PLAN,0.0251180548578318,30479,81.8
Waddinxveen,Politieke Partij voor Basisinkomen,0.00502361097156636,30479,81.8
Wageningen,PvdA/GL,36.76909428179693,39635,71.7
Wageningen,PVV,10.480683926123074,39635,71.7
Wageningen,D66,9.742721187192515,39635,71.7
Wageningen,VVD,9.730623437373982,39635,71.7
Wageningen,NSC,8.520848455520607,39635,71.7
Wageningen,Volt,4.7786111783208325,39635,71.7
Wageningen,PvdD,4.75038309541092,39635,71.7
Wageningen,SP,2.8187757077183644,39635,71.7
Wageningen,ChristenUnie,2.6816678764416486,39635,71.7
Wageningen,CDA,2.4881038793451085,39635,71.7
Wageningen,BBB,2.1614646342446973,39635,71.7
Wageningen,FvD,1.173481732397774,39635,71.7
Wageningen,SGP,0.951689652391322,39635,71.7
Wageningen,DENK,0.7782885716590048,39635,71.7
Wageningen,BIJ1,0.7016694894749577,39635,71.7
Wageningen,JA21,0.3830954109202355,39635,71.7
Wageningen,50PLUS,0.3064763287361884,39635,71.7
Wageningen,BVNL,0.25002016291636425,39635,71.7
Wageningen,Splinter,0.16130333091378338,39635,71.7
Wageningen,Piratenpartij - De Groenen,0.1572707476409388,39635,71.7
Wageningen,LEF - Voor de Nieuwe Generatie,0.08468424872973628,39635,71.7
Wageningen,LP (Libertaire Partij),0.0524235825469796,39635,71.7
Wageningen,Samen voor Nederland,0.04032583272844584,39635,71.7
Wageningen,Nederland met een PLAN,0.03629324945560126,39635,71.7
Wassenaar,VVD,32.763684913217624,26949,64.4
Wassenaar,PVV,21.081441922563418,26949,64.4
Wassenaar,PvdA/GL,9.919893190921227,26949,64.4
Wassenaar,NSC,9.826435246995995,26949,64.4
Wassenaar,D66,8.117489986648865,26949,64.4
Wassenaar,CDA,4.0720961281708945,26949,64.4
Wassenaar,BBB,2.5100133511348464,26949,64.4
Wassenaar,FvD,2.1628838451268355,26949,64.4
Wassenaar,PvdD,2.0427236315086783,26949,64.4
Wassenaar,Volt,1.9692923898531376,26949,64.4
Wassenaar,SP,1.7423230974632844,26949,64.4
Wassenaar,ChristenUnie,0.7476635514018692,26949,64.4
Wassenaar,DENK,0.7276368491321762,26949,64.4
Wassenaar,JA21,0.6875834445927904,26949,64.4
Wassenaar,BVNL,0.4806408544726302,26949,64.4
Wassenaar,50PLUS,0.3671562082777036,26949,64.4
Wassenaar,SGP,0.32042723631508674,26949,64.4
Wassenaar,BIJ1,0.13351134846461948,26949,64.4
Wassenaar,PartijvdSport,0.07343124165554073,26949,64.4
Wassenaar,Splinter,0.07343124165554073,26949,64.4
Wassenaar,Piratenpartij - De Groenen,0.06675567423230974,26949,64.4
Wassenaar,LP (Libertaire Partij),0.04005340453938584,26949,64.4
Wassenaar,Politieke Partij voor Basisinkomen,0.0267022696929239,26949,64.4
Wassenaar,LEF - Voor de Nieuwe Generatie,0.02002670226969292,26949,64.4
Wassenaar,Nederland met een PLAN,0.01335113484646195,26949,64.4
Wassenaar,Samen voor Nederland,0.01335113484646195,26949,64.4
Waterland,PVV,21.28796877651451,17312,86.2
Waterland,PvdA/GL,19.64194807398609,17312,86.2
Waterland,VVD,19.048023078228407,17312,86.2
Waterland,NSC,9.944001357542849,17312,86.2
Waterland,D66,6.736806380451384,17312,86.2
Waterland,BBB,6.371966740200237,17312,86.2
Waterland,CDA,3.3174953334464616,17312,86.2
Waterland,PvdD,2.9781096215849314,17312,86.2
Waterland,SP,2.511454267775327,17312,86.2
Waterland,FvD,2.2738842694722554,17312,86.2
Waterland,Volt,2.0957067707449517,17312,86.2
Waterland,ChristenUnie,0.8993721364330562,17312,86.2
Waterland,JA21,0.7127099949092143,17312,86.2
Waterland,BVNL,0.5515017817749873,17312,86.2
Waterland,50PLUS,0.34787035465806887,17312,86.2
Waterland,DENK,0.31393178347191586,17312,86.2
Waterland,BIJ1,0.22908535550653317,17312,86.2
Waterland,SGP,0.17817749872730357,17312,86.2
Waterland,Splinter,0.13575428474461226,17312,86.2
Waterland,Piratenpartij - De Groenen,0.1018157135584592,17312,86.2
Waterland,PartijvdSport,0.08484642796538266,17312,86.2
Waterland,LEF - Voor de Nieuwe Generatie,0.07636178516884438,17312,86.2
Waterland,LP (Libertaire Partij),0.07636178516884438,17312,86.2
Waterland,Samen voor Nederland,0.0509078567792296,17312,86.2
Waterland,Nederland met een PLAN,0.03393857118615306,17312,86.2
Weert,PVV,30.61640176305596,50011,77.9
Weert,VVD,17.169760918926137,50011,77.9
Weert,NSC,13.590223053292377,50011,77.9
Weert,PvdA/GL,13.49672766127955,50011,77.9
Weert,D66,4.935221049819687,50011,77.9
Weert,BBB,4.41765727260585,50011,77.9
Weert,CDA,3.1755042072926405,50011,77.9
Weert,SP,3.0586349672766127,50011,77.9
Weert,FvD,2.2839588620275144,50011,77.9
Weert,DENK,2.093628956858555,50011,77.9
Weert,PvdD,1.382396153332443,50011,77.9
Weert,Volt,0.9282756778415922,50011,77.9
Weert,JA21,0.83478028582877,50011,77.9
Weert,50PLUS,0.5609723520769333,50011,77.9
Weert,BVNL,0.5008681714972619,50011,77.9
Weert,ChristenUnie,0.28382529718178173,50011,77.9
Weert,BIJ1,0.12354748230265794,50011,77.9
Weert,Splinter,0.12354748230265794,50011,77.9
Weert,PartijvdSport,0.12020836115934286,50011,77.9
Weert,SGP,0.09683451315613732,50011,77.9
Weert,Nederland met een PLAN,0.07346066515293176,50011,77.9
Weert,Piratenpartij - De Groenen,0.06678242286630158,50011,77.9
Weert,LP (Libertaire Partij),0.03005209028983571,50011,77.9
Weert,Samen voor Nederland,0.03005209028983571,50011,77.9
Weert,LEF - Voor de Nieuwe Generatie,0.00667824228663015,50011,77.9
West Betuwe,PVV,28.375864674766028,51496,90
West Betuwe,VVD,16.511654943905132,51496,90
West Betuwe,NSC,11.172469918037551,51496,90
West Betuwe,PvdA/GL,9.55647270824856,51496,90
West Betuwe,SGP,9.312329244899145,51496,90
West Betuwe,BBB,6.39714003371505,51496,90
West Betuwe,D66,4.260884729407661,51496,90
West Betuwe,CDA,3.505202580945184,51496,90
West Betuwe,ChristenUnie,2.589664593384875,51496,90
West Betuwe,SP,1.8136371563099456,51496,90
West Betuwe,FvD,1.7380689414636985,51496,90
West Betuwe,PvdD,1.3602278672324597,51496,90
West Betuwe,Volt,0.9300703365692032,51496,90
West Betuwe,JA21,0.6743009940126723,51496,90
West Betuwe,BVNL,0.5609486717433005,51496,90
West Betuwe,DENK,0.4911933965006104,51496,90
West Betuwe,50PLUS,0.3894669534383538,51496,90
West Betuwe,BIJ1,0.09591350345869906,51496,90
West Betuwe,Splinter,0.07266174504446898,51496,90
West Betuwe,Piratenpartij - De Groenen,0.04069057722490263,51496,90
West Betuwe,Samen voor Nederland,0.03778410742312387,51496,90
West Betuwe,LEF - Voor de Nieuwe Generatie,0.03487763762134512,51496,90
West Betuwe,PartijvdSport,0.03197116781956635,51496,90
West Betuwe,Nederland met een PLAN,0.02615822821600883,51496,90
West Betuwe,LP (Libertaire Partij),0.02034528861245131,51496,90
West Maas en Waal,PVV,31.661837902087512,19581,91.3
West Maas en Waal,VVD,19.211054156451972,19581,91.3
West Maas en Waal,NSC,12.978233415050887,19581,91.3
West Maas en Waal,PvdA/GL,9.17465270039373,19581,91.3
West Maas en Waal,BBB,7.911745041230221,19581,91.3
West Maas en Waal,D66,4.732189287571503,19581,91.3
West Maas en Waal,CDA,3.69957655449075,19581,91.3
West Maas en Waal,SP,3.610430131490974,19581,91.3
West Maas en Waal,PvdD,1.5674912710794144,19581,91.3
West Maas en Waal,FvD,1.5377757967461556,19581,91.3
West Maas en Waal,Volt,1.0474704702473814,19581,91.3
West Maas en Waal,JA21,0.6537404353316989,19581,91.3
West Maas en Waal,50PLUS,0.5943094866651809,19581,91.3
West Maas en Waal,BVNL,0.5125919322487185,19581,91.3
West Maas en Waal,ChristenUnie,0.4085877720823119,19581,91.3
West Maas en Waal,SGP,0.2377237946660724,19581,91.3
West Maas en Waal,DENK,0.14114850308298046,19581,91.3
West Maas en Waal,Splinter,0.08171755441646236,19581,91.3
West Maas en Waal,BIJ1,0.05200208008320333,19581,91.3
West Maas en Waal,LP (Libertaire Partij),0.05200208008320333,19581,91.3
West Maas en Waal,PartijvdSport,0.05200208008320333,19581,91.3
West Maas en Waal,Piratenpartij - De Groenen,0.03714434291657381,19581,91.3
West Maas en Waal,LEF - Voor de Nieuwe Generatie,0.01485773716662952,19581,91.3
West Maas en Waal,Nederland met een PLAN,0.01485773716662952,19581,91.3
West Maas en Waal,Samen voor Nederland,0.01485773716662952,19581,91.3
Westerkwartier,PVV,21.987214525060004,63678,92.5
Westerkwartier,NSC,16.25513914304047,63678,92.5
Westerkwartier,PvdA/GL,14.20423489151358,63678,92.5
Westerkwartier,BBB,10.499298937712398,63678,92.5
Westerkwartier,VVD,9.743577556500869,63678,92.5
Westerkwartier,ChristenUnie,6.119442001948715,63678,92.5
Westerkwartier,CDA,5.216378716224245,63678,92.5
Westerkwartier,D66,4.303809501176358,63678,92.5
Westerkwartier,SP,2.96584994890563,63678,92.5
Westerkwartier,FvD,1.9653508876161505,63678,92.5
Westerkwartier,SGP,1.8465267710734572,63678,92.5
Westerkwartier,PvdD,1.6611611492668554,63678,92.5
Westerkwartier,Volt,0.9624753439958174,63678,92.5
Westerkwartier,BVNL,0.7200741462487227,63678,92.5
Westerkwartier,JA21,0.49668480714845886,63678,92.5
Westerkwartier,50PLUS,0.3731077259440576,63678,92.5
Westerkwartier,DENK,0.2162598921077022,63678,92.5
Westerkwartier,BIJ1,0.09981225789586254,63678,92.5
Westerkwartier,Splinter,0.08555336391073932,63678,92.5
Westerkwartier,Samen voor Nederland,0.08317688157988545,63678,92.5
Westerkwartier,Piratenpartij - De Groenen,0.07367095225646997,63678,92.5
Westerkwartier,LEF - Voor de Nieuwe Generatie,0.05228261127878514,63678,92.5
Westerkwartier,LP (Libertaire Partij),0.04040019962451579,63678,92.5
Westerkwartier,Nederland met een PLAN,0.02851778797024644,63678,92.5
Westerveld,PVV,19.965047186298495,19661,93.4
Westerveld,PvdA/GL,16.665501572876618,19661,93.4
Westerveld,BBB,13.988116043341488,19661,93.4
Westerveld,VVD,13.988116043341488,19661,93.4
Westerveld,NSC,13.778399161132471,19661,93.4
Westerveld,D66,4.606780845858092,19661,93.4
Westerveld,CDA,3.5372247465921007,19661,93.4
Westerveld,PvdD,3.2086682977979732,19661,93.4
Westerveld,SP,3.0828381684725623,19661,93.4
Westerveld,FvD,1.8035651869975533,19661,93.4
Westerveld,ChristenUnie,1.5588954910870323,19661,93.4
Westerveld,Volt,1.118490038448095,19661,93.4
Westerveld,BVNL,0.671094023068857,19661,93.4
Westerveld,SGP,0.5802167074449494,19661,93.4
Westerveld,JA21,0.5452638937434463,19661,93.4
Westerveld,50PLUS,0.3355470115344285,19661,93.4
Westerveld,Samen voor Nederland,0.13981125480601186,19661,93.4
Westerveld,BIJ1,0.1188395665851101,19661,93.4
Westerveld,DENK,0.1188395665851101,19661,93.4
Westerveld,Piratenpartij - De Groenen,0.06990562740300593,19661,93.4
Westerveld,LP (Libertaire Partij),0.05592450192240476,19661,93.4
Westerveld,Splinter,0.04893393918210416,19661,93.4
Westerveld,LEF - Voor de Nieuwe Generatie,0.01398112548060119,19661,93.4
Westervoort,PVV,29.833657377403327,15014,80.9
Westervoort,PvdA/GL,14.52797580470944,15014,80.9
Westervoort,VVD,14.355152300712898,15014,80.9
Westervoort,NSC,13.696262691726076,15014,80.9
Westervoort,D66,5.5843594728883135,15014,80.9
Westervoort,BBB,3.802117087923958,15014,80.9
Westervoort,SP,3.7265068049254695,15014,80.9
Westervoort,CDA,3.4456686109310866,15014,80.9
Westervoort,FvD,2.2899114279542014,15014,80.9
Westervoort,PvdD,1.9226614819615468,15014,80.9
Westervoort,DENK,1.7282350399654354,15014,80.9
Westervoort,ChristenUnie,1.2421689349751566,15014,80.9
Westervoort,Volt,1.1125513069777488,15014,80.9
Westervoort,JA21,0.7885072369842299,15014,80.9
Westervoort,50PLUS,0.6912940159861741,15014,80.9
Westervoort,BVNL,0.3348455389933031,15014,80.9
Westervoort,BIJ1,0.27003672499459924,15014,80.9
Westervoort,SGP,0.27003672499459924,15014,80.9
Westervoort,Splinter,0.11881615899762368,15014,80.9
Westervoort,LP (Libertaire Partij),0.06480881399870382,15014,80.9
Westervoort,Nederland met een PLAN,0.06480881399870382,15014,80.9
Westervoort,Piratenpartij - De Groenen,0.06480881399870382,15014,80.9
Westervoort,LEF - Voor de Nieuwe Generatie,0.04320587599913588,15014,80.9
Westervoort,Samen voor Nederland,0.02160293799956794,15014,80.9
Westerwolde,PVV,33.21827538596712,26215,85.7
Westerwolde,NSC,15.432408685829044,26215,85.7
Westerwolde,BBB,12.5517760763148,26215,85.7
Westerwolde,PvdA/GL,10.706664993096524,26215,85.7
Westerwolde,VVD,8.754863813229571,26215,85.7
Westerwolde,SP,3.978913016191791,26215,85.7
Westerwolde,FvD,3.1316681310405423,26215,85.7
Westerwolde,CDA,2.660976528178737,26215,85.7
Westerwolde,D66,2.6044935358353207,26215,85.7
Westerwolde,PvdD,2.416216894690599,26215,85.7
Westerwolde,ChristenUnie,1.4371783607380444,26215,85.7
Westerwolde,Volt,0.5711058114723233,26215,85.7
Westerwolde,SGP,0.5522781473578512,26215,85.7
Westerwolde,BVNL,0.533450483243379,26215,85.7
Westerwolde,JA21,0.5146228191289067,26215,85.7
Westerwolde,50PLUS,0.35144973013681435,26215,85.7
Westerwolde,Samen voor Nederland,0.188276641144722,26215,85.7
Westerwolde,DENK,0.08786243253420359,26215,85.7
Westerwolde,BIJ1,0.07531065645788879,26215,85.7
Westerwolde,Splinter,0.07531065645788879,26215,85.7
Westerwolde,LEF - Voor de Nieuwe Generatie,0.05648299234341659,26215,85.7
Westerwolde,Piratenpartij - De Groenen,0.05648299234341659,26215,85.7
Westerwolde,Nederland met een PLAN,0.02510355215262959,26215,85.7
Westerwolde,LP (Libertaire Partij),0.01882766411447219,26215,85.7
Westland,PVV,32.7043116402728,111382,83.6
Westland,VVD,22.16651254190267,111382,83.6
Westland,NSC,11.687955149693677,111382,83.6
Westland,PvdA/GL,6.288290371055369,111382,83.6
Westland,CDA,5.821581320078604,111382,83.6
Westland,D66,4.2523985666396955,111382,83.6
Westland,BBB,4.109351520055485,111382,83.6
Westland,FvD,2.3841174430701653,111382,83.6
Westland,SP,1.7382383539475206,111382,83.6
Westland,ChristenUnie,1.6847763264362503,111382,83.6
Westland,SGP,1.382788116980696,111382,83.6
Westland,PvdD,1.281643740608022,111382,83.6
Westland,DENK,1.0952491041498094,111382,83.6
Westland,JA21,1.00999884406427,111382,83.6
Westland,Volt,0.8539475205178593,111382,83.6
Westland,BVNL,0.5779678649867067,111382,83.6
Westland,50PLUS,0.4565946133394983,111382,83.6
Westland,Splinter,0.16183100219627788,111382,83.6
Westland,BIJ1,0.1170384926598081,111382,83.6
Westland,PartijvdSport,0.0476823488614033,111382,83.6
Westland,Piratenpartij - De Groenen,0.04479250953646977,111382,83.6
Westland,Samen voor Nederland,0.04045775054906947,111382,83.6
Westland,LP (Libertaire Partij),0.03612299156166917,111382,83.6
Westland,LEF - Voor de Nieuwe Generatie,0.03323315223673564,111382,83.6
Westland,Nederland met een PLAN,0.02311871459946827,111382,83.6
Weststellingwerf,PVV,27.71897173432593,26130,92
Weststellingwerf,NSC,14.237524717924858,26130,92
Weststellingwerf,BBB,13.999069442828894,26130,92
Weststellingwerf,VVD,12.172850994532975,26130,92
Weststellingwerf,PvdA/GL,11.509829010119809,26130,92
Weststellingwerf,SP,3.7454926137024542,26130,92
Weststellingwerf,CDA,3.5361172502035596,26130,92
Weststellingwerf,D66,3.2860300104687683,26130,92
Weststellingwerf,FvD,2.8556473188321507,26130,92
Weststellingwerf,PvdD,1.6401070140746772,26130,92
Weststellingwerf,ChristenUnie,1.3027800395486795,26130,92
Weststellingwerf,BVNL,0.7793416308014424,26130,92
Weststellingwerf,Volt,0.6921018960102362,26130,92
Weststellingwerf,DENK,0.5815982319413748,26130,92
Weststellingwerf,JA21,0.5059904617889962,26130,92
Weststellingwerf,SGP,0.5059904617889962,26130,92
Weststellingwerf,50PLUS,0.44201465627544495,26130,92
Weststellingwerf,Samen voor Nederland,0.09887169943003374,26130,92
Weststellingwerf,Splinter,0.09887169943003374,26130,92
Weststellingwerf,BIJ1,0.07560777015237874,26130,92
Weststellingwerf,Piratenpartij - De Groenen,0.06979178783296498,26130,92
Weststellingwerf,LEF - Voor de Nieuwe Generatie,0.05234384087472374,26130,92
Weststellingwerf,Politieke Partij voor Basisinkomen,0.05234384087472374,26130,92
Weststellingwerf,LP (Libertaire Partij),0.023263929277655,26130,92
Weststellingwerf,Nederland met een PLAN,0.01744794695824124,26130,92
Wierden,NSC,27.74951762848623,24538,92.7
Wierden,PVV,22.30018125475063,24538,92.7
Wierden,VVD,13.407004619072676,24538,92.7
Wierden,BBB,9.951470502251066,24538,92.7
Wierden,PvdA/GL,5.040051452961468,24538,92.7
Wierden,CDA,4.987429106004795,24538,92.7
Wierden,ChristenUnie,4.3267263053265514,24538,92.7
Wierden,SGP,3.847278255276852,24538,92.7
Wierden,D66,2.4966380167222124,24538,92.7
Wierden,SP,1.4968134245454014,24538,92.7
Wierden,FvD,1.4734257147868794,24538,92.7
Wierden,JA21,0.6840905104367655,24538,92.7
Wierden,PvdD,0.6431620183593522,24538,92.7
Wierden,Volt,0.6373150909197217,24538,92.7
Wierden,BVNL,0.4326726305326551,24538,92.7
Wierden,50PLUS,0.1871016780681752,24538,92.7
Wierden,DENK,0.15786704087002282,24538,92.7
Wierden,BIJ1,0.04092849207741332,24538,92.7
Wierden,Piratenpartij - De Groenen,0.03508156463778285,24538,92.7
Wierden,Splinter,0.02923463719815237,24538,92.7
Wierden,Samen voor Nederland,0.02338770975852189,24538,92.7
Wierden,LP (Libertaire Partij),0.01754078231889142,24538,92.7
Wierden,PartijvdSport,0.01754078231889142,24538,92.7
Wierden,LEF - Voor de Nieuwe Generatie,0.01169385487926094,24538,92.7
Wierden,Nederland met een PLAN,0.00584692743963047,24538,92.7
Wijchen,PVV,27.632256640423808,41261,87.2
Wijchen,VVD,18.880141269958063,41261,87.2
Wijchen,NSC,14.19321609888897,41261,87.2
Wijchen,PvdA/GL,12.98653520712236,41261,87.2
Wijchen,D66,6.691928482083733,41261,87.2
Wijchen,BBB,4.260172172761386,41261,87.2
Wijchen,SP,3.8444558899271577,41261,87.2
Wijchen,CDA,3.5648590979324553,41261,87.2
Wijchen,PvdD,1.6665440364947393,41261,87.2
Wijchen,FvD,1.5856081230225885,41261,87.2
Wijchen,Volt,1.2655433742918107,41261,87.2
Wijchen,JA21,0.7504966521963063,41261,87.2
Wijchen,DENK,0.6732396438819808,41261,87.2
Wijchen,50PLUS,0.6143771613567802,41261,87.2
Wijchen,ChristenUnie,0.46354204988595393,41261,87.2
Wijchen,BVNL,0.4157162828342285,41261,87.2
Wijchen,BIJ1,0.14715620631300125,41261,87.2
Wijchen,Splinter,0.07725700831432566,41261,87.2
Wijchen,PartijvdSport,0.0698991979986756,41261,87.2
Wijchen,Samen voor Nederland,0.04782576705172541,41261,87.2
Wijchen,Piratenpartij - De Groenen,0.04414686189390038,41261,87.2
Wijchen,SGP,0.04414686189390038,41261,87.2
Wijchen,Nederland met een PLAN,0.03678905157825031,41261,87.2
Wijchen,LEF - Voor de Nieuwe Generatie,0.02207343094695019,41261,87.2
Wijchen,LP (Libertaire Partij),0.02207343094695019,41261,87.2
Wijdemeren,VVD,24.211508553654745,24463,85.4
Wijdemeren,PVV,22.74339035769829,24463,85.4
Wijdemeren,NSC,12.348367029548989,24463,85.4
Wijdemeren,PvdA/GL,12.062208398133748,24463,85.4
Wijdemeren,D66,7.259720062208398,24463,85.4
Wijdemeren,BBB,4.547433903576983,24463,85.4
Wijdemeren,CDA,3.8382581648522542,24463,85.4
Wijdemeren,SP,2.202177293934681,24463,85.4
Wijdemeren,PvdD,2.1275272161741836,24463,85.4
Wijdemeren,FvD,2.1150855365474337,24463,85.4
Wijdemeren,Volt,1.5489891135303266,24463,85.4
Wijdemeren,ChristenUnie,1.4494556765163298,24463,85.4
Wijdemeren,JA21,0.734059097978227,24463,85.4
Wijdemeren,SGP,0.6469673405909797,24463,85.4
Wijdemeren,BVNL,0.6034214618973561,24463,85.4
Wijdemeren,50PLUS,0.5598755832037325,24463,85.4
Wijdemeren,DENK,0.4416796267496112,24463,85.4
Wijdemeren,BIJ1,0.16174183514774493,24463,85.4
Wijdemeren,Splinter,0.11197511664074652,24463,85.4
Wijdemeren,Piratenpartij - De Groenen,0.07465007776049767,24463,85.4
Wijdemeren,LP (Libertaire Partij),0.06220839813374805,24463,85.4
Wijdemeren,PartijvdSport,0.05598755832037325,24463,85.4
Wijdemeren,LEF - Voor de Nieuwe Generatie,0.04354587869362364,24463,85.4
Wijdemeren,Samen voor Nederland,0.04354587869362364,24463,85.4
Wijdemeren,Nederland met een PLAN,0.0062208398133748,24463,85.4
Wijk bij Duurstede,PVV,24.683743470325386,23925,88.2
Wijk bij Duurstede,VVD,18.5788910567059,23925,88.2
Wijk bij Duurstede,PvdA/GL,13.588016867014916,23925,88.2
Wijk bij Duurstede,NSC,13.292214739757064,23925,88.2
Wijk bij Duurstede,D66,5.884574233746617,23925,88.2
Wijk bij Duurstede,BBB,5.123041097614702,23925,88.2
Wijk bij Duurstede,CDA,3.253823399836365,23925,88.2
Wijk bij Duurstede,SP,2.88249732519353,23925,88.2
Wijk bij Duurstede,SGP,2.448234627729876,23925,88.2
Wijk bij Duurstede,PvdD,2.020265592548304,23925,88.2
Wijk bij Duurstede,FvD,1.8566303732141731,23925,88.2
Wijk bij Duurstede,ChristenUnie,1.7370507898546166,23925,88.2
Wijk bij Duurstede,Volt,1.5419472591100762,23925,88.2
Wijk bij Duurstede,JA21,0.8496444080810625,23925,88.2
Wijk bij Duurstede,DENK,0.7489458115677513,23925,88.2
Wijk bij Duurstede,BVNL,0.5349612939769652,23925,88.2
Wijk bij Duurstede,50PLUS,0.4594373465919819,23925,88.2
Wijk bij Duurstede,BIJ1,0.16363521933413055,23925,88.2
Wijk bij Duurstede,Splinter,0.11957958335955692,23925,88.2
Wijk bij Duurstede,Nederland met een PLAN,0.05034929825665555,23925,88.2
Wijk bij Duurstede,Piratenpartij - De Groenen,0.0440556359745736,23925,88.2
Wijk bij Duurstede,LP (Libertaire Partij),0.03776197369249166,23925,88.2
Wijk bij Duurstede,LEF - Voor de Nieuwe Generatie,0.03146831141040972,23925,88.2
Wijk bij Duurstede,Politieke Partij voor Basisinkomen,0.03146831141040972,23925,88.2
Wijk bij Duurstede,Samen voor Nederland,0.02517464912832777,23925,88.2
Wijk bij Duurstede,PartijvdSport,0.01258732456416388,23925,88.2
Winterswijk,NSC,21.238320266351625,29022,84.9
Winterswijk,PVV,19.55214262700032,29022,84.9
Winterswijk,VVD,13.312211362904092,29022,84.9
Winterswijk,BBB,13.290731392976047,29022,84.9
Winterswijk,PvdA/GL,12.99001181398346,29022,84.9
Winterswijk,D66,4.827623241327462,29022,84.9
Winterswijk,SP,3.324025346364514,29022,84.9
Winterswijk,CDA,3.098485662120073,29022,84.9
Winterswijk,FvD,2.2661368274084417,29022,84.9
Winterswijk,PvdD,1.1867683385243262,29022,84.9
Winterswijk,Volt,0.9075287294597788,29022,84.9
Winterswijk,ChristenUnie,0.8645687896036945,29022,84.9
Winterswijk,DENK,0.859198797121684,29022,84.9
Winterswijk,JA21,0.5799591880571368,29022,84.9
Winterswijk,BVNL,0.5584792181290946,29022,84.9
Winterswijk,SGP,0.3221995489206315,29022,84.9
Winterswijk,50PLUS,0.3007195789925894,29022,84.9
Winterswijk,Samen voor Nederland,0.13424981205026312,29022,84.9
Winterswijk,Splinter,0.1073998496402105,29022,84.9
Winterswijk,BIJ1,0.0859198797121684,29022,84.9
Winterswijk,Piratenpartij - De Groenen,0.0859198797121684,29022,84.9
Winterswijk,LEF - Voor de Nieuwe Generatie,0.04832993233809472,29022,84.9
Winterswijk,LP (Libertaire Partij),0.03221995489206315,29022,84.9
Winterswijk,Nederland met een PLAN,0.02684996241005262,29022,84.9
Woensdrecht,PVV,36.7092677437505,22028,75.3
Woensdrecht,VVD,19.435736677115987,22028,75.3
Woensdrecht,NSC,12.94911984567157,22028,75.3
Woensdrecht,PvdA/GL,7.161803713527852,22028,75.3
Woensdrecht,BBB,5.353267422232939,22028,75.3
Woensdrecht,D66,4.010931597138494,22028,75.3
Woensdrecht,SP,3.5286552527931834,22028,75.3
Woensdrecht,CDA,3.0463789084478736,22028,75.3
Woensdrecht,FvD,2.2023953058435817,22028,75.3
Woensdrecht,PvdD,1.3584117032392893,22028,75.3
Woensdrecht,JA21,0.900249176111245,22028,75.3
Woensdrecht,50PLUS,0.7636042118800739,22028,75.3
Woensdrecht,BVNL,0.6108833695040591,22028,75.3
Woensdrecht,Volt,0.5948074913592155,22028,75.3
Woensdrecht,ChristenUnie,0.4581625271280444,22028,75.3
Woensdrecht,DENK,0.3536693191865605,22028,75.3
Woensdrecht,BIJ1,0.12056908608632746,22028,75.3
Woensdrecht,SGP,0.1044932079414838,22028,75.3
Woensdrecht,Nederland met een PLAN,0.06430351257937464,22028,75.3
Woensdrecht,Splinter,0.05626557350695281,22028,75.3
Woensdrecht,Politieke Partij voor Basisinkomen,0.04822763443453098,22028,75.3
Woensdrecht,LEF - Voor de Nieuwe Generatie,0.04018969536210915,22028,75.3
Woensdrecht,Piratenpartij - De Groenen,0.04018969536210915,22028,75.3
Woensdrecht,PartijvdSport,0.03215175628968732,22028,75.3
Woensdrecht,Samen voor Nederland,0.03215175628968732,22028,75.3
Woensdrecht,LP (Libertaire Partij),0.02411381721726549,22028,75.3
Woerden,PVV,18.838485134497404,52694,84.1
Woerden,VVD,18.643817838603113,52694,84.1
Woerden,PvdA/GL,14.169419537517696,52694,84.1
Woerden,NSC,12.24929211892402,52694,84.1
Woerden,D66,7.199740443605475,52694,84.1
Woerden,CDA,5.400542708824918,52694,84.1
Woerden,BBB,4.577630957999056,52694,84.1
Woerden,ChristenUnie,3.545304388862671,52694,84.1
Woerden,SGP,3.4479707409155265,52694,84.1
Woerden,SP,2.114794714487966,52694,84.1
Woerden,FvD,1.8847333647947144,52694,84.1
Woerden,PvdD,1.8375412930627657,52694,84.1
Woerden,Volt,1.8198442661632843,52694,84.1
Woerden,DENK,1.7284096271826337,52694,84.1
Woerden,JA21,0.7137800849457292,52694,84.1
Woerden,50PLUS,0.49846625766871167,52694,84.1
Woerden,BVNL,0.4542236904200094,52694,84.1
Woerden,Splinter,0.31854648419065595,52694,84.1
Woerden,BIJ1,0.25070788107597924,52694,84.1
Woerden,Piratenpartij - De Groenen,0.07963662104766399,52694,84.1
Woerden,LP (Libertaire Partij),0.05899008966493629,52694,84.1
Woerden,PartijvdSport,0.05014157621519585,52694,84.1
Woerden,Samen voor Nederland,0.03834355828220859,52694,84.1
Woerden,LEF - Voor de Nieuwe Generatie,0.03539405379896178,52694,84.1
Woerden,Nederland met een PLAN,0.03539405379896178,52694,84.1
Woerden,Politieke Partij voor Basisinkomen,0.00884851344974044,52694,84.1
De Wolden,PVV,23.08048907689633,24374,94.6
De Wolden,BBB,16.086225879353304,24374,94.6
De Wolden,VVD,15.263371385524716,24374,94.6
De Wolden,NSC,14.162368893782237,24374,94.6
De Wolden,PvdA/GL,10.685518919858607,24374,94.6
De Wolden,CDA,4.786463464101524,24374,94.6
De Wolden,D66,3.9578142203163935,24374,94.6
De Wolden,ChristenUnie,2.2599524830503563,24374,94.6
De Wolden,SP,2.016572984875703,24374,94.6
De Wolden,FvD,2.010778234919163,24374,94.6
De Wolden,PvdD,1.6630932375268008,24374,94.6
De Wolden,SGP,0.8981862432636032,24374,94.6
De Wolden,Volt,0.8981862432636032,24374,94.6
De Wolden,BVNL,0.7475227443935795,24374,94.6
De Wolden,JA21,0.7011647447412644,24374,94.6
De Wolden,50PLUS,0.3534797473489019,24374,94.6
De Wolden,DENK,0.15645824882656317,24374,94.6
De Wolden,BIJ1,0.10430549921770876,24374,94.6
De Wolden,Samen voor Nederland,0.05794749956539375,24374,94.6
De Wolden,Splinter,0.05215274960885437,24374,94.6
De Wolden,Piratenpartij - De Groenen,0.03476849973923625,24374,94.6
De Wolden,LEF - Voor de Nieuwe Generatie,0.01738424986961812,24374,94.6
De Wolden,LP (Libertaire Partij),0.00579474995653937,24374,94.6
Wormerland,PVV,24.588333798492883,16333,85.7
Wormerland,VVD,17.33184482277421,16333,85.7
Wormerland,PvdA/GL,15.852637454646946,16333,85.7
Wormerland,NSC,12.112754674853475,16333,85.7
Wormerland,D66,6.15871243836636,16333,85.7
Wormerland,BBB,5.237696529909759,16333,85.7
Wormerland,SP,4.288771048469625,16333,85.7
Wormerland,CDA,2.697925388408224,16333,85.7
Wormerland,PvdD,2.279281793655224,16333,85.7
Wormerland,FvD,2.223462647688157,16333,85.7
Wormerland,Volt,1.5722392780723788,16333,85.7
Wormerland,ChristenUnie,1.1722020653084009,16333,85.7
Wormerland,DENK,1.0326542003907342,16333,85.7
Wormerland,50PLUS,0.8558935714950228,16333,85.7
Wormerland,JA21,0.8279839985114895,16333,85.7
Wormerland,BVNL,0.5116755046981115,16333,85.7
Wormerland,SGP,0.37212763978044466,16333,85.7
Wormerland,BIJ1,0.2604893478463113,16333,85.7
Wormerland,Splinter,0.14885105591217787,16333,85.7
Wormerland,Nederland met een PLAN,0.1116382919341334,16333,85.7
Wormerland,Piratenpartij - De Groenen,0.1116382919341334,16333,85.7
Wormerland,Samen voor Nederland,0.09303190994511117,16333,85.7
Wormerland,PartijvdSport,0.08372871895060005,16333,85.7
Wormerland,LEF - Voor de Nieuwe Generatie,0.03721276397804447,16333,85.7
Wormerland,LP (Libertaire Partij),0.03721276397804447,16333,85.7
Woudenberg,SGP,20.37536403839931,13639,89.2
Woudenberg,PVV,18.638766044655377,13639,89.2
Woudenberg,VVD,14.49681803473196,13639,89.2
Woudenberg,NSC,10.894186171933988,13639,89.2
Woudenberg,PvdA/GL,7.992665300399093,13639,89.2
Woudenberg,ChristenUnie,5.554956315392083,13639,89.2
Woudenberg,BBB,5.263725595944343,13639,89.2
Woudenberg,CDA,4.6489051882213355,13639,89.2
Woudenberg,D66,3.5594865710279366,13639,89.2
Woudenberg,FvD,2.577931183259627,13639,89.2
Woudenberg,SP,1.574803149606299,13639,89.2
Woudenberg,PvdD,1.3159313989860857,13639,89.2
Woudenberg,Volt,0.9815553877683098,13639,89.2
Woudenberg,JA21,0.6148204077230072,13639,89.2
Woudenberg,DENK,0.4745982094703916,13639,89.2
Woudenberg,50PLUS,0.3667349800453026,13639,89.2
Woudenberg,BVNL,0.2480854276777047,13639,89.2
Woudenberg,BIJ1,0.10786322942508898,13639,89.2
Woudenberg,Splinter,0.09707690648258008,13639,89.2
Woudenberg,Piratenpartij - De Groenen,0.08629058354007119,13639,89.2
Woudenberg,LEF - Voor de Nieuwe Generatie,0.04314529177003559,13639,89.2
Woudenberg,Nederland met een PLAN,0.03235896882752669,13639,89.2
Woudenberg,PartijvdSport,0.03235896882752669,13639,89.2
Woudenberg,LP (Libertaire Partij),0.01078632294250889,13639,89.2
Woudenberg,Samen voor Nederland,0.01078632294250889,13639,89.2
Zaanstad,PVV,25.717816733258942,156901,66
Zaanstad,PvdA/GL,17.792736042619055,156901,66
Zaanstad,VVD,13.73480676241556,156901,66
Zaanstad,NSC,10.738754304500675,156901,66
Zaanstad,DENK,5.5469565530398475,156901,66
Zaanstad,D66,5.455767131012802,156901,66
Zaanstad,SP,4.193513552427918,156901,66
Zaanstad,BBB,3.1076395138163972,156901,66
Zaanstad,FvD,2.886865123645657,156901,66
Zaanstad,PvdD,2.718884609385311,156901,66
Zaanstad,CDA,1.7949917809534095,156901,66
Zaanstad,Volt,1.3246463410244411,156901,66
Zaanstad,ChristenUnie,1.016282111275092,156901,66
Zaanstad,50PLUS,0.8698990917053623,156901,66
Zaanstad,BIJ1,0.773910226413736,156901,66
Zaanstad,JA21,0.7067180207095977,156901,66
Zaanstad,BVNL,0.6407256758216048,156901,66
Zaanstad,SGP,0.3407604717852729,156901,66
Zaanstad,Splinter,0.16198121017961917,156901,66
Zaanstad,Piratenpartij - De Groenen,0.1415835763051486,156901,66
Zaanstad,Nederland met een PLAN,0.08279039631402757,156901,66
Zaanstad,PartijvdSport,0.07799095304944627,156901,66
Zaanstad,LEF - Voor de Nieuwe Generatie,0.06959192733642898,156901,66
Zaanstad,Samen voor Nederland,0.06239276243955701,156901,66
Zaanstad,LP (Libertaire Partij),0.04199512856508645,156901,66
Zaltbommel,PVV,23.3427515757444,29447,85.4
Zaltbommel,SGP,14.27950445555314,29447,85.4
Zaltbommel,VVD,13.953488372093023,29447,85.4
Zaltbommel,NSC,10.921538795913932,29447,85.4
Zaltbommel,PvdA/GL,10.459682677678764,29447,85.4
Zaltbommel,D66,4.960878069984786,29447,85.4
Zaltbommel,ChristenUnie,4.178439469680504,29447,85.4
Zaltbommel,BBB,4.162138665507499,29447,85.4
Zaltbommel,CDA,3.3742664638122144,29447,85.4
Zaltbommel,SP,2.2223429689198,29447,85.4
Zaltbommel,FvD,1.7822212562486417,29447,85.4
Zaltbommel,PvdD,1.5322755922625515,29447,85.4
Zaltbommel,Volt,1.320365138013475,29447,85.4
Zaltbommel,DENK,1.1573570962834168,29447,85.4
Zaltbommel,BVNL,0.8150402086502935,29447,85.4
Zaltbommel,JA21,0.6031297544012171,29447,85.4
Zaltbommel,50PLUS,0.47815692240817215,29447,85.4
Zaltbommel,BIJ1,0.124972831993045,29447,85.4
Zaltbommel,Splinter,0.07607041947402739,29447,85.4
Zaltbommel,LEF - Voor de Nieuwe Generatie,0.07063681808302542,29447,85.4
Zaltbommel,PartijvdSport,0.05433601391001955,29447,85.4
Zaltbommel,LP (Libertaire Partij),0.0489024125190176,29447,85.4
Zaltbommel,Nederland met een PLAN,0.03260160834601174,29447,85.4
Zaltbommel,Samen voor Nederland,0.02716800695500977,29447,85.4
Zaltbommel,Piratenpartij - De Groenen,0.02173440556400782,29447,85.4
Zandvoort,PVV,30.75466338414923,17168,76.3
Zandvoort,VVD,22.819808730233877,17168,76.3
Zandvoort,PvdA/GL,11.078496354511884,17168,76.3
Zandvoort,NSC,10.775494744815832,17168,76.3
Zandvoort,D66,6.4387842060410945,17168,76.3
Zandvoort,PvdD,2.906921693021494,17168,76.3
Zandvoort,FvD,2.6417952845374493,17168,76.3
Zandvoort,SP,2.584982482719439,17168,76.3
Zandvoort,BBB,2.4808256793864216,17168,76.3
Zandvoort,CDA,1.893760060600322,17168,76.3
Zandvoort,Volt,1.306694441814222,17168,76.3
Zandvoort,JA21,1.0510368336331786,17168,76.3
Zandvoort,BVNL,0.946880030300161,17168,76.3
Zandvoort,DENK,0.5965344190891014,17168,76.3
Zandvoort,50PLUS,0.4734400151500805,17168,76.3
Zandvoort,ChristenUnie,0.3598144115140612,17168,76.3
Zandvoort,BIJ1,0.23672000757504025,17168,76.3
Zandvoort,Splinter,0.1799072057570306,17168,76.3
Zandvoort,SGP,0.13256320424202253,17168,76.3
Zandvoort,PartijvdSport,0.09468800303001612,17168,76.3
Zandvoort,Piratenpartij - De Groenen,0.07575040242401287,17168,76.3
Zandvoort,LP (Libertaire Partij),0.04734400151500805,17168,76.3
Zandvoort,Samen voor Nederland,0.04734400151500805,17168,76.3
Zandvoort,LEF - Voor de Nieuwe Generatie,0.03787520121200644,17168,76.3
Zandvoort,Nederland met een PLAN,0.03787520121200644,17168,76.3
Zeewolde,PVV,25.31997774067891,22879,81.9
Zeewolde,VVD,17.682248191430162,22879,81.9
Zeewolde,NSC,13.967723984418477,22879,81.9
Zeewolde,PvdA/GL,9.133277685030606,22879,81.9
Zeewolde,BBB,7.449916527545909,22879,81.9
Zeewolde,D66,5.147468002225932,22879,81.9
Zeewolde,ChristenUnie,5.098775737340011,22879,81.9
Zeewolde,CDA,3.3875904284919307,22879,81.9
Zeewolde,FvD,2.8450194769059545,22879,81.9
Zeewolde,SP,2.0450751252086814,22879,81.9
Zeewolde,SGP,1.8433500278241517,22879,81.9
Zeewolde,PvdD,1.5998887033945464,22879,81.9
Zeewolde,Volt,1.189482470784641,22879,81.9
Zeewolde,BVNL,0.806900389538119,22879,81.9
Zeewolde,JA21,0.806900389538119,22879,81.9
Zeewolde,DENK,0.7373400111296605,22879,81.9
Zeewolde,50PLUS,0.46605453533667224,22879,81.9
Zeewolde,Splinter,0.13216471897607124,22879,81.9
Zeewolde,BIJ1,0.1043405676126878,22879,81.9
Zeewolde,Piratenpartij - De Groenen,0.06956037840845854,22879,81.9
Zeewolde,LP (Libertaire Partij),0.04869226488592098,22879,81.9
Zeewolde,Samen voor Nederland,0.04173622704507512,22879,81.9
Zeewolde,LEF - Voor de Nieuwe Generatie,0.03478018920422927,22879,81.9
Zeewolde,Nederland met een PLAN,0.02086811352253756,22879,81.9
Zeewolde,Politieke Partij voor Basisinkomen,0.02086811352253756,22879,81.9
Zeist,PvdA/GL,22.006236483428054,65043,76.2
Zeist,VVD,18.965950812251673,65043,76.2
Zeist,PVV,14.972589649449278,65043,76.2
Zeist,D66,10.65986018206508,65043,76.2
Zeist,NSC,9.741990645274855,65043,76.2
Zeist,PvdD,3.3822863752954784,65043,76.2
Zeist,CDA,3.0780063370718707,65043,76.2
Zeist,Volt,2.927123673489916,65043,76.2
Zeist,DENK,2.7259467887139768,65043,76.2
Zeist,SP,2.4090931951918724,65043,76.2
Zeist,ChristenUnie,2.290901775386008,65043,76.2
Zeist,FvD,1.7929889855655583,65043,76.2
Zeist,BBB,1.5566061459538298,65043,76.2
Zeist,SGP,1.4006940602524771,65043,76.2
Zeist,JA21,0.5934718100890208,65043,76.2
Zeist,BIJ1,0.3897802142533823,65043,76.2
Zeist,50PLUS,0.32942714882060053,65043,76.2
Zeist,BVNL,0.31182417140270585,65043,76.2
Zeist,Splinter,0.1684856409998491,65043,76.2
Zeist,Piratenpartij - De Groenen,0.09807373132827038,65043,76.2
Zeist,LEF - Voor de Nieuwe Generatie,0.0553236433133833,65043,76.2
Zeist,PartijvdSport,0.04275008801488709,65043,76.2
Zeist,LP (Libertaire Partij),0.03269124377609012,65043,76.2
Zeist,Nederland met een PLAN,0.0251471105969924,65043,76.2
Zeist,Politieke Partij voor Basisinkomen,0.02263239953729316,65043,76.2
Zeist,Samen voor Nederland,0.02011768847759392,65043,76.2
Zevenaar,PVV,28.642349130342932,44096,84.9
Zevenaar,VVD,16.248855714386313,44096,84.9
Zevenaar,NSC,15.512992042813886,44096,84.9
Zevenaar,PvdA/GL,12.22801211182311,44096,84.9
Zevenaar,BBB,6.260122526582634,44096,84.9
Zevenaar,D66,5.584113794803183,44096,84.9
Zevenaar,CDA,3.707485388352933,44096,84.9
Zevenaar,SP,3.295542567424829,44096,84.9
Zevenaar,FvD,2.344905288359975,44096,84.9
Zevenaar,PvdD,1.6336877684670097,44096,84.9
Zevenaar,DENK,0.876698824026477,44096,84.9
Zevenaar,Volt,0.8414900359129639,44096,84.9
Zevenaar,BVNL,0.5809450038729667,44096,84.9
Zevenaar,50PLUS,0.5527779733821562,44096,84.9
Zevenaar,ChristenUnie,0.5316527005140483,44096,84.9
Zevenaar,JA21,0.5316527005140483,44096,84.9
Zevenaar,Splinter,0.16548130413351173,44096,84.9
Zevenaar,BIJ1,0.15843954651080908,44096,84.9
Zevenaar,SGP,0.09506372790648546,44096,84.9
Zevenaar,Piratenpartij - De Groenen,0.06689669741567496,44096,84.9
Zevenaar,Samen voor Nederland,0.0528131821702697,44096,84.9
Zevenaar,LEF - Voor de Nieuwe Generatie,0.03520878811351313,44096,84.9
Zevenaar,LP (Libertaire Partij),0.02816703049081051,44096,84.9
Zevenaar,Nederland met een PLAN,0.02464615167945919,44096,84.9
Zoetermeer,PVV,28.643103084814843,125267,67.3
Zoetermeer,VVD,17.16253249947298,125267,67.3
Zoetermeer,PvdA/GL,13.21762349799733,125267,67.3
Zoetermeer,NSC,12.510716042442557,125267,67.3
Zoetermeer,D66,5.714285714285714,125267,67.3
Zoetermeer,SP,3.475511207926358,125267,67.3
Zoetermeer,FvD,2.911952779144122,125267,67.3
Zoetermeer,DENK,2.6632000562153046,125267,67.3
Zoetermeer,BBB,2.480500316211089,125267,67.3
Zoetermeer,CDA,2.41304195067107,125267,67.3
Zoetermeer,PvdD,2.078560888201813,125267,67.3
Zoetermeer,ChristenUnie,1.6246223034221068,125267,67.3
Zoetermeer,Volt,1.2086290492586609,125267,67.3
Zoetermeer,SGP,0.982362448176516,125267,67.3
Zoetermeer,JA21,0.7982573255568828,125267,67.3
Zoetermeer,50PLUS,0.653502916168927,125267,67.3
Zoetermeer,BVNL,0.5326400112430609,125267,67.3
Zoetermeer,BIJ1,0.4005340453938585,125267,67.3
Zoetermeer,Splinter,0.17145667908087975,125267,67.3
Zoetermeer,Piratenpartij - De Groenen,0.09416063523294216,125267,67.3
Zoetermeer,Nederland met een PLAN,0.0744852786171035,125267,67.3
Zoetermeer,LEF - Voor de Nieuwe Generatie,0.04918839153959665,125267,67.3
Zoetermeer,PartijvdSport,0.04497224369334551,125267,67.3
Zoetermeer,Samen voor Nederland,0.04356686107792847,125267,67.3
Zoetermeer,LP (Libertaire Partij),0.03794533061626028,125267,67.3
Zoetermeer,Politieke Partij voor Basisinkomen,0.01264844353875342,125267,67.3
Zoeterwoude,PVV,21.866363192976753,8843,86.8
Zoeterwoude,VVD,18.24093643310031,8843,86.8
Zoeterwoude,PvdA/GL,15.769793529507398,8843,86.8
Zoeterwoude,NSC,11.477808486424973,8843,86.8
Zoeterwoude,D66,7.592261420907169,8843,86.8
Zoeterwoude,BBB,7.267111038855472,8843,86.8
Zoeterwoude,CDA,5.186148593724598,8843,86.8
Zoeterwoude,SP,2.5361729800032515,8843,86.8
Zoeterwoude,PvdD,1.9996748496179484,8843,86.8
Zoeterwoude,Volt,1.853357177694684,8843,86.8
Zoeterwoude,FvD,1.5607218338481548,8843,86.8
Zoeterwoude,ChristenUnie,1.0079661843602667,8843,86.8
Zoeterwoude,DENK,0.9429361079499268,8843,86.8
Zoeterwoude,JA21,0.910421069744757,8843,86.8
Zoeterwoude,SGP,0.5202406112827183,8843,86.8
Zoeterwoude,BVNL,0.32515038205169894,8843,86.8
Zoeterwoude,50PLUS,0.30889286294911394,8843,86.8
Zoeterwoude,BIJ1,0.1463176719232645,8843,86.8
Zoeterwoude,Piratenpartij - De Groenen,0.11380263371809464,8843,86.8
Zoeterwoude,Nederland met een PLAN,0.09754511461550967,8843,86.8
Zoeterwoude,Splinter,0.09754511461550967,8843,86.8
Zoeterwoude,Samen voor Nederland,0.08128759551292473,8843,86.8
Zoeterwoude,LEF - Voor de Nieuwe Generatie,0.03251503820516989,8843,86.8
Zoeterwoude,LP (Libertaire Partij),0.03251503820516989,8843,86.8
Zoeterwoude,PartijvdSport,0.03251503820516989,8843,86.8
Zuidplas,PVV,25.17236477361575,45064,81.9
Zuidplas,VVD,18.66159641765584,45064,81.9
Zuidplas,NSC,11.934039377354468,45064,81.9
Zuidplas,PvdA/GL,9.705736015352905,45064,81.9
Zuidplas,SGP,6.564077048830763,45064,81.9
Zuidplas,D66,5.281114507072287,45064,81.9
Zuidplas,ChristenUnie,4.015921529604094,45064,81.9
Zuidplas,CDA,3.983936313881584,45064,81.9
Zuidplas,BBB,3.1665363565285376,45064,81.9
Zuidplas,FvD,2.366905963465776,45064,81.9
Zuidplas,SP,2.324259009169095,45064,81.9
Zuidplas,PvdD,1.7023242590091692,45064,81.9
Zuidplas,DENK,1.3149477574809867,45064,81.9
Zuidplas,JA21,1.208330371739285,45064,81.9
Zuidplas,Volt,1.0839434217072996,45064,81.9
Zuidplas,BVNL,0.4975478001279408,45064,81.9
Zuidplas,50PLUS,0.4300234558248631,45064,81.9
Zuidplas,BIJ1,0.17769564290283602,45064,81.9
Zuidplas,Splinter,0.1243869500319852,45064,81.9
Zuidplas,Nederland met een PLAN,0.09595564716753144,45064,81.9
Zuidplas,PartijvdSport,0.05330869287085081,45064,81.9
Zuidplas,Piratenpartij - De Groenen,0.03909304143862392,45064,81.9
Zuidplas,LEF - Voor de Nieuwe Generatie,0.0355391285805672,45064,81.9
Zuidplas,LP (Libertaire Partij),0.03198521572251048,45064,81.9
Zuidplas,Politieke Partij voor Basisinkomen,0.01421565143222688,45064,81.9
Zuidplas,Samen voor Nederland,0.01421565143222688,45064,81.9
Zundert,PVV,28.984358105672893,21988,83.8
Zundert,VVD,20.471419303683412,21988,83.8
Zundert,NSC,12.542348446622936,21988,83.8
Zundert,BBB,10.898868305341312,21988,83.8
Zundert,PvdA/GL,7.294745188495639,21988,83.8
Zundert,D66,4.685360051899373,21988,83.8
Zundert,CDA,3.928494197361782,21988,83.8
Zundert,SP,3.4815829308729187,21988,83.8
Zundert,FvD,1.8669357745260575,21988,83.8
Zundert,PvdD,1.2902760758307503,21988,83.8
Zundert,Volt,1.0668204425863188,21988,83.8
Zundert,JA21,0.9586967490809488,21988,83.8
Zundert,50PLUS,0.6343256685648382,21988,83.8
Zundert,BVNL,0.5982844373963815,21988,83.8
Zundert,DENK,0.3676205579182585,21988,83.8
Zundert,ChristenUnie,0.3315793267498018,21988,83.8
Zundert,Splinter,0.10812369350537016,21988,83.8
Zundert,BIJ1,0.1009154472716788,21988,83.8
Zundert,SGP,0.1009154472716788,21988,83.8
Zundert,Nederland met een PLAN,0.07929070857060477,21988,83.8
Zundert,LP (Libertaire Partij),0.0504577236358394,21988,83.8
Zundert,LEF - Voor de Nieuwe Generatie,0.04324947740214806,21988,83.8
Zundert,PartijvdSport,0.04324947740214806,21988,83.8
Zundert,Piratenpartij - De Groenen,0.02883298493476537,21988,83.8
Zundert,Samen voor Nederland,0.02883298493476537,21988,83.8
Zundert,Politieke Partij voor Basisinkomen,0.01441649246738268,21988,83.8
Zutphen,PvdA/GL,23.384079473616307,48111,81.7
Zutphen,PVV,18.720165139981937,48111,81.7
Zutphen,NSC,12.808024770997289,48111,81.7
Zutphen,VVD,11.759772932524836,48111,81.7
Zutphen,D66,7.011998451812669,48111,81.7
Zutphen,BBB,4.938072506773319,48111,81.7
Zutphen,SP,4.880015481873307,48111,81.7
Zutphen,PvdD,4.186556573345375,48111,81.7
Zutphen,FvD,2.419042704167204,48111,81.7
Zutphen,CDA,2.2997032640949553,48111,81.7
Zutphen,Volt,1.793316991355954,48111,81.7
Zutphen,ChristenUnie,1.6868791123725972,48111,81.7
Zutphen,DENK,1.6739775512837052,48111,81.7
Zutphen,JA21,0.580570249000129,48111,81.7
Zutphen,BVNL,0.4322022964778738,48111,81.7
Zutphen,50PLUS,0.35801832021674623,48111,81.7
Zutphen,SGP,0.35156753967230037,48111,81.7
Zutphen,BIJ1,0.22900270932782865,48111,81.7
Zutphen,Splinter,0.1161140498000258,48111,81.7
Zutphen,LEF - Voor de Nieuwe Generatie,0.10321248871113405,48111,81.7
Zutphen,Piratenpartij - De Groenen,0.10321248871113405,48111,81.7
Zutphen,Samen voor Nederland,0.06773319571668171,48111,81.7
Zutphen,LP (Libertaire Partij),0.06128241517223584,48111,81.7
Zutphen,Nederland met een PLAN,0.03547929299445233,48111,81.7
Zwartewaterland,PVV,22.65546890621876,22823,93.5
Zwartewaterland,SGP,20.6625341598347,22823,93.5
Zwartewaterland,NSC,14.177164567086583,22823,93.5
Zwartewaterland,ChristenUnie,9.091515030327267,22823,93.5
Zwartewaterland,BBB,7.978404319136173,22823,93.5
Zwartewaterland,VVD,7.631806971938945,22823,93.5
Zwartewaterland,PvdA/GL,5.112310871159101,22823,93.5
Zwartewaterland,CDA,4.9923348663600615,22823,93.5
Zwartewaterland,FvD,1.7329867359861362,22823,93.5
Zwartewaterland,SP,1.6263413983869892,22823,93.5
Zwartewaterland,D66,1.5863493967873097,22823,93.5
Zwartewaterland,PvdD,0.7331866959941346,22823,93.5
Zwartewaterland,JA21,0.5265613543957876,22823,93.5
Zwartewaterland,Volt,0.4799040191961607,22823,93.5
Zwartewaterland,BVNL,0.42658135039658734,22823,93.5
Zwartewaterland,50PLUS,0.22662134239818704,22823,93.5
Zwartewaterland,DENK,0.15996800639872025,22823,93.5
Zwartewaterland,BIJ1,0.03332666799973338,22823,93.5
Zwartewaterland,LP (Libertaire Partij),0.03332666799973338,22823,93.5
Zwartewaterland,Nederland met een PLAN,0.03332666799973338,22823,93.5
Zwartewaterland,Piratenpartij - De Groenen,0.03332666799973338,22823,93.5
Zwartewaterland,LEF - Voor de Nieuwe Generatie,0.01999600079984003,22823,93.5
Zwartewaterland,Samen voor Nederland,0.01999600079984003,22823,93.5
Zwartewaterland,PartijvdSport,0.01333066719989335,22823,93.5
Zwartewaterland,Splinter,0.01333066719989335,22823,93.5
Zwijndrecht,PVV,29.602672712086864,44775,76.3
Zwijndrecht,VVD,14.851051982659188,44775,76.3
Zwijndrecht,NSC,13.46696893767649,44775,76.3
Zwijndrecht,PvdA/GL,9.772103567593366,44775,76.3
Zwijndrecht,SGP,4.271566638825916,44775,76.3
Zwijndrecht,D66,4.009068130294715,44775,76.3
Zwijndrecht,CDA,3.913614127192459,44775,76.3
Zwijndrecht,ChristenUnie,3.897705126675417,44775,76.3
Zwijndrecht,DENK,3.5874796165930873,44775,76.3
Zwijndrecht,SP,2.9869148470747326,44775,76.3
Zwijndrecht,FvD,2.449986079624548,44775,76.3
Zwijndrecht,BBB,2.2829415741956014,44775,76.3
Zwijndrecht,PvdD,1.5710138010579484,44775,76.3
Zwijndrecht,JA21,0.922722029988466,44775,76.3
Zwijndrecht,Volt,0.7278367736546951,44775,76.3
Zwijndrecht,50PLUS,0.6284055204231794,44775,76.3
Zwijndrecht,BVNL,0.3420435111164141,44775,76.3
Zwijndrecht,BIJ1,0.2624985085312015,44775,76.3
Zwijndrecht,Splinter,0.11931750387781886,44775,76.3
Zwijndrecht,PartijvdSport,0.08352225271447321,44775,76.3
Zwijndrecht,Samen voor Nederland,0.08352225271447321,44775,76.3
Zwijndrecht,Piratenpartij - De Groenen,0.05965875193890943,44775,76.3
Zwijndrecht,LEF - Voor de Nieuwe Generatie,0.03977250129260629,44775,76.3
Zwijndrecht,Nederland met een PLAN,0.03977250129260629,44775,76.3
Zwijndrecht,LP (Libertaire Partij),0.0278407509048244,44775,76.3
Zwolle,PvdA/GL,22.01209001966449,129840,82.4
Zwolle,PVV,16.10181835837926,129840,82.4
Zwolle,NSC,13.6583234201646,129840,82.4
Zwolle,VVD,12.774635235852491,129840,82.4
Zwolle,D66,7.7529071884634995,129840,82.4
Zwolle,ChristenUnie,6.111771989026729,129840,82.4
Zwolle,BBB,3.238571532616348,129840,82.4
Zwolle,CDA,3.1633123740622953,129840,82.4
Zwolle,SP,3.089267072904275,129840,82.4
Zwolle,PvdD,2.9508873297565,129840,82.4
Zwolle,Volt,2.2177174625524994,129840,82.4
Zwolle,FvD,2.0999732951372874,129840,82.4
Zwolle,DENK,1.4347794421111408,129840,82.4
Zwolle,SGP,1.160447670607657,129840,82.4
Zwolle,JA21,0.5183171081061396,129840,82.4
Zwolle,BIJ1,0.4260639460076231,129840,82.4
Zwolle,BVNL,0.4260639460076231,129840,82.4
Zwolle,50PLUS,0.34837707266150375,129840,82.4
Zwolle,Splinter,0.11774416741521206,129840,82.4
Zwolle,Piratenpartij - De Groenen,0.09832244907868223,129840,82.4
Zwolle,PartijvdSport,0.08011458813818553,129840,82.4
Zwolle,LEF - Voor de Nieuwe Generatie,0.07890073074215241,129840,82.4
Zwolle,Nederland met een PLAN,0.0691898715738875,129840,82.4
Zwolle,Samen voor Nederland,0.04127115146512588,129840,82.4
Zwolle,LP (Libertaire Partij),0.02913257750479473,129840,82.4
