fips,state,county,total_population,nonwhite_pct,female_pct,age29andunder_pct,age65andolder_pct,median_hh_inc,clf_unemploy_pct,college_pct
01001,Alabama,Autauga,59947,29.377616894923854,51.41374881145011,37.52314544514321,16.27938011910521,72481,2.395097709524343,29.1384808658678
01003,Alabama,Baldwin,246989,19.257132908753015,51.26908485803011,33.37759981213738,21.670195838681074,78775,3.0273362675906457,33.689508410836126
01005,Alabama,Barbour,24643,56.28373168851195,47.538854847218275,35.304143164387455,20.10712981374021,46042,7.789541918755402,10.62730627306273
01007,Alabama,Bibb,22130,26.615454134658833,46.909173068233166,34.87121554450972,17.3791233619521,52541,12.080759046778464,11.725649859066708
01009,Alabama,Blount,59518,15.460868980812526,49.7563762223193,36.75694747807386,18.594374810981552,64190,4.998539506353147,15.818234808374218
01011,Alabama,Bullock,10058,78.98190495128257,45.555776496321336,35.67309604295089,18.562338437065023,31310,7.218621096051856,8.116659788141423
01013,Alabama,Butler,18630,49.50617283950617,53.585614600107355,35.06172839506173,22.012882447665056,44755,6.472032037204496,13.538884224986644
01015,Alabama,Calhoun,116090,30.658971487638897,51.61168059264364,38.56318373675597,18.223791885605994,55029,5.974573855538453,20.64954259358357
01017,Alabama,Chambers,34192,46.12482452035563,52.63511932615817,35.50830603649977,20.294220870379036,49656,5.1395687260219605,14.907983037589032
01019,Alabama,Cherokee,25443,9.613646189521674,50.40679165192784,30.605667570648116,24.446802656919388,53863,3.88162951575711,16.499290183500708
01021,Alabama,Chilton,45992,23.62584797356062,51.19586014959123,38.60019133762393,16.96381979474691,65603,5.46727843516059,16.468885672937773
01023,Alabama,Choctaw,12380,43.40064620355412,52.16478190630048,32.17285945072698,24.361873990306947,47813,5.034793286942284,15.761412862379206
01025,Alabama,Clarke,22543,48.87991837821053,52.42869183338509,35.48329858492659,21.061970456460987,49249,9.187202766969303,14.9741063534167
01027,Alabama,Clay,14192,21.117531003382183,51.6065388951522,32.74379932356257,20.560879368658398,55250,2.4034017378443333,14.714215925744991
01029,Alabama,Cleburne,15426,7.785556852067932,49.747180085569816,34.56502009594192,20.115389601970698,55345,2.5711960943856793,16.992276238073604
01031,Alabama,Coffee,54920,32.50728332119447,50.30043699927167,38.07538237436271,17.199563000728332,68353,5.088639417450479,22.484318876320163
01033,Alabama,Colbert,58022,22.925786770535318,51.57526455482403,34.57136948054186,20.42845817103857,60628,3.136120996441281,21.655293003375668
01035,Alabama,Conecuh,11275,50.048780487804876,53.32150776053215,32.65631929046563,24.913525498891353,41327,8.695652173913043,13.418411597075952
01037,Alabama,Coosa,10300,34.0873786407767,49.29126213592233,29.223300970873787,25.310679611650485,57355,6.203234371228579,13.859356987319071
01039,Alabama,Covington,37628,17.673009461039648,51.76198575528861,34.86765174869778,22.204209631125757,52456,5.170440091579751,17.169347209082307
01041,Alabama,Crenshaw,13122,30.18594726413657,51.41746684956561,36.05395518975766,20.187471422039323,48560,5.416359616801769,18.712295711308542
01043,Alabama,Cullman,90566,10.522712717796967,50.10489587703995,36.30611929421637,19.029216262173442,62656,3.7728233254980172,19.690716759167024
01045,Alabama,Dale,49599,33.91399020141536,50.72884533962378,38.88788080404847,18.083025867457007,54963,6.596044460679434,20.397728961683658
01047,Alabama,Dallas,36858,73.40875793586196,53.53790221932823,37.169678224537414,20.389060719518152,35627,10.954688318491357,17.484906259930092
01049,Alabama,DeKalb,72269,23.037540300820545,49.9660988805712,38.61545060814457,17.639651856259253,51204,4.13583760197306,14.08141491238869
01051,Alabama,Elmore,89526,28.21861805509014,51.273373098317805,36.58825369166499,16.534861381051314,78243,4.6456251750863755,25.391398811425653
01053,Alabama,Escambia,36629,40.02566272625515,50.940511616478744,36.34005842365339,18.987687351552047,48225,10.052719000505524,13.527323789835005
01055,Alabama,Etowah,103105,23.83104602104651,51.43300518888512,35.83337374521119,19.727462295717956,54563,5.90336775149218,18.086119120873057
01057,Alabama,Fayette,16053,16.763221827695762,50.85030835357877,34.95296829253099,21.858842583940696,49488,8.43585237258348,14.85235786690172
01059,Alabama,Franklin,31966,27.46355502721641,51.21066132766064,39.27923418632297,16.66770944128136,53338,3.632252137658116,15.836039343027908
01061,Alabama,Geneva,26887,19.5038494439692,50.73827500278945,34.44043589838956,20.277457507345556,52771,5.626381098079212,13.244859420898027
01063,Alabama,Greene,7424,82.17941810344827,52.249461206896555,35.15625,25.107758620689655,29200,4.036620890553475,15.127357573400738
01065,Alabama,Hale,14829,61.93269944028592,52.039921774900535,38.4651696001079,19.99460516555398,39250,5.998225377107365,17.586952249950873
01067,Alabama,Henry,17647,29.82376607922026,51.96917323057743,32.050773502578345,23.811412704709017,59931,3.6136993200705114,21.818888457054022
01069,Alabama,Houston,108140,36.609025337525424,51.94377658590716,36.82726095801738,18.685037913815425,58626,4.503522477240154,23.047479327820753
01071,Alabama,Jackson,53053,11.839104291934477,50.700243153073345,34.11494166211148,20.888545416847304,51908,4.466211358734723,15.922258506267776
01073,Alabama,Jefferson,667755,52.46624884875442,52.53947930004268,39.0444100006739,16.782802075611563,66388,4.725463175623947,36.22242774872693
01075,Alabama,Lamar,13693,14.36500401665084,51.20864675381582,34.711166289344924,22.41291170671146,50000,5.4652616538667615,12.054766316656371
01077,Alabama,Lauderdale,95830,17.86496921632057,51.94615464885735,37.87957842011896,20.499843472816444,62649,4.055443677963923,29.81519882898268
01079,Alabama,Lawrence,33276,24.504147133068876,50.59201827142685,35.530111792282725,19.04075009015507,66071,1.9583442494105319,15.214980378774953
01081,Alabama,Lee,181134,34.6848189737984,50.57305641127563,44.78010754469067,13.2614528470635,65824,3.5454092945382145,42.37504544205141
01083,Alabama,Limestone,111233,27.71479686783599,49.89796193575648,35.905711434556295,15.565524619492416,83629,3.2899131596526385,30.1948051948052
01085,Alabama,Lowndes,9833,75.32797721956676,52.374656768026036,35.93003152649242,20.57357876538188,37052,6.83667932718394,14.368566043207192
01087,Alabama,Macon,18691,83.21652132042159,54.20255738055749,43.75367824086459,21.22411855973463,43707,8.290092916616388,21.12442073970447
01089,Alabama,Madison,405718,38.36334596936789,50.74337347615832,38.39415554646331,15.713870225131743,86499,3.6057362912561723,46.42348645963713
01091,Alabama,Marengo,18851,55.71057238342794,52.62320301310275,35.60553816773646,20.608986260675827,43825,4.090322580645161,19.453501009160068
01093,Alabama,Marion,29184,10.317297149122806,50.50370065789474,34.707373903508774,21.419270833333332,50088,5.020013342228152,13.262370540851553
01095,Alabama,Marshall,99748,23.550346874122784,50.4200585475398,39.988771704695836,17.09307454786061,62571,3.9124668435013263,21.544349735441667
01097,Alabama,Mobile,412590,45.18674713395865,52.17746431081704,38.772873797232116,17.34482173586369,58880,5.263489595916095,25.97046533848633
01099,Alabama,Monroe,19388,46.41015060862389,52.09407881163607,35.42397359191252,21.631937280792243,42292,10.365168539325843,11.671501896898013
01101,Alabama,Montgomery,226718,70.2996674282589,52.985206291516334,40.3563016610944,16.18309970977161,59386,5.877277178286457,34.46268676574287
01103,Alabama,Morgan,124471,27.85628781001197,50.30649709570904,37.372560676784154,17.973664548368696,68845,3.667186213901683,23.27382207539655
01105,Alabama,Perry,8031,72.15788818328976,55.16125015564687,39.185655584609634,21.616237081309922,37654,16.4624808575804,15.765509391007399
01107,Alabama,Pickens,18721,47.182308637359114,49.54329362747716,33.73217242668661,19.88675818599434,46274,4.7195139183269745,13.080793134063331
01109,Alabama,Pike,32987,45.405765907781856,52.535847455058054,47.973444084033105,15.581895898384213,48677,3.6571056062581486,28.018376090435144
01111,Alabama,Randolph,22510,25.406486006219453,50.83074189249223,35.67747667703243,21.861394935584183,52338,3.77156327011679,18.357701033526595
01113,Alabama,Russell,58811,56.06774242913741,52.4357688187584,39.298770638145925,15.267551988573565,51197,6.239683063717399,18.19799498746867
01115,Alabama,St. Clair,94166,16.917995879616843,50.5097381220398,35.25263895673598,17.87481681286239,77463,4.556119142850759,21.377833411253715
01117,Alabama,Shelby,230211,26.791508659447206,51.28425661675593,36.995191367919,16.839334349792146,97961,2.8707466239789845,46.84480714411846
01119,Alabama,Sumter,11878,74.3138575517764,55.66593702643543,46.5734972217545,19.818151203906382,33310,12.112994350282486,19.010155914747532
01121,Alabama,Talladega,81021,38.166648152948,51.44098443613384,34.60707717752188,19.377692203255947,57776,6.827600197061466,16.531128036724375
01123,Alabama,Tallapoosa,40938,32.180370316087746,51.22868728320876,33.05974888856319,23.288875861058184,59356,4.940525587828493,20.326946268256734
01125,Alabama,Tuscaloosa,237552,41.12446958981613,51.75919377652051,46.01645113490941,13.940947666195191,66231,5.827006845052893,32.09722482200176
01127,Alabama,Walker,64841,13.767523634737277,51.1127218889283,37.06296941749819,19.652688885118984,56509,4.880978379558855,16.559812353401092
01129,Alabama,Washington,15143,34.999669814435705,49.78537938321337,35.34306280129433,21.026216733804397,61042,4.864511916421809,16.961859244681847
01131,Alabama,Wilcox,10172,72.46362563900904,51.44514353126229,37.00353912701534,21.696814785686197,40640,11.757332664828278,12.94777729823047
01133,Alabama,Winston,23682,9.598006925090786,49.9577738366692,33.46845705599189,21.99983109534668,57256,3.581159984429739,14.27399026906618
02013,Alaska,Aleutians East,3491,83.09939845316528,39.1291893440275,31.910627327413348,13.06215983958751,65365,8.35453774385072,18.272937548188125
02016,Alaska,Aleutians West,5235,75.81661891117479,28.97803247373448,29.512893982808023,5.959885386819484,135500,4.309283427727161,17.900499880980718
02020,Alaska,Anchorage,288976,45.80068933060185,48.90959802890205,41.24667792481036,12.867158518354465,103284,4.582297414751481,38.65366268458603
02050,Alaska,Bethel,18394,91.68750679569425,46.75981298249429,53.06621724475372,8.361422202892248,73996,15.9403522303638,12.789894404421197
02060,Alaska,Bristol Bay,918,51.4161220043573,36.05664488017429,34.85838779956427,18.51851851851852,95625,4.364326375711575,20.92391304347826
02063,Alaska,Chugach,6862,29.61235791314486,46.75021859516176,37.19032352083941,13.858933255610609,90509,9.473974111814927,31.407191852005823
02066,Alaska,Copper River,2626,46.801218583396796,49.35262757044935,32.67326732673267,25.856816450875858,79250,4.797047970479705,23.37874659400545
02068,Alaska,Denali,1969,28.186896901980695,35.95733875063484,27.01879126460132,12.2397155916709,80781,0.9056603773584906,26.551503518873957
02070,Alaska,Dillingham,4724,85.66892464013549,48.43353090601185,47.12108382726503,12.044877222692634,78533,10.539096648858669,18.91891891891892
02090,Alaska,Fairbanks North Star,95460,33.21076890844332,45.41378587890216,44.8407710035617,12.7383197150639,88267,5.309072198704306,33.072095216415725
02100,Alaska,Haines,2086,28.619367209971237,50.143815915628,29.00287631831256,21.860019175455417,86927,4.665314401622718,34.11244472520531
02105,Alaska,Hoonah-Angoon,2311,51.925573344872355,42.925140631761145,27.00129813933362,28.256166161834702,61406,15.84967320261438,24.618859401468097
02110,Alaska,Juneau,31794,38.63622067056678,49.23255960244071,35.04120274265585,15.990438447505818,101661,4.005130297907072,41.238790223316336
02122,Alaska,Kenai Peninsula,60413,22.46536341515899,47.858904540413484,34.7756277622366,20.00397265489216,80538,6.991094852750988,29.775045410088026
02130,Alaska,Ketchikan Gateway,13768,39.620859965136546,47.80650784427658,34.79081929110982,17.67141196978501,92885,3.123709921563231,27.432296890672013
02150,Alaska,Kodiak Island,12771,54.98394800720382,47.09106569571686,41.80565343356041,13.914337170151123,86250,5.013571770716909,28.664688427299705
02158,Alaska,Kusilvak,8176,97.07681017612525,46.599804305283755,58.745107632093934,6.824853228962818,51471,19.820441988950275,5.776081424936387
02164,Alaska,Lake and Peninsula,1013,84.106614017769,43.23790720631787,38.302073050345506,10.661401776900297,65625,8.585055643879173,16.329479768786126
02170,Alaska,Matanuska-Susitna,112988,24.347718341770808,47.627181647608595,40.11487945622544,13.716500867348746,94031,5.77255511313975,24.40647169634865
02180,Alaska,Nome,9866,86.5801743361038,47.32414352321103,51.08453273869856,8.86884248935739,78681,16.881918819188193,13.966987121349536
02185,Alaska,North Slope,10810,68.96392229417206,38.8159111933395,41.82238667900093,8.094357076780758,95694,7.596573460481655,15.641205325858445
02188,Alaska,Northwest Arctic,7441,90.82112619271602,47.762397527214084,52.39887111947319,8.466603951081844,84018,16.660964762230584,10.631395058647367
02195,Alaska,Petersburg,3409,38.51569375183338,45.96655910824288,30.536814315048403,23.52596069228513,75125,3.7682789651293587,25.819344524380494
02198,Alaska,Prince of Wales-Hyder,5715,56.37795275590551,44.84689413823272,33.1583552055993,20.594925634295713,61156,7.65466620062915,14.928276197422804
02220,Alaska,Sitka,8368,42.36376673040153,49.079827915869984,33.80736137667304,17.674474187380497,101727,6.782231852654387,34.269387755102045
02230,Alaska,Skagway,1244,31.189710610932476,60.369774919614144,29.581993569131832,18.2475884244373,81136,9.137709137709138,28.512396694214875
02240,Alaska,Southeast Fairbanks,7068,27.801358234295414,42.50141482739106,38.55404640633843,15.647990945104697,73882,6.469088591459529,23.230834035383317
02275,Alaska,Wrangell,2088,43.582375478927204,50.47892720306513,32.61494252873563,27.39463601532567,63750,4.3329532497149374,21.382428940568477
02282,Alaska,Yakutat,527,75.14231499051233,38.33017077798861,26.755218216318784,26.755218216318784,85000,0.9036144578313253,14.352941176470587
02290,Alaska,Yukon-Koyukuk,5195,78.40230991337825,46.0827718960539,39.69201154956689,17.3051010587103,55741,5.386064030131827,15.965417867435159
04001,Arizona,Apache,65341,81.20016528672656,50.694051208276576,41.25587303530708,16.840880917035246,41438,10.685436251121924,16.56434474616293
04003,Arizona,Cochise,125566,45.93679817785069,49.21236640491853,34.315817976203746,24.81882038131341,59742,7.403946222628125,28.094856200850987
04005,Arizona,Coconino,144508,47.83748996595344,50.65463503750657,46.206438397874166,14.504387300357074,72966,5.646762165352219,40.34083178375437
04007,Arizona,Gila,53795,38.57607584347987,49.89683056046101,29.664466957895716,30.896923505902034,61986,7.053843226788432,18.732359494924484
04009,Arizona,Graham,39232,47.2598898858075,46.6838295269168,42.88590946166395,14.495819738988581,67325,7.700885942630568,14.578957796710917
04011,Arizona,Greenlee,9409,54.947390796046335,45.32894037623552,38.03804867679881,14.12477415240727,71164,2.3330058939096268,20.86601819893317
04012,Arizona,La Paz,16664,42.74483917426788,48.61377820451272,24.42390782525204,43.140902544407105,49478,10.038923126824521,13.458389161828196
04013,Arizona,Maricopa,4559748,47.51411700822062,50.26003630025168,39.01908614247981,16.29068097622939,89300,4.542004853626377,36.680293780448245
04015,Arizona,Mohave,220517,25.050676365087497,49.45831840629067,26.583891491358944,32.621521243260155,57684,7.251035862266038,15.21983758700696
04017,Arizona,Navajo,108415,57.290965272333175,49.70622146381958,38.689295761656595,20.12913342249689,54606,8.849948078920042,19.1045556488119
04019,Arizona,Pima,1060490,49.53512055747815,50.56464464539977,37.894841064036434,21.593037180925798,70315,5.502118424307223,36.794203907075115
04021,Arizona,Pinal,469006,45.062749730280636,48.24884969488663,35.63110066822173,21.542581544799,80266,5.960806594601478,22.467424552614464
04023,Arizona,Santa Cruz,48926,84.73613211789232,51.739361484691166,40.88214855087275,19.267873932060663,55217,12.176952083141726,23.142183817753338
04025,Arizona,Yavapai,245480,22.568844712400193,50.77236434740101,26.179729509532343,34.137200586605836,69613,4.27798098024872,30.25407885349456
04027,Arizona,Yuma,211741,71.02639545482452,48.43983923755909,41.83932256860977,20.671008449001373,62876,6.927103342297349,16.77879596334532
05001,Arkansas,Arkansas,16515,32.87920072661217,51.504692703602785,36.63336360884045,20.127157129881926,53164,8.13879321342008,13.56154789003677
05003,Arkansas,Ashley,18429,32.747300450377125,52.2817298822508,35.94335015464757,21.504151066254273,44266,5.476326297775242,12.789338321253215
05005,Arkansas,Baxter,42407,8.545758954889527,51.05760841370528,28.26420166481949,30.985450515245123,48452,6.335128286347799,19.445045267744028
05007,Arkansas,Benton,303632,41.951111872266424,49.83137482215313,40.795107235074035,13.753161722084629,93506,3.0786191778028433,37.75151692847453
05009,Arkansas,Boone,38138,7.501704336881854,50.58209659657035,35.83564948345482,21.19408463999161,55143,2.534067845752392,17.192995584823766
05011,Arkansas,Bradley,10208,46.13048589341693,51.41065830721003,38.01920062695925,18.955721003134798,41476,6.618004866180049,15.309683047397499
05013,Arkansas,Calhoun,4704,27.593537414965986,49.234693877551024,32.929421768707485,23.767006802721088,66809,5.589123867069486,19.7953216374269
05015,Arkansas,Carroll,28626,29.707259135052055,48.92405505484525,33.74205267938238,23.422762523579962,54230,4.707480818414322,19.98139443791618
05017,Arkansas,Chicot,9765,61.4132104454685,48.78648233486943,34.644137224782384,22.314388120839734,39045,9.063609063609064,17.992978349912228
05019,Arkansas,Clark,21125,32.653254437869826,52.16094674556213,47.39881656804734,16.42603550295858,52034,3.808080808080808,26.18739903069467
05021,Arkansas,Clay,14280,6.540616246498598,51.12044817927171,34.34873949579832,21.792717086834735,51481,6.2995729103111655,15.283074215312409
05023,Arkansas,Cleburne,25226,8.515024181400143,50.14270990248156,29.77483548719575,27.39237294854515,55798,6.431168831168831,18.42580782312925
05025,Arkansas,Cleveland,7453,16.5436736884476,51.10693680397156,34.200992888769626,21.199516973030995,54794,2.183098591549296,19.70748171760735
05027,Arkansas,Columbia,22349,41.84527271913731,51.6443688755649,44.955031545035574,17.472817575730456,55334,3.2116058029014507,21.928883165199974
05029,Arkansas,Conway,21054,20.56616319939204,50.308729932554385,36.15939963902346,19.74921630094044,54187,6.408573928258968,19.937098318063722
05031,Arkansas,Craighead,113249,29.21968405902039,51.30288126164469,43.21097758037599,13.883566300806189,59548,5.573062032952192,29.68930914704747
05033,Arkansas,Crawford,61139,20.698735667904288,50.72212499386644,37.62737368946172,17.916550810448324,64132,4.06087546146312,20.041257885773227
05035,Arkansas,Crittenden,47266,61.223712605255365,52.485930690136676,42.28620996064824,15.27736639444844,55358,10.229663786542508,16.987285064892284
05037,Arkansas,Cross,16543,28.404763344012572,51.961554736142176,36.7164359547845,18.878075318865985,50863,10.707850707850708,18.354210160055672
05039,Arkansas,Dallas,6242,47.93335469400834,50.81704581864787,30.951618071131048,25.472604934315925,42500,8.248175182481752,11.349557522123893
05041,Arkansas,Desha,10786,57.52827739662525,53.49527164843315,37.34470610050065,20.100129797886147,37662,7.985074626865671,12.627429658828326
05043,Arkansas,Drew,17046,35.31033673589113,51.39622198756307,41.03015370174821,18.22715006453127,42824,5.893882122357553,25.60832202623247
05045,Arkansas,Faulkner,127717,23.053313184619117,51.30170611586555,44.48037457816892,13.737403791194595,67289,3.388517306263144,34.95747585705875
05047,Arkansas,Franklin,17326,13.921274385316861,50.24241025049059,34.86090268959945,20.679903035899805,55886,4.87480021310602,14.508196721311476
05049,Arkansas,Fulton,12302,7.714192814176557,51.31685904730938,31.125020321898877,26.012030564135912,42241,4.595336076817558,15.962856511165155
05051,Arkansas,Garland,100035,20.75173689208777,51.749887539361225,32.09776578197631,24.693357324936272,57181,5.68949104513958,25.32957715661069
05053,Arkansas,Grant,18242,8.880605196798596,49.19416730621642,35.63753974344918,18.46836969630523,71549,4.543845155198867,21.51583534355303
05055,Arkansas,Greene,46432,11.64067884217781,50.65041350792557,38.585458304617504,16.223725017229498,57839,5.877180804294507,16.896573644396415
05057,Arkansas,Hempstead,19508,48.52368259175722,51.732622513840475,38.69181874102932,18.664137789624768,46787,5.577740564214865,16.335843029888206
05059,Arkansas,Hot Spring,33180,19.415310427968656,47.70042194092827,33.86980108499096,20.051235684147077,55405,3.722479721900348,17.523801604789423
05061,Arkansas,Howard,12583,37.14535484383692,51.73646984026067,39.31494874036398,18.84288325518557,45603,5.378120411160059,16.223692122669874
05063,Arkansas,Independence,38175,17.891290111329404,50.44662737393582,39.41322855271775,17.571709233791747,56609,3.8791106993978692,18.13678871453479
05065,Arkansas,Izard,14009,12.606181740309797,46.76993361410522,30.351916625026767,25.14811906631451,49405,7.172131147540983,19.719378081152826
05067,Arkansas,Jackson,16712,24.85639061752034,49.48539971278124,35.72881761608425,17.939205361416946,44218,9.776317847645863,14.723926380368098
05069,Arkansas,Jefferson,64802,63.298972253942786,50.12653930434246,37.90623746180673,18.596648251597173,51096,8.132463101683602,20.05360843319218
05071,Arkansas,Johnson,26003,23.301157558743224,50.33265392454717,38.98396338883975,17.005730108064455,45995,4.611467370803471,17.847206121029448
05073,Arkansas,Lafayette,6136,42.34028683181226,48.696219035202084,31.111473272490223,25.814863102998697,41278,5.299739357080799,9.012016021361816
05075,Arkansas,Lawrence,16238,8.25840620766104,50.763640842468284,38.26825963788644,18.94937800221702,44882,5.785123966942149,14.525854193312625
05077,Arkansas,Lee,8359,60.37803565019739,43.77317860988156,33.60449814571121,20.421103002751526,34375,19.1015625,7.238288516827329
05079,Arkansas,Lincoln,12950,38.27027027027027,36.285714285714285,33.77606177606177,14.77992277992278,51778,2.690693655887435,11.967814218781829
05081,Arkansas,Little River,11821,28.356315032569157,53.091954995347265,35.06471533711192,21.32645292276457,53344,7.315233785822021,17.16686674669868
05083,Arkansas,Logan,21277,11.787376039855246,50.773135310429105,33.9850542839686,19.937021196597264,58555,5.642317380352645,16.702748802729122
05085,Arkansas,Lonoke,75272,16.959825698799026,50.47826549048783,39.144701881177596,14.650866191943884,72828,4.436002011285547,22.076026275817174
05087,Arkansas,Madison,17329,31.70985053955797,50.089445438282645,35.65122049743205,19.70684978937042,56798,5.30189620758483,12.86415711947627
05089,Arkansas,Marion,17228,8.642906895751102,50.150917111678666,27.983515207801254,28.98188994659856,48619,4.945308889231243,14.879999999999999
05091,Arkansas,Miller,42360,34.20915958451369,50.20774315391879,37.9438149197356,17.10576015108593,48836,7.099689353290031,14.979518155939736
05093,Arkansas,Mississippi,39126,44.19567550989112,50.656852221029496,41.26156519961151,15.552318151612738,52548,6.901771697690065,13.699379076033896
05095,Arkansas,Monroe,6589,47.24540901502504,52.72423736530581,33.965700409773866,23.463348004249507,43214,9.82791586998088,12.713883474117393
05097,Arkansas,Montgomery,8553,10.744767917689702,50.50859347597334,30.11808722085818,27.25359522974395,48906,5.782312925170068,16.7469318005282
05099,Arkansas,Nevada,8159,37.39428851574947,49.78551293050619,34.820443681823754,21.69383502880255,53886,4.617604617604617,13.840892728581714
05101,Arkansas,Newton,7112,7.536557930258714,48.74859392575928,29.26040494938133,27.727784026996627,48986,4.085541015001596,15.677556543591725
05103,Arkansas,Ouachita,22085,46.08557844690967,51.79533620104143,35.259225718813674,21.367443966493095,49268,5.159400698434156,16.286540314808867
05105,Arkansas,Perry,10101,10.622710622710619,49.94554994554994,33.6006336006336,21.087021087021085,55764,4.127358490566038,16.46863774523349
05107,Arkansas,Phillips,15450,67.10679611650485,53.54692556634304,39.13268608414239,20.71197411003236,40134,14.505798857538515,14.998036906164113
05109,Arkansas,Pike,10115,16.628769154720715,51.25061789421651,36.12456747404844,20.988630746416213,49269,3.875968992248062,19.12599318955732
05111,Arkansas,Poinsett,22543,15.792041875526774,51.19105709089296,37.77225746351417,18.497981635097368,46707,6.382758263392395,11.371759048671128
05113,Arkansas,Polk,19361,13.72346469707143,51.717369970559375,35.106657713961056,22.720933836062187,49191,7.262438104220703,17.757907182973693
05115,Arkansas,Pope,64131,19.42430337902107,50.273658605042804,40.858555144937704,16.488125867365238,57344,5.147134567180579,24.66184784942389
05117,Arkansas,Prairie,8064,16.567460317460313,49.51636904761905,33.023313492063494,23.561507936507937,51646,3.0404463040446306,18.23194899190074
05119,Arkansas,Pulaski,399818,51.84659019854034,52.178741327303925,39.239103792225464,16.67383659565102,62873,4.745502469483328,37.93155523796544
05121,Arkansas,Randolph,18838,11.126446544219126,49.80889691050005,37.7694022720034,19.32795413525852,50911,5.270546197039306,12.083981337480559
05123,Arkansas,St. Francis,22400,60.72767857142858,44.410714285714285,36.138392857142854,17.892857142857142,42574,9.226932668329177,14.248037676609105
05125,Arkansas,Saline,127479,21.72514688693824,50.9307415338997,36.37540300755418,18.390480000627555,79046,3.902029435528588,29.353374288553617
05127,Arkansas,Scott,9816,16.880603096984515,47.96251018744906,35.4319478402608,20.15077424612877,43270,6.171003717472119,13.000877449546651
05129,Arkansas,Searcy,7859,11.579081308054462,49.904568011197355,31.123552614836495,25.55032446876193,44426,3.6703155183515777,15.006064806792581
05131,Arkansas,Sebastian,128900,33.792862684251354,50.796741660201704,39.40341349883631,17.035686578743213,57790,5.4636085228383395,23.320531894036375
05133,Arkansas,Sevier,15712,47.31415478615071,48.45341140529531,44.46919551934827,15.650458248472505,53527,4.903395784543325,9.347826086956522
05135,Arkansas,Sharp,17773,9.103696618466216,51.11123614471389,32.27930006189163,25.493726438980477,44637,8.142726440988106,13.905692570187684
05137,Arkansas,Stone,12568,10.168682367918525,50.22278803309994,30.58561425843412,28.22246976448122,40943,3.225047080979284,15.766202954815054
05139,Arkansas,Union,37900,40.61741424802111,50.715039577836414,37.94459102902375,19.229551451187334,55259,5.475657196746434,19.08069931689244
05141,Arkansas,Van Buren,15998,8.36979622452807,49.51868983622953,29.4099262407801,27.109638704838105,50354,3.7846930193439867,15.00418410041841
05143,Arkansas,Washington,256765,40.09191283858782,49.72718244308999,46.07754172102896,12.340856425135824,70639,3.4278200545609807,35.24939057506978
05145,Arkansas,White,77838,14.988822939952207,51.056039466584444,39.41262622369537,16.958298003545824,55249,5.813125124668737,20.36148090564571
05147,Arkansas,Woodruff,6026,30.816461998008627,48.50647195486226,34.11881845336873,24.80916030534351,48158,4.9753133308013675,16.162326999765423
05149,Arkansas,Yell,20134,26.869971193006858,49.63246250124168,37.58319260951624,17.671600278136484,55934,3.3794657225619567,14.8940816772221
06001,California,Alameda,1649473,72.59130643544938,50.35802344142645,34.64791481885426,15.408618389024857,129367,5.3758271497643,52.245946746033546
06003,California,Alpine,1616,42.883663366336634,50.24752475247525,41.08910891089109,21.10148514851485,105521,4.4205495818399045,41.097122302158276
06005,California,Amador,41428,27.384860480834217,45.264072607898036,25.7482861832577,27.573138939847446,88044,5.4007069594946975,22.4212927756654
06007,California,Butte,207929,34.88161824468929,50.20607995998634,41.60891458141962,18.384640911080226,67928,7.459575355111522,31.92443116252922
06009,California,Calaveras,46248,23.592371562013494,50.18595398719945,26.487631897595573,29.22720982528974,78647,4.515497888991865,23.871704206921514
06011,California,Colusa,21984,70.20560407569141,47.15702328966521,41.89865356622999,15.511280931586608,75672,9.776430466085639,16.38843503587412
06013,California,Contra Costa,1165012,61.889662939094194,50.81887568540066,35.69800139397706,17.10454484589,127229,6.489599421642404,45.23103539536753
06015,California,Del Norte,27107,40.12985575681558,46.412365809569486,33.55959715202715,20.481794370457816,67058,6.39963167587477,21.39180460234154
06017,California,El Dorado,192662,26.9082642140121,50.13962275902877,30.74970674030167,23.488804227092007,108845,4.49267393343468,40.02148333286529
06019,California,Fresno,1016725,73.75170277115248,49.87159753128919,44.69615677788979,12.932503872728613,74201,8.693252234380486,24.272755708476698
06021,California,Glenn,28494,52.533866778971,48.88748508457921,41.763178212957115,17.172036218151188,67139,8.01583744210369,15.121340733485688
06023,California,Humboldt,134541,30.493306872997827,50.482009201656,37.53651303320178,19.815520919273677,61160,9.018363467852149,33.12981694273952
06025,California,Imperial,180202,90.89188799236413,48.59047069399896,45.12879990233183,13.707395034461326,57681,12.522474435329812,16.06727757384288
06027,California,Inyo,18739,41.971289823363044,49.23421740754576,31.725278830247078,24.947969475425584,73991,2.480762604800735,31.496005809731297
06029,California,Kern,915075,70.44438980411442,49.122749501406986,45.83056033658443,11.863508455591072,70210,8.626965073956478,18.771437037878236
06031,California,Kings,153298,71.96245221725006,44.71552140275803,45.6600868895876,10.818145050816058,70995,10.803204156743885,13.644815157212452
06033,California,Lake,68152,35.96959737058341,49.929569198262705,33.253609578589035,23.902453339593848,60621,11.058423864963375,17.829964814663285
06035,California,Lassen,30356,38.69745684543419,38.19343787060219,34.98155224667281,16.510739227829752,67403,8.319816811372961,13.085701499216826
06037,California,Los Angeles,9808667,75.27509089665293,50.476084059128524,37.06174345606799,15.167198560212107,90112,7.270717386422021,36.01258665177108
06039,California,Madera,160940,70.05405741270039,50.85062756306698,43.66037032434448,14.382999875730086,76627,10.118530110705384,17.908182373696558
06041,California,Marin,257969,34.94722234066884,50.81695862681175,30.42536118680927,23.77998906845396,149091,6.093930008827446,61.12683330434828
06043,California,Mariposa,17082,25.95129375951294,49.133590914412835,26.478164149397028,29.697927643133124,68412,5.964998767562238,31.81205035971223
06045,California,Mendocino,90244,38.86574176676566,50.42772926731971,32.971721111652855,24.549000487567042,68092,9.02014652014652,25.153242284116573
06047,California,Merced,290201,76.80056236884091,49.26550907819063,47.18315925858285,11.716362107642635,65510,10.556961039971977,15.331912914137384
06049,California,Modoc,8600,25.232558139534888,50.94186046511628,30.441860465116278,31.651162790697676,59455,7.600950118764845,24.81683554169914
06051,California,Mono,13148,35.06236689990874,45.54304837237603,27.28171585031944,17.470337693945847,99415,3.0664613805491405,32.15229519428404
06053,California,Monterey,437613,73.13905208483294,48.98643321839159,42.364372173587164,14.868845303955778,97230,5.199281247462032,28.21422225381144
06055,California,Napa,134869,51.44992548324671,50.00037073011589,33.614099607767535,21.098250895313228,111471,5.201075405036386,39.79286300246103
06057,California,Nevada,102481,19.327485094798057,50.5625433007094,26.843024560650267,29.305920121778673,89882,5.437722725516294,41.545310495736814
06059,California,Orange,3165820,63.09963927197377,50.45792243399814,36.927304774118554,16.26194793134164,116289,5.404496566674014,44.077348250633364
06061,California,Placer,419156,34.49598717422631,50.80089513212265,34.04937541154129,20.474954432240025,115998,4.7961479527513236,43.17561006749969
06063,California,Plumas,19423,19.16799670493744,48.84930237347475,26.005251505946557,31.478144467898883,66031,9.15245410753808,22.549407114624508
06065,California,Riverside,2478600,69.039619139837,49.83514887436456,40.160977971435486,15.447752763656903,93074,6.501091643492151,25.567890122345567
06067,California,Sacramento,1594006,59.43691554485993,50.75576879886274,38.288626266149564,15.267822078461435,92175,6.712112225881138,34.13246170052233
06069,California,San Benito,67290,70.82924654480607,49.62104324565314,40.42651211175509,13.722692822113242,114394,5.381255531131348,24.088480010823243
06071,California,San Bernardino,2197104,75.34372519461982,49.96813987867666,42.733616615326355,12.606776920892228,85478,7.108856666768582,23.296767921483553
06073,California,San Diego,3288774,57.591856418227586,49.45721414727798,38.31722702745765,15.438397408882459,106268,6.11003774156734,43.15979109181484
06075,California,San Francisco,830235,63.18548362812939,48.66525742711401,29.81565460381699,17.646810842713208,140970,6.092709487404931,60.33867365411525
06077,California,San Joaquin,797334,73.19454582395835,49.9451923535181,42.28416196976424,13.511276328364273,92179,7.565146879952821,22.74954113976406
06079,California,San Luis Obispo,281555,35.49928077995418,49.577879987924206,37.83488128429614,22.140611958587133,97446,5.478548811326633,39.84145162646045
06081,California,San Mateo,742340,65.29959317832798,50.17444836597785,33.39494032384083,17.81420912250451,158855,4.775296534999722,53.6726817181124
06083,California,Santa Barbara,443701,59.39067074448785,49.882691271824946,44.148424276708866,16.61253862398327,98161,6.417506091130587,36.811153741144686
06085,California,Santa Clara,1902047,72.78658203503909,49.034224706329546,36.84046713882464,14.82665780603739,164281,4.866592794830495,56.49641570410001
06087,California,Santa Cruz,264926,46.08645433064328,50.16457425847218,38.49074835991937,18.976997350203455,111093,6.118630459094429,43.93609945054024
06089,California,Shasta,181436,24.693555854405957,50.78815670539474,34.87841442712582,21.50014330121916,72636,6.320050570129586,23.765487171927973
06091,California,Sierra,2746,13.98397669337218,53.423160961398395,24.326292789512017,35.069191551347416,63355,12.630732099758648,25.811068702290076
06093,California,Siskiyou,43466,26.7036304237795,49.99539870243409,30.87010536971426,27.840150922560163,59095,7.891708226009755,23.327631783548437
06095,California,Solano,451918,66.79463973552724,50.10776291274081,36.748923477268,17.423072327280615,100401,6.456333331823186,28.757037267021712
06097,California,Sonoma,485040,42.07364341085271,50.799315520369454,32.67689262741217,21.5217301665842,104674,5.705099649435417,38.486611158260985
06099,California,Stanislaus,553990,63.747721077997795,50.10613909998376,42.913951515370314,13.76757703207639,81468,7.983494797273053,19.649967406671614
06101,California,Sutter,98857,59.308900735405686,50.00859827832121,40.609162730003945,16.40349191256057,79704,7.159619312502716,20.91489231146837
06103,California,Tehama,65167,38.593152976199605,50.27544616140071,37.24124173277886,20.07918118065892,63784,5.850947918936588,19.290659377590572
06105,California,Trinity,15860,22.610340479192935,51.54476670870113,26.034047919293823,30.23329129886507,53002,8.385148338958963,22.405906428055534
06107,California,Tulare,478693,74.54589893731473,49.93910502138114,46.883284276143584,11.928522038133,71300,9.311500366667595,16.642219055233063
06109,California,Tuolumne,54498,22.039340893243786,48.368747476971635,28.850600022019158,28.145987008697567,77404,8.220794545692932,24.60947810437912
06111,California,Ventura,837469,58.051223388567216,50.25415866139523,37.13868811860499,17.408763787077493,109797,5.729444199893427,36.134191904409356
06113,California,Yolo,220564,58.21575597105601,51.34292087557353,47.49324459113908,13.470920005077891,91752,6.124961803246275,44.80748125114322
06115,California,Yuba,84507,51.01470884068775,49.32372466186233,43.48278840806087,13.087673210503272,76373,6.8313518513480425,17.741875511266453
08001,Colorado,Adams,530225,54.81276816445848,49.19156961667217,41.773775284077516,11.301805837144608,94571,4.627320122329908,29.0199877684231
08003,Colorado,Alamosa,16581,54.77956697424764,50.075387491707374,45.55816898860141,15.119715336831312,55397,3.662783715623874,32.44196297384661
08005,Colorado,Arapahoe,659844,44.83120252665782,50.08517164663163,38.291778056631564,14.417498681506538,101087,4.965520899639295,46.49674558673548
08007,Colorado,Archuleta,13900,22.61870503597122,49.194244604316545,24.712230215827336,28.755395683453237,83065,1.3368983957219251,40.8704306912776
08009,Colorado,Baca,3428,17.18203033838973,50.61260210035006,32.730455075845974,25.787631271878645,46215,0.5787781350482315,24.701195219123505
08011,Colorado,Bent,5549,46.27860875833484,37.28599747702289,31.483150117138223,18.886285817264373,50179,5.773420479302832,15.71461879225927
08013,Colorado,Boulder,328961,25.463200804958642,49.5836892519174,39.81991786260377,16.397688479789398,103994,4.830977456511015,64.15566403328666
08014,Colorado,Broomfield,76304,27.611920738100228,49.613388551058925,36.528884462151396,15.59682323338226,123874,3.7852687518295842,60.33454998991215
08015,Colorado,Chaffee,20178,15.77460600654178,46.92734661512539,23.223312518584596,26.300921796015462,84132,4.7933380725093935,46.984665737317414
08017,Colorado,Cheyenne,1741,21.65422171165996,47.84606547960942,31.820792647903502,19.64388282596209,70865,0.411522633744856,26.128266033254157
08019,Colorado,Clear Creek,9262,14.240984668538115,47.916216799827254,23.93651479162168,22.69488231483481,94577,4.7981169654173454,57.495614626905954
08021,Colorado,Conejos,7530,53.97078353253653,49.7742363877822,38.48605577689243,20.57104913678619,50978,4.765909728062798,25.70648996297018
08023,Colorado,Costilla,3607,62.71139451067369,48.68311616301636,26.143609647906846,28.52786248960355,36861,3.5205992509363297,24.8546511627907
08025,Colorado,Crowley,5647,44.34212856383921,29.945103594829114,31.432619089782186,15.477244554630778,48826,3.9077514413837284,12.437698232895332
08027,Colorado,Custer,5247,11.1492281303602,49.285305889079474,23.232323232323232,33.123689727463315,72674,3.7334593572778827,43.70956146657081
08029,Colorado,Delta,31598,20.241787454902205,49.9113867966327,30.359516425090195,28.397366921957087,57774,3.1540887760596967,26.63932675466701
08031,Colorado,Denver,718877,45.98964774224241,49.507773930728064,37.61032833155046,12.479325392243735,94718,4.883611321454339,56.527933359897155
08033,Colorado,Dolores,2432,17.269736842105267,49.588815789473685,21.34046052631579,31.949013157894736,64907,2.4817518248175183,28.1003937007874
08035,Colorado,Douglas,377150,22.954527376375445,49.65345353307703,36.83494630783508,13.91303195015246,149594,3.5826810017215056,62.02235929067078
08037,Colorado,Eagle,55135,37.77636709893897,47.07354674888909,34.065475650675616,14.275868323206675,104096,4.734121345868981,50.9374688341478
08039,Colorado,Elbert,27874,17.238286575303153,49.06005596613331,32.072899476214396,18.820406113223793,132685,3.39005851886729,36.08702116061252
08041,Colorado,El Paso,742999,34.44419171492829,49.19252919586702,41.761563609103106,14.03595428796001,90363,5.41996401661188,41.87802709113633
08043,Colorado,Fremont,49634,22.230728935810127,41.94906717169682,29.19168312044163,22.909698996655518,62664,4.258153911745897,21.97444831591173
08045,Colorado,Garfield,62479,38.45772179452296,48.529906048432274,39.24038476928248,14.760159413562958,91131,3.3743459199547448,33.6067919488696
08047,Colorado,Gilpin,5901,15.234705982036944,44.433146924250124,24.8771394678868,22.284358583290967,95361,3.0989956958393114,52.81823939202026
08049,Colorado,Grand,15895,23.22113872286883,47.19723183391003,28.562441019188423,20.918527838943064,88612,4.116549149730402,42.679102677494576
08051,Colorado,Gunnison,17241,15.903949886897518,45.229395046691025,39.19726233977148,15.097732150107303,84527,4.668619553277188,64.66403839561194
08053,Colorado,Hinsdale,1005,13.432835820895528,51.04477611940298,29.950248756218905,30.945273631840795,75972,0,47.68637532133676
08055,Colorado,Huerfano,6972,37.119908204245554,46.68674698795181,25.415949512335054,34.76764199655766,52526,7.959022852639874,26.368981991914737
08057,Colorado,Jackson,1372,13.411078717201164,47.74052478134111,25.510204081632654,32.5801749271137,47667,9.228650137741047,31.26142595978062
08059,Colorado,Jefferson,579377,24.77644090117488,49.67214784156085,32.94279890295956,17.888697687343473,110656,3.9224899335644996,51.987727688877804
08061,Colorado,Kiowa,1376,16.860465116279066,51.81686046511628,33.575581395348834,22.0203488372093,58618,0.14492753623188406,20.12133468149646
08063,Colorado,Kit Carson,7023,25.131710095400827,48.54050975366653,37.94674640467037,19.849067350135268,70259,2.4223425477343974,20.445471737760034
08065,Colorado,Lake,7380,41.69376693766937,49.295392953929536,36.517615176151764,15.121951219512194,96575,2.199444800341661,49.49514563106796
08067,Colorado,La Plata,56331,23.9370861514974,49.49672471640837,32.03387122543538,20.819797269709397,86056,3.8212584195827173,49.28773550680823
08069,Colorado,Larimer,367368,20.7756255308029,50.044914091592084,40.20382831384334,17.356982644106182,93765,4.754737501395882,52.95435192322439
08071,Colorado,Las Animas,14413,45.84749878581837,47.67917851939222,30.972039131339763,26.025116214528552,52074,5.6415929203539825,19.287917017101204
08073,Colorado,Lincoln,5550,25.891891891891895,41.96396396396396,31.45945945945946,18.27027027027027,62861,1.3966480446927374,26.075525812619503
08075,Colorado,Logan,20892,24.473482672793413,44.6247367413364,35.97549301167911,19.107792456442656,51829,5.437945219223438,20.12049788135593
08077,Colorado,Mesa,158601,21.614617814515668,50.535620834673175,35.220458887396674,21.066701975397383,73658,5.419401988332094,32.31207916570434
08079,Colorado,Mineral,729,14.677640603566534,49.382716049382715,20.713305898491083,32.647462277091904,56250,9.090909090909092,51.68000000000001
08081,Colorado,Moffat,13207,23.54054667979102,49.5873400469448,37.639130763988796,16.61240251381843,73849,4.540733046446061,19.379167122089846
08083,Colorado,Montezuma,26412,29.467666212327725,50.098440102983496,31.368317431470544,24.984855368771772,65244,3.864039908683521,31.320911835120224
08085,Colorado,Montrose,43807,26.890679571757936,49.97374848768462,31.549752322688153,26.023238295249616,72120,4.399011675790901,28.710949727665437
08087,Colorado,Morgan,29520,45.36585365853658,47.642276422764226,40.210027100271006,16.043360433604335,73278,5.311417510018338,17.82097603175411
08089,Colorado,Otero,18321,47.617488128377275,50.12280989028983,36.7665520441024,21.254298346160144,54037,6.729822834645669,18.167343364381814
08091,Colorado,Ouray,5087,10.851189306074305,49.931197169254965,18.675054059367014,35.77747198741891,91020,3.5194174757281553,56.47573038877387
08093,Colorado,Park,17907,14.67582509633104,47.847210588038195,21.55581616127771,23.80074831071648,103670,3.3151489718841796,41.61507585550037
08095,Colorado,Phillips,4496,30.62722419928826,50.68950177935943,35.20907473309609,20.551601423487543,64674,2.91906236178682,31.508593252705285
08097,Colorado,Pitkin,16985,19.74683544303798,49.461289372976154,26.588166028848985,22.81424786576391,102645,2.5122669283611385,62.780756412114194
08099,Colorado,Prowers,11910,44.97900923593618,49.59697732997481,41.72124265323258,18.816120906801007,53508,4.136819484240688,19.252533228056322
08101,Colorado,Pueblo,169356,49.040482770022905,50.368454616311205,36.50653062188526,19.725902831904392,64010,4.781558551863255,25.605080480348608
08103,Colorado,Rio Blanco,6544,18.016503667481665,48.808068459657704,40.220048899755504,17.466381418092908,65473,2.432859399684044,24.65105808194507
08105,Colorado,Rio Grande,11321,45.29635191237523,49.17410122780673,32.98295203603922,22.771839943467892,64411,10.147441457068517,34.48107448107448
08107,Colorado,Routt,25084,19.881199170786157,47.24126933503428,29.632435018338384,18.485887418274597,106489,2.4094772772906765,54.185924369747895
08109,Colorado,Saguache,6580,45.075987841945285,48.79939209726444,26.62613981762918,26.656534954407295,50082,10.328927144174608,31.309660175639557
08111,Colorado,San Juan,724,23.756906077348063,42.95580110497237,31.906077348066297,18.50828729281768,77824,9.406952965235174,52.12224108658744
08113,Colorado,San Miguel,7968,16.039156626506024,41.02660642570281,28.752510040160644,18.586847389558233,79024,2.687464762262733,64.85792262000321
08115,Colorado,Sedgwick,2304,27.256944444444443,48.48090277777778,33.463541666666664,24.17534722222222,52386,2.9411764705882355,27.200000000000003
08117,Colorado,Summit,31017,25.547280523583836,44.727085146854954,31.476287197343392,15.71396331044266,109773,4.966788936254585,54.99812959807141
08119,Colorado,Teller,24825,16.088620342396776,48.37462235649547,25.23262839879154,25.07150050352467,85361,3.7189748564960787,37.86093552465234
08121,Colorado,Washington,4831,16.725315669633613,48.00248395777272,34.54771268888429,22.47981784309667,67167,3.0977312390924956,24.86910994764398
08123,Colorado,Weld,350396,37.959908218130344,49.229443258484686,41.29185264671971,12.943355517757052,97097,4.776018291133881,33.172717634995394
08125,Colorado,Yuma,9979,33.149614189798584,48.45174867221164,40.855797174065536,18.438721314760997,60545,4.4646464646464645,25.326847065977496
09110,Connecticut,Capitol,977290,40.03356219750535,51.000317203695936,36.73464375978471,18.04019277798811,93394,5.236901138243313,42.08953515166905
09120,Connecticut,Greater Bridgeport,329259,48.074008607205876,50.950467565047575,38.01931002645334,16.03631183961562,89667,7.332220933849939,41.74289429518877
09130,Connecticut,Lower Connecticut River Valley,175822,20.805701220552606,50.66772076304444,31.077453333485003,22.221337489051425,104428,3.8399361545387576,45.999116500121865
09140,Connecticut,Naugatuck Valley,454969,40.1882326048588,51.09930566697951,34.57905923260706,19.182186039048815,86191,5.977505734557802,33.818176247089106
09150,Connecticut,Northeastern Connecticut,96312,13.733491153750311,49.99792341556608,31.69906138383587,19.762854057645985,90589,6.000413432807773,26.09259517501046
09160,Connecticut,Northwest Hills,113216,18.1997244205766,50.13778971170153,30.332285189372527,23.066527699265123,93551,5.408642175109241,39.36677631578947
09170,Connecticut,South Central Connecticut,570598,41.53887675736683,51.66439419696529,36.61439402171056,18.58856848429192,88197,6.035298286449918,42.03661493270749
09180,Connecticut,Southeastern Connecticut,279971,29.40483121466152,49.96053162648989,35.76441845762597,19.529165520714646,86586,5.009724223811056,35.803657848040004
09190,Connecticut,Western Connecticut,627071,41.40759180379893,50.855325792454124,35.74523459066039,17.41700700558629,128188,5.301869533727497,55.53391548666209
10001,Delaware,Kent,187604,43.45642950043709,51.91467132896953,38.959190635594126,18.279994029978038,74477,5.772187745439662,27.537423788323302
10003,Delaware,New Castle,577961,47.659963215511084,51.48046321464597,36.78587309524345,17.05270770865162,91166,4.839484844745507,39.68263424005719
10005,Delaware,Sussex,255626,27.664243856258754,51.48459076932706,28.843310148419956,30.219539483464125,81497,5.330297306388594,32.98676358229913
11001,District of Columbia,District of Columbia,681294,63.5411437646596,52.469565268445045,38.95616283131805,12.793155377854495,109870,6.347557229412146,64.24663390050294
12001,Florida,Alachua,285492,42.40364003194485,51.78393790368907,46.54351085144242,15.287643786866182,61949,4.371980340011974,48.76158682085169
12003,Florida,Baker,28430,22.44460077383046,46.09215617305663,39.539219134716845,15.247977488568413,79836,4.503654798396605,17.823343848580443
12005,Florida,Bay,186393,27.31325747211537,50.34845729185109,35.11612560557532,18.282875429871293,73533,3.885003885003885,29.641274832070884
12007,Florida,Bradford,27885,27.114936345705576,45.701990317374936,34.018289402904784,18.174645866953558,63050,4.72002871500359,15.165523411869966
12009,Florida,Brevard,632780,29.792977022029778,50.73864534277316,30.602263029804988,24.499826163911628,78476,4.842573008893841,34.21234667881426
12011,Florida,Broward,1977129,69.28040608377096,50.92854335756544,34.36948221385656,17.925537483897106,77633,5.430218343227391,36.71688828099663
12013,Florida,Calhoun,13492,24.466350429884375,44.433738511710644,32.73050696709161,18.573969759857693,50517,8.014796547472256,13.58524972140614
12015,Florida,Charlotte,201064,18.705984164246214,50.810687144391835,20.35073409461664,40.54828313372857,69952,5.374523910283538,27.04577887376925
12017,Florida,Citrus,162472,14.738539563740217,50.885075582254174,23.98874883056773,36.48074745186863,56546,6.354239663629993,20.616090043929496
12019,Florida,Clay,227584,32.223267013498315,50.57473284589426,36.12204724409449,17.139166197975253,87820,3.7816618707591743,28.260429963474593
12021,Florida,Collier,398291,38.63808120193527,50.71442739102817,26.97776249023955,33.824766314076896,90045,3.9206927358944403,40.290218036600045
12023,Florida,Columbia,71789,29.737146359470113,48.2970928693811,35.306244689297806,20.270514981403835,59205,5.327396207073296,16.810353409656546
12027,Florida,DeSoto,35386,45.060193296784036,44.91889447804216,32.19069688577404,23.78624314700729,54417,9.502598366740905,10.802975395765783
12029,Florida,Dixie,17058,16.977371321374136,46.271544143510376,29.059678743111736,23.924258412475083,50110,3.2670454545454546,10.725453408380238
12031,Florida,Duval,1023153,51.60596704500695,51.485554946327674,38.80964039591342,15.313643218560665,71277,4.475276464770708,34.43419645314216
12033,Florida,Escambia,325923,38.28726416975788,50.68405727733238,38.97607717160188,17.90576301764527,67500,5.873017963440973,29.678958220098018
12035,Florida,Flagler,126528,27.56544006069803,51.64785660091047,26.561709661102682,31.31954982296409,77363,4.35534502528243,31.31266953155954
12037,Florida,Franklin,12553,21.56456623914602,44.682546004939056,25.762765872699752,26.495658408348604,64105,8.471923302680493,27.930023258165637
12039,Florida,Gadsden,43710,68.67307252345,51.85312285518188,35.58682223747426,19.908487760237932,48801,5.0289673296302935,21.34364238840881
12041,Florida,Gilchrist,19040,14.873949579831935,48.64495798319328,35.6985294117647,20.225840336134453,63523,3.4733750478866043,15.30421799178798
12043,Florida,Glades,12563,45.403168033113104,42.43413197484677,25.925336305022686,25.95717583379766,45870,7.1298405466970385,13.437974683544304
12045,Florida,Gulf,15131,23.375850902121474,42.34353314387681,27.142951556407375,23.73934307051748,61179,2.6263358087303024,23.509270085184568
12047,Florida,Hamilton,13616,45.51997649823737,43.933607520564046,34.540246768507636,19.690070505287895,50144,6.71061926065458,10.966561642443336
12049,Florida,Hardee,25675,53.60467380720546,45.351509250243424,42.09931840311587,16.11684518013632,60489,5.91463991672187,12.095952023988007
12051,Florida,Hendry,42382,71.73092350526167,44.57552734651503,42.34580718229437,13.810108064744467,56393,4.385290044622249,12.180406871942022
12053,Florida,Hernando,207018,27.923658812277196,51.36896308533557,30.282390903206483,26.372585958708903,66058,5.3159556780521555,21.084550885854046
12055,Florida,Highlands,105702,36.89523377041115,51.09080244460843,26.936103384987984,35.99837278386407,54897,6.36254807569853,20.459716966208735
12057,Florida,Hillsborough,1522748,55.16710578506752,50.70694560097928,37.92748373335575,15.049371268259751,79540,4.511160188787121,38.089559143617706
12059,Florida,Holmes,19513,15.815097627222874,47.327422743811816,33.844103930712855,21.211500025623945,49343,4.484942484166989,12.507042253521128
12061,Florida,Indian River,166936,27.54169262471845,51.57904825801505,25.218047635021804,34.84628839794892,73491,4.49465605049853,33.8272560355685
12063,Florida,Jackson,48250,36.37512953367875,45.42176165803109,32.97823834196891,20.887046632124353,49149,4.517580872011251,15.13074024759908
12065,Florida,Jefferson,15091,39.71903783712146,46.3123716122192,29.1498243986482,24.47816579418196,61212,7.423644600321496,19.164597374955658
12067,Florida,Lafayette,8161,32.79009925254258,40.325940448474455,32.545031246170815,21.41894375689254,62757,10.874549623321323,9.88681757656458
12069,Florida,Lake,412924,36.3684358380719,51.31501196346059,30.760624231093374,26.60610669275702,73161,4.9991336928508,27.848084806205076
12071,Florida,Lee,817666,37.98849407948966,50.834937492814916,29.559257692016054,28.929783065457045,76107,4.012792775844229,31.20474272771511
12073,Florida,Leon,297542,46.8058290930356,52.70213952988149,47.22661002480322,14.790516969032943,66287,5.688459970096507,48.90519117885701
12075,Florida,Levy,45391,23.658875107400146,51.01892445639003,30.9995373532198,25.11731400497896,56750,4.078485589705413,16.53475618793538
12077,Florida,Liberty,7687,23.351112267464547,42.78652270066346,34.304670222453495,14.114739170027319,58671,6.575637800934244,16.502981410031566
12079,Florida,Madison,18089,46.25462988556581,48.34982586102051,30.33335176073857,22.903421969152525,48485,5.808673868795992,13.909386068476978
12081,Florida,Manatee,429792,32.395903134539495,51.47396880351426,28.98867359094632,28.511233340778794,78457,4.566352138124874,35.43041192178166
12083,Florida,Marion,400078,34.510020545993534,51.67492338993896,30.49055434190333,28.691655127250186,61010,4.844349784268374,23.37394025300206
12085,Florida,Martin,162176,25.241096093133386,50.476026045777424,26.55448401736385,32.1903364246251,82943,4.886511293577728,37.13531217040309
12086,Florida,Miami-Dade,2738356,87.42479064080784,50.92968189672928,34.661417288329204,16.94067535411758,71753,4.602747711161575,34.38848737785016
12087,Florida,Monroe,81860,36.27901294893721,48.46689469826533,26.44881505008551,24.73369166870266,87738,2.9347749771817737,38.62700795443994
12089,Florida,Nassau,97859,16.586108584800584,50.55539091958839,30.58175538274456,23.906845563514853,89804,4.476295005057352,35.55994567230522
12091,Florida,Okaloosa,216599,30.74575598225292,49.26754047802621,38.518645053762945,16.64227443339997,81998,3.8096482937521365,34.81852600034783
12093,Florida,Okeechobee,40816,38.16150529204234,46.54302234417875,35.33173265386123,20.01421011368091,57984,4.42567972212241,15.823417830660457
12095,Florida,Orange,1471937,64.11211892900309,50.781385344617334,39.42818204855235,13.026304794294864,79719,5.5060492022517336,39.31703965118161
12097,Florida,Osceola,427415,72.84840260636618,50.39762291917691,39.57512019933788,13.397283670437396,72637,5.3604031908862435,29.756722240201555
12099,Florida,Palm Beach,1533806,50.40187611731861,51.20738867888116,31.733348285245984,24.839451664682496,83581,5.457934112088201,40.52770747119984
12101,Florida,Pasco,611444,32.485885870169625,51.061094720039776,32.722538777058894,21.949189132610673,70492,4.899037763127858,29.20299524835676
12103,Florida,Pinellas,963481,28.992787610757244,51.72753795871429,27.612583953393994,26.388480935275318,72646,4.4300092914359155,36.759308995656355
12105,Florida,Polk,790694,49.218281661426545,50.69230321717377,37.015204364773226,19.500970033919568,65978,4.828042866485931,23.4551376270593
12107,Florida,Putnam,75164,30.698206588260334,50.55611729019211,33.803416529189505,23.797296578149115,47934,7.380787836903939,14.48697007944168
12109,Florida,St. Johns,306934,22.573582594303666,51.07384649468615,32.304013240631534,21.052408661145392,109839,3.310260206191067,50.910503150081986
12111,Florida,St. Lucie,360500,48.897919556171985,50.86352288488211,32.03023578363384,24.55866851595007,71457,6.058628020480882,26.660819332496562
12113,Florida,Santa Rosa,198472,21.591458744810353,48.82149623120642,35.608045467370715,16.742412027893103,91922,4.476212537366116,31.970344861934276
12115,Florida,Sarasota,459547,19.967489723575603,52.048647907613365,23.656122224712597,37.506936178454,83416,3.7382086840916817,40.81339246551976
12117,Florida,Seminole,481470,45.3135190146842,51.31596984235778,35.451014601117414,16.626581095395352,85761,4.150264142095969,42.73643442408453
12119,Florida,Sumter,143408,16.3728662278255,50.49090706236751,12.301266317081334,57.6829744505188,76508,5.448884276076804,35.328432094079005
12121,Florida,Suwannee,45342,27.4028494552512,47.55193859997353,34.586035022716246,21.231970358607914,56658,6.284138516200881,16.647968087758663
12123,Florida,Taylor,21503,28.507650095335535,47.71892294098498,32.80007440822211,21.243547411989024,49073,5.389064143007361,16.53649167733675
12125,Florida,Union,15701,29.953506146105347,36.48812177568308,35.41812623399783,16.604037959365645,64146,4.756893285624079,11.103158271450301
12127,Florida,Volusia,579622,32.40284185210361,51.040505708893036,30.932918350235152,25.38447470937956,70044,4.131154640175908,28.3648567750167
12129,Florida,Wakulla,35387,23.285387289117477,45.92081837963094,32.58258682567045,16.50606154802611,81895,3.2743518899535595,23.264540337711072
12131,Florida,Walton,82948,18.82022471910112,49.50209769976371,32.499879442542316,20.08246130105608,81986,4.8538085079683775,35.032058185191936
12133,Florida,Washington,25529,24.090250303576322,46.91135571311058,32.80191155156881,18.813897920012536,58210,3.573988735279058,11.481640081361737
13001,Georgia,Appling,18493,32.45011626020656,49.31595738928243,38.51727680744065,18.552965987130264,46651,3.1424227065382664,11.194029850746269
13003,Georgia,Atkinson,8337,46.395585942185434,51.14549598176802,39.83447283195394,14.225740674103395,42347,4.783180026281209,8.948306595365418
13005,Georgia,Bacon,11109,27.752272931857057,50.98568728058331,36.456926816095056,17.850391574399136,44694,2.6387625113739763,10.397052803929595
13007,Georgia,Baker,2790,49.06810035842294,52.61648745519713,27.77777777777778,27.204301075268816,46012,6.723484848484849,16.682242990654206
13009,Georgia,Baldwin,43642,48.57018468447826,49.404243618532604,42.42014573117639,17.221942165803583,54403,6.157873769278925,24.361974011014723
13011,Georgia,Banks,19264,14.41549003322259,50.410091362126245,35.620847176079735,17.395141196013288,77063,2.906180899231336,18.5649369686309
13013,Georgia,Barrow,89886,37.208241550408296,50.522884542642906,40.45457579600828,12.876309992657365,80653,3.748198999915247,21.22179508607722
13015,Georgia,Bartow,113113,26.695428465339965,50.55829126625587,38.33688435458347,14.604864162386287,82243,4.725536992840095,24.26286598735973
13017,Georgia,Ben Hill,17089,46.749370940370994,53.54321493358301,37.05892679501434,17.999882965650418,41758,3.108948364422817,12.95612604104061
13019,Georgia,Berrien,18352,20.91870095902354,50.03269398430689,37.347428073234525,17.556669572798604,52876,3.6744759556103577,15.74574809938083
13021,Georgia,Bibb,156578,65.68227975833132,52.871412331234275,40.82821341440049,16.44867094994188,51234,8.128880976160493,26.292399694712536
13023,Georgia,Bleckley,12430,32.574416733708766,52.107803700724055,40.0402252614642,18.141592920353983,62008,5.889657619301047,19.758064516129032
13025,Georgia,Brantley,18315,9.194649194649196,49.385749385749385,36.04149604149604,17.362817362817363,58239,2.801807617817947,14.53116572925495
13027,Georgia,Brooks,16293,46.63352359909163,52.57472534217148,34.29079972994538,22.021727122076964,46807,5.0138463780789975,15.80135440180587
13029,Georgia,Bryan,48263,30.296500424756022,50.68064562915691,42.552265710792945,10.923481756210762,103408,5.342336951876229,36.13323678493845
13031,Georgia,Bulloch,82683,38.54964140149728,51.60311067571327,49.385000544247305,12.414885768537667,58810,8.236598890942698,32.47499152255002
13033,Georgia,Burke,24470,51.96567225173683,52.55006129955047,39.293011851246426,17.69922353902738,53014,4.970214279363386,15.46158202756277
13035,Georgia,Butts,26496,35.80540458937198,46.40700483091788,37.45471014492754,15.764643719806763,69241,3.236521591005877,14.400909189306201
13037,Georgia,Calhoun,5498,67.2608221171335,37.68643142961077,31.48417606402328,17.31538741360495,46940,5.988771054273237,12.99664911440881
13039,Georgia,Camden,56970,31.953659820958404,48.16570124626997,42.86466561348078,15.339652448657189,74378,5.379238483914384,24.551898870650387
13043,Georgia,Candler,11043,41.49234809381509,49.64230734401884,38.36819704790365,19.10712668658879,49581,2.46379943808083,16.016483516483518
13045,Georgia,Carroll,124569,33.31406690268044,51.23746678547632,42.74097086755132,14.211400910338849,73714,5.897695986088973,23.812747605436037
13047,Georgia,Catoosa,68634,12.16598187487251,51.41183669901215,35.53486610134919,18.65839088498412,74639,4.263520955306939,24.22699615050292
13049,Georgia,Charlton,12818,45.63114370416602,41.886409736308316,41.22327976283351,14.284599781557185,61276,13.955464898861125,12.297264584846285
13051,Georgia,Chatham,300879,54.691420803711786,51.90059791477637,39.03329910030278,16.742943176492876,71097,5.943103628023353,37.693593422412874
13053,Georgia,Chattahoochee,8887,45.94351299651176,32.834477326431866,69.59603915832115,4.467199279846968,61042,9.051412020275164,29.617383089277276
13055,Georgia,Chattooga,25036,18.952708100335514,48.37833519731586,35.932257549129254,18.677104968844862,50285,5.393483709273183,11.972989842819043
13057,Georgia,Cherokee,281032,26.114819664664523,50.486421475134506,36.868399328190385,15.835207378519172,108115,3.247483314161679,41.14847355434188
13059,Georgia,Clarke,129609,45.89881875487042,52.62906125346234,50.828260383152404,12.499132004721893,53625,5.24685042822484,47.39727128957032
13061,Georgia,Clay,2850,62.70175438596491,57.96491228070175,32.80701754385965,29.157894736842106,49147,4.5037531276063385,23.41932220536166
13063,Georgia,Clayton,298924,92.16790889992104,52.906089842234145,44.062035835195566,10.712421886499579,59806,7.197630409741649,22.532171899260504
13065,Georgia,Clinch,6759,36.70661340434975,47.92129013167629,39.088622577304335,17.842876165113182,45847,2.1384136858475893,9.053408597481546
13067,Georgia,Cobb,775208,52.91663656721809,51.24805213568487,38.741344258573186,13.650271927018297,102738,4.533748084444546,50.76759021591424
13069,Georgia,Coffee,43347,44.41599187948416,48.42318960943087,41.32696611068817,14.575403142085957,50683,4.374341631091645,13.904338153503893
13071,Georgia,Colquitt,46224,46.53210453444099,49.68847352024922,40.63906195915542,16.11284181377639,49341,4.274465691788526,15.536713807836252
13073,Georgia,Columbia,162434,36.815568169225656,51.12107071179679,38.831771673418125,15.116909021510274,95592,4.800784633413155,38.46160882530506
13075,Georgia,Cook,17532,39.45357061373489,50.41638147387634,40.72553045859001,16.16472735569245,53651,3.6434612882238127,17.858385525400138
13077,Georgia,Coweta,152852,32.73820427603171,51.318922879648284,37.301441917671994,15.189856854996991,95548,3.086665043005653,36.221954024080816
13079,Georgia,Crawford,12225,28.130879345603276,49.693251533742334,33.8241308793456,20.20449897750511,67116,2.396780965710287,14.529815180750902
13081,Georgia,Crisp,19790,51.80899444163719,52.17281455280445,37.30672056594239,19.772612430520464,45105,7.4603174603174605,15.32629701204103
13083,Georgia,Dade,16165,8.450355706773893,50.170120630992884,35.70058768945252,20.98979276214043,64568,3.1875166711122964,18.445832966646133
13085,Georgia,Dawson,30242,14.344289398849286,49.580054229217644,34.91501884795979,19.50929171351101,92991,3.5222150676110755,36.435433216331056
13087,Georgia,Decatur,29195,51.49511902723069,52.08083575954787,39.695153279671175,17.11594451104641,53317,6.344021318662426,15.147013625653107
13089,Georgia,DeKalb,765351,72.0556973205758,52.558368643929384,38.94174045633964,13.75525739170655,80644,6.388376383763838,47.428084000471145
13091,Georgia,Dodge,19805,36.16763443574855,47.068921989396614,32.496844231254734,19.792981570310527,51587,6.076842655514898,17.202294560785127
13093,Georgia,Dooly,10984,59.15877640203932,45.830298616168974,28.76911871813547,22.250546249089584,60987,3.568862275449102,14.818266542404473
13095,Georgia,Dougherty,83091,77.18284772117318,54.24534546461109,41.11395939391751,17.382147284302754,49044,10.200016831710943,22.75291739410089
13097,Georgia,Douglas,147888,68.9494752785892,52.41398896462188,41.20347830790869,12.205858487504058,82984,6.223286031800308,30.84637357178341
13099,Georgia,Early,10603,58.90785626709422,52.3814014901443,37.63085919079506,19.900028293879092,54083,6.738063364569388,14.745042492917849
13101,Georgia,Echols,3709,41.89808573739553,54.543003504987865,48.09921811809113,12.294418980857374,59489,1.707455890722823,15.724703737465816
13103,Georgia,Effingham,69143,27.072877948599285,50.399895867983744,40.031528860477565,12.48282544870775,88438,5.521279634390174,27.15865542538049
13105,Georgia,Elbert,19849,37.79031689253867,52.259559675550406,34.344299460930024,21.164794196181166,58450,4.593078632659541,16.278083933870285
13107,Georgia,Emanuel,23026,42.347780769564835,49.09667332580561,39.87666116563884,16.398853469990446,52772,8.851745623578282,13.469175183907298
13109,Georgia,Evans,10757,45.02184623965789,51.94756902482105,38.87701031886213,17.077252021939202,53259,4.291204099060632,14.479638009049776
13111,Georgia,Fannin,25742,8.185067205345353,50.62932173102323,26.089658923160595,30.941651775308834,57073,3.688888888888889,24.1580310880829
13113,Georgia,Fayette,122244,44.47334838519682,51.39393344458624,35.507673178233695,20.014888256274336,111978,3.800047142809038,49.90051872379734
13115,Georgia,Floyd,99693,31.22285416227819,51.02966105945252,39.79216193714704,16.79556237649584,65565,4.248874858690783,25.899941283630177
13117,Georgia,Forsyth,267287,38.211360821888086,50.000935324202075,37.88474561052352,12.703947442262438,143784,3.5100461627638992,57.126183374400206
13119,Georgia,Franklin,24234,19.05174548155484,50.81703391928695,37.492778740612366,19.121894858463317,53046,5.898123324396783,17.761365700102914
13121,Georgia,Fulton,1076561,63.185643916136655,51.40981328508092,39.023706041738464,12.700998828677614,95292,5.356949569495695,58.49074776369174
13123,Georgia,Gilmer,32426,16.384999691605508,49.86122247579103,29.753901190402765,27.033861715906987,74499,2.731741573033708,24.860564304461942
13125,Georgia,Glascock,2932,13.472032742155527,51.432469304229194,35.94815825375171,18.48567530695771,54934,1.5676567656765676,17.041015625
13127,Georgia,Glynn,85447,38.209650426580225,53.10192282935621,34.18025208608845,22.701791753952744,69799,3.7255149753570076,32.442866724467926
13129,Georgia,Gordon,59100,24.238578680203048,50.03891708967851,38.30964467005076,15.840947546531304,63650,3.6586218957677508,18.81318136769078
13131,Georgia,Grady,26108,43.9903477861192,50.754557989888156,37.70108778918339,18.955875593687757,58980,3.7123169681309216,16.42154089829166
13133,Georgia,Greene,20109,40.75786961062211,49.783678949724006,28.22119449002934,30.886667661246207,86272,3.4302325581395348,37.79711650863749
13135,Georgia,Gwinnett,979864,69.37850558853064,50.93727292767159,41.91908264820424,11.306671129871084,87890,4.21286458594452,39.00860331645758
13137,Georgia,Habersham,47793,24.608206222668592,52.5934760320549,37.99091917226372,19.345929320193335,67309,2.7028280018544275,24.648771081387164
13139,Georgia,Hall,212705,42.06389130485885,49.9635645612468,39.615899955337206,16.294398345125877,80901,3.4795466669162307,27.28995445006703
13141,Georgia,Hancock,8650,72.67052023121387,47.27167630057804,28.46242774566474,25.202312138728324,40082,6.319385140905209,10.265196662693683
13143,Georgia,Haralson,31285,11.027649033082943,50.70161419210484,37.62825635288477,15.470672846412018,72127,4.448575791780094,16.956096652544346
13145,Georgia,Harris,36086,25.78562323338691,49.3792606551017,34.16837554730366,19.231835060688354,97302,5.904339192898441,37.979686203217014
13147,Georgia,Hart,26939,26.103418835146076,50.417610156279004,32.80002969672223,22.62519024462675,59385,3.4145941065419025,20.821336566146385
13149,Georgia,Heard,11773,15.620487556272833,50.811178119425804,36.9574450012741,17.64206234604604,65868,4.275203817856433,12.808850645359557
13151,Georgia,Henry,249960,67.62922067530806,52.56040966554649,40.80212834053449,12.488798207713234,83146,6.202056223680716,29.487672755476567
13153,Georgia,Houston,169649,48.587966919934686,51.464494338310274,40.94866459572411,13.711250876810356,80698,5.098073643021973,32.47359524938068
13155,Georgia,Irwin,9285,33.67797522886376,47.29133010231556,38.17985998922994,18.10446957458266,51384,4.029566046733429,15.208333333333332
13157,Georgia,Jackson,84757,24.23516641693312,50.240098162983585,38.74252274148448,14.509716011656854,89544,3.3968996918228793,27.8218393823205
13159,Georgia,Jasper,15929,25.871052796785733,51.48471341578254,36.65641283194174,17.521501663632367,60134,7.203055043455359,19.53917893389412
13161,Georgia,Jeff Davis,14924,32.5984990619137,48.98820691503618,40.867059769498795,15.692843741624229,40283,6.702954898911353,13.192858625700643
13163,Georgia,Jefferson,15341,58.93357668991591,51.74369337070595,37.39651913173848,18.675444886252524,53014,5.819339895773017,13.494644223412394
13165,Georgia,Jenkins,8711,47.26208242452073,43.88703937550224,31.133050166456204,21.248995522902078,44389,3.8594289300282396,10.277398817644384
13167,Georgia,Johnson,9190,38.49836779107726,39.97823721436344,32.66594124047878,20.31556039173014,51028,7.439498057962354,8.407792588252526
13169,Georgia,Jones,28673,30.652530254943677,51.42468524395773,36.2605935897883,18.013462142084887,75500,3.8185986531021636,19.91843636544487
13171,Georgia,Lamar,19571,33.56496857595421,51.81646313422922,38.781871135864286,17.658780849215677,67062,4.050081654872074,19.180438196365813
13173,Georgia,Lanier,10221,35.32922414636532,50.13208100968594,39.54603267782017,15.194208003130809,47186,3.98923152227117,19.276757072032662
13175,Georgia,Laurens,49798,43.73870436563717,52.37358930077513,38.66420338166191,18.362183220209648,55010,5.165270647572728,19.14887271859716
13177,Georgia,Lee,33626,33.67929578302504,50.09219056682329,39.383215369059656,13.849402248260274,89168,3.260115606936416,34.107546317216446
13179,Georgia,Liberty,67397,63.48205409736338,48.90573764410879,52.73676869890351,10.131014733593483,60456,7.936507936507937,20.463005456121564
13181,Georgia,Lincoln,7854,31.754519989814114,50.84033613445378,29.768270944741534,25.7703081232493,56907,2.839756592292089,15.481099656357388
13183,Georgia,Long,18374,46.98486992489387,50.92522042015892,43.58876673560466,9.796451507565038,68808,6.800740936755756,13.284961561717198
13185,Georgia,Lowndes,119965,49.3635643729421,51.92347768099029,47.640561830533905,13.273037969407744,58541,5.0870071785620325,27.943611795321395
13187,Georgia,Lumpkin,34505,11.262135922330096,50.20142008404579,43.124184900739024,18.603100999855094,77448,5.710814094775213,31.564038265069193
13189,Georgia,McDuffie,21718,46.9057924302422,50.86564140344415,37.996132240537804,18.961230315867024,56733,1.948190965532006,17.770619421515335
13191,Georgia,McIntosh,11312,36.78394625176803,49.84087694483734,26.343705799151344,29.596888260254598,50273,3.17426949758251,20.0442722744881
13193,Georgia,Macon,11864,67.51517194875252,45.01011463250168,34.625758597437624,19.01550910316925,41031,7.163461538461538,10.9740778805527
13195,Georgia,Madison,31528,22.151738137528543,50.50114184217204,37.185993402689675,18.377315402182187,61963,3.9171605695210845,21.063083033157845
13197,Georgia,Marion,7509,42.61552803302704,51.75123185510721,31.86842455719803,21.800506059395392,51667,4.846083511124657,17.671938212578155
13199,Georgia,Meriwether,20929,43.17932055998853,51.78460509341106,34.693487505375316,21.372258588561326,57340,6.594856012310398,14.509047365620011
13201,Georgia,Miller,5850,35.111111111111114,52.256410256410255,35.14529914529915,22.52991452991453,51425,3.9145907473309607,21.335268505079828
13205,Georgia,Mitchell,21058,54.226422262323105,49.6200968752968,36.99306676797416,18.629499477633203,57613,5.948668745502519,14.261838440111422
13207,Georgia,Monroe,29664,28.07780474649406,49.5482740021575,35.29867853290183,19.13767529665588,83183,2.686441863719043,26.96023692770792
13209,Georgia,Montgomery,8640,35.23148148148149,48.15972222222222,38.15972222222222,17.83564814814815,51941,7.523267838676318,19.941449974169107
13211,Georgia,Morgan,21078,26.61542840876744,51.95938893633172,34.86573678717146,20.504791725970207,78111,2.448377581120944,29.67914438502674
13213,Georgia,Murray,40562,20.358956658941864,50.05916868004536,38.51881070953109,15.048567624870568,69253,4.5393726150949005,15.028585994683368
13215,Georgia,Muscogee,203711,63.26511577676217,51.8882141857828,41.55691150698784,14.771907260776295,58073,6.264374232443899,30.481891026831132
13217,Georgia,Newton,118152,61.20928972848534,53.47603087548243,41.35097162976505,13.431850497664026,77179,6.639767700982544,25.02466251298027
13219,Georgia,Oconee,43551,17.880186448072376,50.31572179743289,37.98075819154555,16.77573419668894,121217,3.000090637179371,55.87523244798428
13221,Georgia,Oglethorpe,15509,26.91340511960797,49.20368818105616,34.36069379070217,19.14372299954865,75034,3.0583873957367933,25.34457743924556
13223,Georgia,Paulding,178909,38.98518241116993,51.08071701255946,40.19920741829645,11.736134012263218,98031,4.508712436282978,29.487103619102367
13225,Georgia,Peach,28560,57.07282913165266,51.28151260504202,41.05742296918768,16.733193277310924,71293,6.621860629642731,22.77152747728256
13227,Georgia,Pickens,34951,8.494749792566736,50.27323967840691,31.426854739492434,22.977883322365596,78930,3.0176470588235293,26.673575925072928
13229,Georgia,Pierce,20202,17.953667953667953,48.77734877734878,38.78328878328878,17.102267102267103,60517,2.5815217391304346,20.21697698284709
13231,Georgia,Pike,19903,13.88232929709089,51.23348238958951,37.01954479224238,15.821735416771341,86719,3.3901852045621013,21.47724774675753
13233,Georgia,Polk,43785,29.583190590384834,51.133949982870845,40.4133835788512,15.384264017357543,58515,5.901292951652664,15.429254138931558
13235,Georgia,Pulaski,9939,38.66586175671597,56.937317637589295,29.00694234832478,23.22165207767381,50406,3.1724873367102107,14.495220636375542
13237,Georgia,Putnam,22855,35.48895208925836,50.70225333625027,30.299715598337343,24.847954495733976,72096,3.7202092617709748,31.130216729356974
13239,Georgia,Quitman,2264,57.15547703180213,47.48233215547703,26.67844522968198,37.19081272084806,40179,28.62547288776797,12.387791741472173
13241,Georgia,Rabun,17312,13.308687615526804,50.72781885397412,26.981284658040664,28.835489833641404,67493,1.3329882231137569,31.268590124925637
13243,Georgia,Randolph,6196,73.22466107165914,58.505487411233055,42.559715945771465,22.175597159457716,28380,10.942956926658905,16.366731517509727
13245,Georgia,Richmond,206069,68.5930440774692,51.70258505646167,41.842295541784544,15.320111224880986,55637,8.529721940879806,24.54837150015384
13247,Georgia,Rockdale,95281,76.02879902603877,52.99272677658715,39.026668485847125,15.8142756688112,77247,5.894960298830397,32.35431744447217
13249,Georgia,Schley,4513,17.37203633946377,52.138267228007976,35.49745180589408,14.624418346997562,56875,7.614725163893091,22.18639148661722
13251,Georgia,Screven,14130,44.854918612880404,52.26468506723284,31.903750884642605,20.721868365180466,52792,4.613683046294834,14.732313575525813
13253,Georgia,Seminole,9156,38.138925294888594,52.643075578855395,31.247269550021844,25.74268239405854,49495,5.9680582796301485,13.378318908610826
13255,Georgia,Spalding,68892,46.613540033675896,52.45456656796145,38.0900539975614,19.10381466643442,62071,7.297881260279274,18.470019219802733
13257,Georgia,Stephens,27012,19.424700133274097,52.10276913964164,37.06130608618392,21.23130460536058,54754,5.359853023404425,15.135251180764275
13259,Georgia,Stewart,4869,74.65598685561716,34.914766892585746,26.227151365783527,16.16348326144999,33250,5.492424242424242,12.730487496842638
13261,Georgia,Sumter,29061,61.51199201679227,53.40490691992705,42.524345342555314,17.728226833212897,42653,4.710226844524833,21.415079065249067
13263,Georgia,Talbot,5742,59.61337513061651,52.525252525252526,27.62103796586555,27.39463601532567,41597,3.3006244424620874,12.103083294983893
13265,Georgia,Taliaferro,1558,60.59050064184852,54.428754813863925,31.065468549422338,29.460847240051347,52500,4.953560371517028,12
13267,Georgia,Tattnall,24208,42.68836748182419,42.23397224058163,37.417382683410445,15.432914738929279,50747,6.678875363567812,15.396976550410665
13269,Georgia,Taylor,7786,41.47187259183149,51.33573079886977,32.67403031081428,21.94965322373491,41788,2.5538971807628523,17.529741077676697
13271,Georgia,Telfair,11831,51.68624799256192,45.245541374355504,32.30496154171245,18.950215535457694,50929,5.24699972090427,10.109383995394358
13273,Georgia,Terrell,8850,63.33333333333333,49.898305084745765,36.74576271186441,20.903954802259886,46171,4.104903078677309,13.070942662779398
13275,Georgia,Thomas,45777,43.00194420778993,52.6268650195513,37.46204425803351,19.048867335124626,60736,5.6264166037065015,22.704742413098398
13277,Georgia,Tift,41438,47.14754573097157,51.53482310922342,40.96481490419422,15.924996380134177,53255,2.8160442600276627,20.974965127376844
13279,Georgia,Toombs,27102,42.46550070105527,52.74887462179913,41.22942956239392,17.08361006567781,52621,4.3906581740976645,18.418487298583635
13281,Georgia,Towns,12913,7.1478355145976895,51.351351351351354,26.4229845891737,36.93177418105785,59135,4.637560058491749,31.030657523194837
13283,Georgia,Treutlen,6376,38.01756587202008,46.14178168130489,36.51191969887076,18.695106649937266,55518,7.725476104922746,11.864801864801864
13285,Georgia,Troup,70330,46.125408787146306,52.09583392577847,39.71278259633158,15.887956775202616,56776,5.297447084487943,23.758511698945718
13287,Georgia,Turner,8939,46.056605884327105,53.50710370287504,38.97527687660812,19.342208300704776,36799,12.208067940552016,9.835509581142954
13289,Georgia,Twiggs,7803,45.18774830193515,48.95552992438805,29.193899782135077,24.554658464693066,56324,3.755868544600939,10.508645291253988
13291,Georgia,Union,26304,7.489355231143557,50.42198905109489,24.8213199513382,34.16590632603406,66176,2.6432997676219983,26.860236692060752
13293,Georgia,Upson,28029,33.55096507188983,52.08890791680046,36.77976381604766,18.60572977987085,55429,3.8923869490555236,15.48123643130363
13295,Georgia,Walker,68762,10.739943573485355,50.59335097873826,35.198219947063784,19.63584537971554,59469,3.861807276844457,21.330991811480263
13297,Georgia,Walton,103313,32.099542167974995,50.83096996505764,38.177189705071,16.30869300088082,84945,5.328776168097254,24.494127432562273
13299,Georgia,Ware,35976,38.8425617078052,50.05837224816544,39.71258616855682,17.14198354458528,47448,5.866743168615075,14.410173830463686
13301,Georgia,Warren,5170,60.77369439071567,52.16634429400387,32.765957446808514,23.365570599613154,44289,10.017497812773403,12.30442853354548
13303,Georgia,Washington,19849,58.31024232958839,48.57171645926747,36.09753639981863,18.272960854451107,46023,7.997143877186719,16.912972085385878
13305,Georgia,Wayne,30949,29.745710685321015,50.28272318976381,38.05615690329251,16.11360625545252,53427,7.192464277161331,16.20392532312111
13307,Georgia,Webster,2381,61.27677446451071,47.837043259134816,35.741285174296515,19.445611087778243,46792,4.156064461407973,8.862876254180602
13309,Georgia,Wheeler,7335,43.49011588275392,35.4601226993865,46.89843217450579,17.682344921608724,40539,5.036261079774375,10.038527397260275
13311,Georgia,White,28810,11.103783408538703,50.978826796251305,33.734814300590074,23.238458868448454,70666,3.776160145586897,23.975270178171552
13313,Georgia,Whitfield,103598,44.480588428348035,50.000965269599796,41.02492326106682,14.945269213691384,67070,5.1889475025983955,20.23183538803706
13315,Georgia,Wilcox,8798,40.941122982496026,39.74766992498295,33.62127756308252,19.879518072289155,54138,5.541740674955595,15.351484387017381
13317,Georgia,Wilkes,9549,48.42391873494607,50.82207561001152,31.731071316368205,24.1805424651796,52043,1.5483182060864922,16.912280701754387
13319,Georgia,Wilkinson,8747,44.35806562249914,51.5948325140048,35.73796730307534,20.55561906939522,45465,4.809510942988381,12.26771912514389
13321,Georgia,Worth,20451,33.79785829543788,52.28595178719867,35.47503789545743,20.38531123172461,58694,6.895403064623585,11.740722824960265
15001,Hawaii,Hawaii,205769,70.0557421185893,50.34966394354835,32.446578444760874,23.81359680029548,78639,6.001122298806764,31.422401690088115
15003,Hawaii,Honolulu,1001146,82.83896654434018,49.528540292824424,36.222289256512035,19.565378076724073,106195,4.692963343129702,38.46308126683437
15005,Hawaii,Kalawao,67,80.59701492537313,32.83582089552239,14.925373134328359,20.895522388059703,73750,0,22.388059701492537
15007,Hawaii,Kauai,73731,71.30786236454138,50.42790685057845,32.87219758310616,22.4193351507507,97668,3.8479648425238047,30.08521397134563
15009,Hawaii,Maui,164522,70.96558514970643,50.19146375560715,32.83937710458176,20.744338143227047,97161,5.489826010026541,30.96780690859042
16001,Idaho,Ada,518935,19.11742318402112,49.61719675874628,37.714935396533285,16.239028009288255,91502,3.139435570335641,44.59749039321632
16003,Idaho,Adams,4744,12.98482293423272,48.77740303541315,26.749578414839796,30.122259696458684,61808,7.448494453248811,21.606800109679188
16005,Idaho,Bannock,89454,19.677152502962414,49.86249916158025,42.73145974467324,15.324077179332395,66499,4.326157207227709,30.640750484630296
16007,Idaho,Bear Lake,6650,6.75187969924812,49.11278195488722,39.45864661654135,21.203007518796994,75260,2.622498274672188,21.581738528937052
16009,Idaho,Benewah,10142,16.367580358903567,48.89568132518241,33.52395977124827,23.920331295602445,59794,3.7003812514016596,19.70580072162087
16011,Idaho,Bingham,49664,26.314835695876294,49.64159149484536,44.11646262886598,15.177996134020619,77878,5.44200306591722,21.771615008156605
16013,Idaho,Blaine,24951,28.08705061921366,48.33874393811871,31.41357059837281,22.704500821610356,92566,2.056484782012613,48.0206445945204
16015,Idaho,Boise,8273,16.51154357548652,49.280792940892056,24.755227849631332,28.272694306781094,78774,3.4036939313984167,31.174399020058186
16017,Idaho,Bonner,51049,10.975729201355556,49.58960998256577,29.068150208623088,26.400125369742796,66979,4.817418915853935,28.602358096828045
16019,Idaho,Bonneville,129523,19.841263713780567,49.83748060190082,44.81366243833141,13.858542498243555,79068,4.5658694770976895,33.10672331917021
16021,Idaho,Boundary,13172,18.53173398117218,49.051017309444276,35.73489219556635,23.48162769511084,67237,2.590775269872424,24.047334708500706
16023,Idaho,Butte,2684,11.251862891207153,49.77645305514158,36.661698956780924,20.268256333830106,53015,4.366438356164384,17.548596112311017
16025,Idaho,Camas,1124,24.110320284697508,53.02491103202847,37.188612099644125,19.306049822064058,57955,0,34.38685208596713
16027,Idaho,Canyon,250790,32.908808166194824,50.10367239523107,42.97220782327844,14.540850911120858,76488,3.662514467943893,23.24076267910364
16029,Idaho,Caribou,7162,9.466629433119245,47.29125942474169,39.4442893046635,18.123429209717955,68782,1.9050410316529895,16.75481277766025
16031,Idaho,Cassia,25483,35.639445905113206,48.64811835341208,46.60361809834007,14.492014284032493,70830,2.410346854791299,21.270094327089144
16033,Idaho,Clark,849,36.866902237926965,46.52532391048292,47.467608951707895,12.131919905771495,55208,2.0779220779220777,20.47713717693837
16035,Idaho,Clearwater,9012,12.438970261873061,45.76120727918331,25.066577896138483,29.005770084332003,60000,4.510067114093959,17.51987724926768
16037,Idaho,Custer,4470,11.633109619686799,48.14317673378076,19.440715883668904,36.55480984340045,67574,2.0365535248041775,29.255029907558455
16039,Idaho,Elmore,29321,30.527608198901813,46.604822482180005,44.71539169878244,14.794856928481293,65359,6.047002904673884,22.353946384705754
16041,Idaho,Franklin,15056,10.640276301806583,47.98087141339001,45.623007438894795,14.937566418703508,71950,2.3964538024657154,23.941493456505004
16043,Idaho,Fremont,13943,17.284658968658107,47.25668794377107,39.03033780391594,18.26723086853618,72683,3.8610637308109785,22.82516891891892
16045,Idaho,Gem,20614,16.508198311826916,48.48161443679053,33.76346172504123,23.066847773357914,64605,2.9497568881685576,20.73104200763775
16047,Idaho,Gooding,15931,36.89033958947962,49.26244429100496,40.76329169543657,18.454585399535496,63559,3.8381472807702317,16.2389851844679
16049,Idaho,Idaho,17432,10.853602569986231,48.05530059660395,30.266177145479578,29.394217530977514,66325,3.690036900369004,22.56863657515123
16051,Idaho,Jefferson,33154,14.296917415696441,48.82668757917597,46.386559691138324,11.926162755625263,86679,2.685373285931945,27.372300133074013
16053,Idaho,Jerome,25173,43.177213681325235,48.69105787947404,44.46827950581973,13.359551900846144,71724,3.6192364898363905,13.986464711569448
16055,Idaho,Kootenai,181996,14.385480999582413,50.05439679992967,35.40956944108662,20.105386931580913,81861,3.2701357157471187,29.952131474724798
16057,Idaho,Latah,41049,15.532656093936515,48.74174766742186,48.8952227825282,14.806694438354162,65424,6.771127423301336,42.99212598425196
16059,Idaho,Lemhi,8249,8.54649048369499,49.12110558855619,27.19117468784095,30.912837919747847,53202,2.0318506315211424,24.07558234240104
16061,Idaho,Lewis,3682,18.30526887561108,49.75556762629006,30.363932645301468,28.326996197718632,51615,2.421652421652422,21.271848270732615
16063,Idaho,Lincoln,5358,37.756625606569614,47.536394176931694,41.750653228816724,15.397536394176932,71453,4.921540656205421,11.095505617977528
16065,Idaho,Madison,54618,16.520194807572597,54.732871946977184,75.73510564282837,5.391995312900509,60160,8.271748995202904,41.81462778954227
16067,Idaho,Minidoka,22208,41.214877521613836,49.50468299711815,44.18227665706052,16.102305475504323,70377,3.4270488790885705,15.745836609248803
16069,Idaho,Nez Perce,42697,14.546689462959927,50.16043281729395,35.53645455184205,21.0740801461461,72599,2.5892506865437426,27.146823671093568
16071,Idaho,Oneida,4768,8.158557046979864,50.671140939597315,39.408557046979865,19.903523489932887,74954,1.4499121265377857,26.651771465049475
16073,Idaho,Owyhee,12503,32.184275773814285,48.292409821642806,38.75069983204031,19.307366232104297,64406,2.0455768885698906,12.38106565176023
16075,Idaho,Payette,26771,24.530275297896974,49.98319076612753,38.10093011094094,19.752717492809385,67673,3.203319502074689,17.29809748341466
16077,Idaho,Power,8133,39.54260420509037,47.952784950202876,42.23533751383253,16.980204106725687,61146,5.624675997926387,15.291593524478253
16079,Idaho,Shoshone,13785,11.265868697859993,49.989118607181716,32.847297787450124,23.3151976786362,55527,5.274093015822279,12.677748848387743
16081,Idaho,Teton,12425,20.659959758551306,48.370221327967805,34.43058350100603,14.309859154929578,99805,1.2092391304347827,49.86989478447788
16083,Idaho,Twin Falls,93734,24.726353297629466,50.378731303475796,41.42787035654085,16.587364243497557,67409,3.044087528295785,23.52033107797412
16085,Idaho,Valley,12389,9.863588667366209,47.63903462749213,27.459843409476147,27.03204455565421,76078,4.7719432732847835,40.124696185142135
16087,Idaho,Washington,11142,22.383773110752113,50.008975049362775,34.3205887632382,26.60204631125471,54000,5.237430167597766,20.630262822148506
17001,Illinois,Adams,64754,9.956141705531707,50.718102356611176,36.1892701609167,20.56552490965809,66220,3.8783943329397874,27.46313077469794
17003,Illinois,Alexander,4875,37.10769230769231,50.93333333333333,32.16410256410256,24.923076923076923,47043,6.480041472265422,12.553617386331142
17005,Illinois,Bond,16716,14.14812156018186,47.032782962431206,37.19191194065566,18.766451304139746,65959,4.544848727175796,21.62067455102935
17007,Illinois,Boone,53230,32.04959609242908,49.61112154799925,38.58162690212286,16.749953034003383,84571,7.355416293643689,23.643497757847534
17009,Illinois,Brown,6322,25.87788674470104,36.09617209743752,31.03448275862069,16.276494780132868,67917,3.059866962305987,12.580712351593418
17011,Illinois,Bureau,32866,15.392807156331767,50.38946023245908,33.80697377228747,23.166798515182865,69257,4.255066966931373,21.661922766472664
17013,Illinois,Calhoun,4330,5.65819861431871,48.15242494226328,30.762124711316396,25.427251732101617,93203,3.240506329113924,20.116054158607348
17015,Illinois,Carroll,15576,12.211093990755007,45.069337442218796,31.047765793528505,24.19106317411402,60758,3.069781371668164,17.75153030433658
17017,Illinois,Cass,12784,30.11576971214017,51.26720901126408,38.30569461827284,18.045994993742177,68125,4.208553416254898,20.757768280004623
17019,Illinois,Champaign,208741,37.59012364604941,50.23977081646634,48.978399068702366,13.885149539381338,63683,4.304130592318548,46.18081043854078
17021,Illinois,Christian,33538,8.9748941499195,47.12564851809887,32.88806726698074,20.266563301329835,62611,4.574501739955711,17.139590903523455
17023,Illinois,Clark,15266,4.998034848683353,49.65937377178043,34.874885366173196,20.273811083453428,72927,3.716577540106952,24.916481069042316
17025,Illinois,Clay,13052,5.171621207477783,50.3524364082133,36.45418326693227,20.893349678210235,60417,4.838984494803204,13.09510598157807
17027,Illinois,Clinton,36954,9.901499161119231,48.197759376522164,34.55647561833631,18.82069600043297,86588,3.417667694270224,25.861873226111637
17029,Illinois,Coles,46777,12.037967377129789,50.94811552686149,41.186908095859074,18.36800136819377,56478,6.115758059770501,26.904039070749736
17031,Illinois,Cook,5182090,59.90957316449541,51.19945813368737,37.5991926037564,15.961822353529174,83498,7.00801464290727,42.71828850149415
17033,Illinois,Crawford,18511,9.723947922856679,46.90724434120253,33.06142293771271,19.76662524985144,71674,3.009122141926312,20.59768397459843
17035,Illinois,Cumberland,10334,5.012579833559128,50.12579833559125,34.32359202632088,21.027675633830075,73327,1.3548150860490662,19.577735124760075
17037,Illinois,DeKalb,100703,29.000129092479867,50.32521374735609,46.51400653406552,13.9221274440682,70724,6.802953275728888,32.950178933654364
17039,Illinois,De Witt,15373,7.272490730501524,50.061796656475636,33.786508814154686,20.69862746373512,71678,3.969386431443767,23.20080065508143
17041,Illinois,Douglas,19751,12.571515366310571,50.87843653485899,38.48919042073819,18.626904966837124,77320,2.528006344800238,20.861473810595825
17043,Illinois,DuPage,930024,37.832249490335734,50.482783240002405,36.446693848760894,17.3371869973248,112096,4.934584867011466,51.843676625843784
17045,Illinois,Edgar,16535,4.191109767160572,51.17024493498639,31.672210462654974,24.67493196250378,59941,4.36801807455755,20.385878489326764
17047,Illinois,Edwards,6075,5.267489711934159,50.699588477366255,33.76131687242798,22.551440329218106,60519,5.566801619433198,13.947551636110466
17049,Illinois,Effingham,34522,5.784716992063032,49.42065928972829,36.97642083309194,18.83146978738196,80404,2.0840336134453783,26.880006710564945
17051,Illinois,Fayette,21315,11.728829462819611,47.93338024865118,35.641566971616236,19.535538353272344,60944,3.7690288713910762,17.175800145782254
17053,Illinois,Ford,13406,10.622109503207522,50.35804863493958,36.498582724153366,19.603162762941967,62439,5.4635761589403975,18.855109961190166
17055,Illinois,Franklin,37323,5.867695522867933,50.325536532433084,34.89805213943145,20.99241754414168,56740,7.65723084211773,15.756819127605645
17057,Illinois,Fulton,33020,8.252574197456086,47.80133252574198,33.22531798909752,21.468806783767413,60599,6.6852937167779745,18.469066180129374
17059,Illinois,Gallatin,4819,4.959535173272467,49.61610292591824,31.08528740402573,25.254202116621705,59219,9.160997732426305,13.596614950634697
17061,Illinois,Greene,11683,4.168449884447489,49.465034665753656,34.648634768467005,20.8336899768895,62192,4.863277665626721,18.970517158047365
17063,Illinois,Grundy,53219,17.550123076344914,49.62513388075687,38.856423457787635,15.090475206223342,92235,4.576277203820073,23.570726225593482
17065,Illinois,Hamilton,7916,5.280444669024764,50.050530570995456,34.3355229914098,22.94087923193532,65746,5.131649650725416,21.021715913136347
17067,Illinois,Hancock,17281,5.989236733985304,49.58046409351311,32.694867195185466,24.628204386320235,65865,4.231841881896448,25.108017282765243
17069,Illinois,Hardin,3605,4.27184466019418,47.600554785020805,24.576976421636616,29.84743411927878,54271,2.7586206896551726,13.280441531562609
17071,Illinois,Henderson,6193,6.3297271112546465,49.959631842402715,28.903600839657678,27.611819796544484,62227,7.800917755030004,20.63593683311993
17073,Illinois,Henry,48643,13.029623995230555,50.23333264806858,33.5032789918385,21.772916966469996,71911,4.825836027997217,24.738415545590435
17075,Illinois,Iroquois,26449,12.813338878596547,50.387538281220465,34.330220424212634,22.598207871753186,66255,4.471858134155744,18.197860962566846
17077,Illinois,Jackson,53064,28.708729081863417,50.19975878184833,47.29948741142771,16.54228855721393,48763,7.469744329566402,36.307546274323684
17079,Illinois,Jasper,9180,3.191721132897607,49.052287581699346,34.85838779956427,20.980392156862745,74755,4.181043231175157,20.92011190550202
17081,Illinois,Jefferson,36550,16.361149110807116,48.36935704514364,35.56771545827633,19.9671682626539,63118,5.777880290623918,18.168768186226963
17083,Illinois,Jersey,21274,5.368054902698127,51.19864623484065,34.71373507567923,20.640218106609005,80361,3.3996450919958905,22.644661232126154
17085,Illinois,Jo Daviess,21851,8.104892224612147,49.98855887602398,28.428904855613016,29.93455677085717,73993,3.589790672052883,28.914719344736206
17087,Illinois,Johnson,13376,19.886363636363637,42.65849282296651,35.645933014354064,19.66208133971292,62528,3.479931682322801,19.557661927330177
17089,Illinois,Kane,517255,46.04131424539154,49.90787909251723,38.809291355327645,15.541850731264077,103163,4.7914462561553846,38.06095124995316
17091,Illinois,Kankakee,106635,32.049514699676465,50.48811365874244,38.855910348384676,17.845923008393118,71281,4.9361185881639305,21.18458948422913
17093,Illinois,Kendall,137675,37.967677501361905,50.00907935355003,41.27328854185582,11.2337025603777,111601,4.344572238853002,36.94361682918021
17095,Illinois,Knox,49046,20.054642580434688,49.04171594013783,35.533988500591285,22.238306895567426,57030,5.097915918074021,20.971270234796556
17097,Illinois,Lake,714223,43.808586393885385,49.703663981697595,39.206942369540045,15.792266561004055,110416,5.185409221512086,47.70559783214709
17099,Illinois,LaSalle,108714,17.856945747557816,49.02956380962893,35.01572934488658,19.932115458910538,73045,5.3513980550398,20.49031555474888
17101,Illinois,Lawrence,15031,16.166589049298118,43.64979043310492,32.998469829020024,18.48845718847715,55324,8.097228673169221,14.947234352256187
17103,Illinois,Lee,33869,16.56972452685347,47.08435442439989,32.5843691871623,21.33809678467035,70292,5.207138304652645,19.36711395954336
17105,Illinois,Livingston,35565,12.298608182201598,48.221566146492336,35.35779558554759,20.143399409531842,73790,3.4598278750072202,18.994191135513645
17107,Illinois,Logan,27713,14.09446830007578,51.3116587882943,34.41345217046152,19.517915779598024,66358,3.9835923325707974,20.908632004038363
17109,Illinois,McDonough,26920,14.821693907875188,50.85438335809807,44.18276374442794,19.312778603268946,52795,7.873232430896042,31.409322651128914
17111,Illinois,McHenry,312591,23.9191147537837,49.87123749564127,36.35037477086672,16.479041303172515,104802,4.692698401791185,35.22963182156546
17113,Illinois,McLean,171556,23.754925505374334,51.12091678518968,44.622747091328776,14.574832707687285,79905,3.072665891858985,47.21814279258925
17115,Illinois,Macon,101849,26.70423862777249,51.85421555439916,36.92525208887667,21.023279560918613,62666,6.7746374510426595,24.39125110357987
17117,Illinois,Macoupin,44350,6.514092446448705,50.56595264937993,33.59188275084555,21.56933483652762,70805,3.665223665223665,20.2729044834308
17119,Illinois,Madison,264238,18.199123517435034,51.11982379521492,36.20637455627124,18.51891098176644,75793,4.590246841044482,31.007923964580314
17121,Illinois,Marion,37000,10.870270270270266,50.78648648648649,36.41891891891892,20.197297297297297,61240,5.866621144873108,16.76395050198459
17123,Illinois,Marshall,11647,7.924787498926767,49.9441916373315,32.31733493603503,24.04052545719928,71585,3.8224874137609546,18.017383133662204
17125,Illinois,Mason,12745,5.845429580227535,50.32561788936838,32.76579050608082,23.060023538642604,62845,4.86429326753613,17.051740969736414
17127,Illinois,Massac,13865,13.739632167327809,51.28020194734944,32.57122250270465,21.990623873061665,65116,3.8474132285527176,17.048524262131064
17129,Illinois,Menard,12095,5.241835469202149,50.913600661430344,33.757751136833406,20.777180653162464,82176,3.5160289555325748,28.29138151026563
17131,Illinois,Mercer,15495,6.898999677315265,49.4675701839303,32.92675056469829,21.87157147466925,74182,3.151150627615063,20.8846534208397
17133,Illinois,Monroe,35036,4.980591391711386,49.837310195227765,33.34570156410549,19.731133691060624,102880,1.9246774864752392,38.664751187198206
17135,Illinois,Montgomery,27942,8.292176651635529,46.92577481926848,33.40133132918188,21.498103213800015,63620,4.733874979273752,18.305917014485637
17137,Illinois,Morgan,33021,12.840313739741372,50.51633808788347,36.264801187123346,20.88670845825384,66306,5.378357438016529,22.5927542557835
17139,Illinois,Moultrie,14424,4.9292845257903455,50.42983915696062,37.943704936217415,18.989184692179702,71784,2.1912940479715726,18.960370560988164
17141,Illinois,Ogle,51495,16.989999029031942,50.08059034857753,35.316050101951646,19.95145159724245,82132,5.044522025654101,24.28460514640639
17143,Illinois,Peoria,179645,33.891842244426506,51.239945447966825,39.187842689749225,18.26546800634585,65108,6.172304463858032,34.86595107751848
17145,Illinois,Perry,20639,15.063714327244536,44.71146857890402,34.58500896361258,20.277145210523766,62118,4.561194029850746,13.668098818474759
17147,Illinois,Piatt,16695,5.223120694818806,50.110811620245585,33.56094639113507,21.138065289008686,94811,2.778730703259005,32.89111389236546
17149,Illinois,Pike,14469,5.328633630520418,49.9066970765084,35.30306171815606,21.784504803372727,59777,3.9386041123660585,18.493015935471178
17151,Illinois,Pope,3739,11.286440224659,48.970312917892485,25.113666755817064,28.99170901310511,60050,2.7877055039313796,15.666327568667345
17153,Illinois,Pulaski,5015,38.14556331006978,48.99302093718843,34.27716849451645,23.36989032901296,42463,4.281524926686217,12.997964524571096
17155,Illinois,Putnam,5601,11.444384931262274,48.08069987502232,31.315836457775397,24.6206034636672,75590,4.174099179450589,22.862678614676675
17157,Illinois,Randolph,30058,14.851287510812428,46.1407944640362,32.55705635770843,21.268880165014306,68131,5.039142661700995,15.24534841298796
17159,Illinois,Richland,15598,6.622643928708804,50.37184254391589,35.54301833568406,20.73342736248237,62455,3.124591449862727,19.076415612974163
17161,Illinois,Rock Island,142757,32.64078118761251,50.529921474953944,37.28783877498126,20.35697023613553,67159,5.597927965313453,24.71947935368043
17163,Illinois,St. Clair,253694,40.92134618871553,51.47264026740877,37.322128233225854,17.34648828904113,73854,5.958557571460798,31.797074064530907
17165,Illinois,Saline,23213,8.650325248783009,50.441562917330806,32.84797311851118,21.522422780338605,53117,7.728676186800463,19.61490756600319
17167,Illinois,Sangamon,194947,22.656414307478446,51.73098329289499,35.80203850277255,19.41502049274931,75357,5.428476019535,36.61326561230688
17169,Illinois,Schuyler,6787,9.768675408869898,45.1009282451746,27.62634448209813,25.696183880948873,65948,4.9548041513223975,19.073724007561438
17171,Illinois,Scott,4937,4.557423536560668,49.88859631355074,33.34008507190602,23.13145635001013,66705,2.715939447907391,21.523647691871993
17173,Illinois,Shelby,20720,4.010617760617762,50.41988416988417,32.80888030888031,23.672779922779924,72095,3.017449146823484,18.31877874808346
17175,Illinois,Stark,5308,9.287867370007541,49.660889223813115,34.23134890730972,22.88997739261492,62878,2.332937920126532,21.428571428571427
17177,Illinois,Stephenson,43768,21.07475781392798,51.09669164686529,33.57932736245659,24.380826174373972,64043,4.347016662012473,20.705015221919567
17179,Illinois,Tazewell,130290,8.104229027553922,50.402179752859006,35.01112901987873,19.86491672423056,77982,3.578044859526908,28.3896188511239
17181,Illinois,Union,16997,10.52538683297053,49.1027828440313,33.48237924339589,22.93934223686533,55728,3.9371193881886417,20.943952802359885
17183,Illinois,Vermilion,72386,23.27107451717183,50.002762965214266,37.030641284226235,20.30503135965518,56877,6.142795219518236,19.228533049980953
17185,Illinois,Wabash,11119,6.556344995053509,51.34454537278532,35.156039212159364,22.564978865005845,57086,4.366812227074236,18.585209003215432
17187,Illinois,Warren,16447,18.87882288563264,49.747674347905395,39.19863804949231,19.97932753693683,67385,3.590574741304077,21.974641059108706
17189,Illinois,Washington,13627,5.195567623101194,49.28450869597123,32.84655463418214,21.63352168489029,78224,4.349668125970908,23.47312703583062
17191,Illinois,Wayne,15973,5.0209728917548375,49.89044011769862,34.8776059600576,21.97458210730608,55521,3.4162743779421656,16.252781486426347
17193,Illinois,White,13619,4.750715911594094,50.60577134885087,33.15955650194581,23.430501505250017,54813,3.9584032203958404,18.292061551003773
17195,Illinois,Whiteside,54947,19.096583980927072,50.10646623109542,34.98098167324877,21.779169017416784,67500,4.350846404153413,20.45354640188245
17197,Illinois,Will,701462,41.39939155649201,50.11091121115613,38.555046460107604,14.579121891135943,109984,4.927546898039968,37.49081895940446
17199,Illinois,Williamson,66876,12.111968419163821,49.78019020276332,33.98379089658472,19.64232310544889,65604,5.008646439239113,26.247230103340442
17201,Illinois,Winnebago,283292,36.24105163576804,51.07945159058498,38.05013907911272,18.538469141380624,65837,7.256268617867368,25.224218147567367
17203,Illinois,Woodford,38312,6.541031530590935,49.92169555230737,36.95969931092086,19.356859469617874,91483,3.5127211810281644,35.92491230775161
18001,Indiana,Adams,36227,7.345350153200647,49.91580865100615,45.88842575979242,16.344163193198444,65289,2.7991733984595153,16.161150548538767
18003,Indiana,Allen,392378,30.214741907038622,50.781644230818245,41.53775186172518,15.61708352659935,70737,4.68730634806534,31.587653525206672
18005,Indiana,Bartholomew,83536,22.30176211453745,49.36674008810573,39.4883642980272,16.70297835663666,79901,4.124137931034483,34.10029603105667
18007,Indiana,Benton,8735,11.139095592444193,48.94104178591872,38.099599313108186,17.309673726388095,65875,3.907380607814761,19.84086676824107
18009,Indiana,Blackford,11950,6.175732217573227,51.23012552301255,35.020920502092054,22.01673640167364,51326,3.7083936324167874,14.531844106463879
18011,Indiana,Boone,74718,13.783827190235288,50.08699376321636,38.38700179340989,14.981664391445166,111250,2.781440477671352,51.72517251725173
18013,Indiana,Brown,15606,5.767012687427908,49.87825195437652,26.374471357170318,26.617967448417275,78528,2.1502656210473057,26.402966625463538
18015,Indiana,Carroll,20535,7.523739956172393,48.828828828828826,34.5945945945946,20.72072072072072,65645,3.0707989764003414,17.196313110469116
18017,Indiana,Cass,37680,25.92887473460722,49.99203821656051,36.83651804670913,18.80307855626327,56403,4.582490293651228,16.484191925012485
18019,Indiana,Clark,124354,20.440838252086778,50.96016211782492,36.52797658298085,16.724029785933705,74214,4.007376838540958,27.74178806055413
18021,Indiana,Clay,26409,5.982808890908398,50.399485024044836,35.50683479116968,18.87992729751221,70010,3.2316401949992137,20.328630884817038
18023,Indiana,Clinton,32944,22.207382224380765,50.182127246236035,41.321636716852844,16.200218552695482,65019,2.6109660574412534,16.5045806906272
18025,Indiana,Crawford,10499,4.71473473664159,49.604724259453285,33.00314315649109,20.840080007619772,49640,3.4933513635339195,11.4228987425546
18027,Indiana,Daviess,33658,12.5646205954008,49.783112484401926,44.307445481014916,15.99619704082239,68503,1.5451093361267514,16.456301396060432
18029,Indiana,Dearborn,51094,5.930246212862567,49.737738286295844,34.99432418679297,19.2547070106079,84735,1.9283427822129662,25.26769573077458
18031,Indiana,Decatur,26422,6.907122852168646,49.89781242903641,37.65044281280751,18.15532510786466,69783,2.6507959690375347,19.96577610951645
18033,Indiana,DeKalb,43807,6.437327367772272,50.142671262583605,38.19024356837948,17.417307736206542,74331,4.518835766104361,20.200971361580976
18035,Indiana,Delaware,112280,15.708051300320625,51.65835411471322,43.42625578909868,17.59618810117563,58127,5.773111921538081,26.1890589569161
18037,Indiana,Dubois,43614,13.142568899894524,49.11954876874398,37.57509056724905,18.7646168661439,75979,2.2799877467069276,25.70453176250084
18039,Indiana,Elkhart,207132,30.117992391325345,50.325396365602614,42.95859645057258,15.421566923507715,68561,3.6048913735203985,20.123980473836923
18041,Indiana,Fayette,23334,6.261249678580616,50.149995714408156,35.77612068226622,20.56655524127882,59321,3.414996288047513,16.04719403350043
18043,Indiana,Floyd,80918,14.722311475815019,51.10605798462641,36.66427741664401,17.65120245186485,79704,4.133307610687759,32.93638078963295
18045,Indiana,Fountain,16617,6.6498164530300325,49.99699103327917,35.72245290967082,19.756875488957093,62542,4.7429878415793905,14.692307692307693
18047,Indiana,Franklin,23020,4.331016507384877,50.09122502172024,35.334491746307556,20.304083405734143,78074,3.930695629687096,19.48123960322839
18049,Indiana,Fulton,20312,10.45194958645136,49.453525009846395,36.01811736904293,20.514966522252855,61360,6.81386013099514,16.932115806611453
18051,Indiana,Gibson,33000,9.912121212121217,48.96666666666667,37.63939393939394,18.203030303030303,67573,2.3290203327171906,18.516063458394097
18053,Indiana,Grant,66295,17.372350856022322,51.8621313824572,39.70284335168565,19.26238781205219,53522,6.268694711385477,20.327225429568948
18055,Indiana,Greene,31021,4.783856097482353,49.676025917926566,34.505657457851136,20.37329550949357,62094,6.038271688417066,16.14564510299964
18057,Indiana,Hamilton,365056,21.37562456171108,50.76673167952314,38.955119214586254,13.880884028751753,121530,2.778054316661357,61.904937997682616
18059,Indiana,Hancock,84037,11.89357068910123,50.37186001404143,36.20310101502909,17.30309268536478,93186,2.732587418712093,34.93225674011222
18061,Indiana,Harrison,39859,5.807973105195819,49.770440803833516,34.36363180210241,19.22025138613613,74475,3.510846098488743,21.745756104476026
18063,Indiana,Hendricks,183344,22.704315385286677,49.667292084824155,38.29904441923379,15.046033685312855,101144,2.559905052282633,39.493517508784684
18065,Indiana,Henry,48970,7.900755564631412,47.40861752093118,34.32509699816214,19.579334286297733,63150,3.7210584343991178,17.452656085857868
18067,Indiana,Howard,83752,17.36197344541026,51.6130958066673,37.18717164963225,19.85863024166587,64027,5.830248883216337,20.820406756290936
18069,Indiana,Huntington,36798,7.1471275612805085,49.96195445404641,37.17049839665199,18.69938583618675,66301,3.5016763344154116,21.25875777375423
18071,Indiana,Jackson,46660,20.486498071153026,48.6262323189027,40.3643377625375,16.163737676810975,70262,2.6422675459667206,20.275214505423346
18073,Indiana,Jasper,33234,13.076969368718782,50.31594150568695,36.583017391827646,18.673647469458988,77314,4.892095436997659,19.168189332637258
18075,Indiana,Jay,20229,7.222304612190422,49.26096198526867,39.448316772949724,18.290572939838846,54969,4.412872672478743,13.328352633545013
18077,Indiana,Jefferson,32998,9.049033274743923,51.93648099884842,35.69004182071641,19.21328565367598,64577,4.3912933434573524,19.761330346372567
18079,Indiana,Jennings,27562,7.24548291125463,49.11472316958131,37.28321602205936,17.480589217037952,69322,4.602073543671216,14.773916684111366
18081,Indiana,Johnson,166315,16.110994197757268,50.37188467666777,38.97784324925593,15.74422030484322,90454,2.9973596601997476,34.68381202900611
18083,Indiana,Knox,36007,10.556280723192712,49.312633654567165,38.531396672869164,19.09906407087511,61237,3.119007332205302,19.070247933884296
18085,Indiana,Kosciusko,80442,14.76343203799011,49.91795330797345,38.80932846025708,18.076378011486536,75317,2.7714071892426912,25.055305655925082
18087,Indiana,LaGrange,40805,6.626638892292613,49.0234039946085,47.05305722337949,14.569292978801618,84487,4.237288135593221,11.530302400066553
18089,Indiana,Lake,500379,48.63113759770095,51.335487700323156,37.50077441299495,17.87485086304581,71493,6.082742064111945,25.80357247027803
18091,Indiana,LaPorte,111917,24.022266501067758,48.09010248666422,35.58529982040262,19.443873584888802,71055,4.7992471769134255,22.678852820674443
18093,Indiana,Lawrence,45102,6.662675712828703,50.29932153784755,34.75012194581171,20.502416744268547,66468,3.5266738274257072,20.411589156926137
18095,Indiana,Madison,131900,17.96360879454132,49.570887035633056,35.91432903714936,18.809704321455648,63037,5.92974340665311,20.482213013293148
18097,Indiana,Marion,975809,50.475759088100226,51.57249010820765,42.76953789112419,13.16364165528295,66346,5.031883701773621,34.758441306716314
18099,Indiana,Marshall,46284,15.059199723446548,49.54627949183303,38.59649122807018,18.982801832166622,71808,2.5712786426447436,20.937047174368058
18101,Indiana,Martin,9830,5.361139369277723,48.524923702950154,35.737538148524926,20.98677517802645,68594,2.3932329275840725,13.324614937518165
18103,Indiana,Miami,35712,13.062836021505376,45.449708781362006,35.9375,18.184363799283155,61139,6.5599399662310045,16.068803877169984
18105,Indiana,Monroe,140965,19.279253715461287,50.09967013088355,48.45387152839357,14.646898166211471,65868,5.511351580734139,49.45424416719702
18107,Indiana,Montgomery,38312,11.001774900814365,49.23261641261224,37.700981415744415,18.850490707872208,71479,3.310752304792951,20.418326693227094
18109,Indiana,Morgan,72659,6.507108548149576,50.05711611775554,35.38997233653092,18.13539960638049,79429,4.180314217509577,21.1207065750736
18111,Indiana,Newton,13922,14.380117799166792,49.18833500933774,33.8169803189197,20.24852751041517,75481,6.516952884191986,15.266036797613127
18113,Indiana,Noble,47495,14.944731024318347,49.765238446152225,38.68617749236762,17.09653647752395,71723,3.158925454468049,18.798141391461627
18115,Indiana,Ohio,5999,5.200866811135185,49.47491248541424,30.105017502917153,23.553925654275712,70392,1.3471502590673574,17.756799280737244
18117,Indiana,Orange,19767,6.70814994688117,50.123943946982344,35.89315525876461,20.797288409976222,65873,3.115007735946364,16.08168011045709
18119,Indiana,Owen,21604,5.049990742455101,49.21310868357712,32.80873912238474,21.30161081281244,62464,2.987197724039829,16.772796739684157
18121,Indiana,Parke,16406,5.717420455930755,51.47507009630623,35.43215896623187,20.541265390710716,68485,4.358636829018575,15.413858648695353
18123,Indiana,Perry,19270,7.451997924234566,45.23611831863,34.54073689673067,19.507005708354956,61151,4.494765589440146,16.587335929612003
18125,Indiana,Pike,12154,4.623992101365804,49.90949481652131,34.49893039328616,21.50732269211782,71334,3.1718963165075036,16.029736322453246
18127,Indiana,Porter,174818,20.91375030031233,50.49136816574952,35.9339427290096,18.277866123625714,87972,4.693480158463708,31.067390025491864
18129,Indiana,Posey,25116,6.780538302277428,49.80490523968785,34.05000796305144,20.883102404841534,78129,1.831008243500317,25.245846991499526
18131,Indiana,Pulaski,12441,8.729201832650112,49.754842858291134,35.50357688288723,21.372879993569647,62792,1.8345563709139425,14.10958904109589
18133,Indiana,Putnam,37280,9.40718884120172,47.05472103004292,38.69098712446352,17.34978540772532,78378,3.0883367839889577,20.222423075411637
18135,Indiana,Randolph,24387,9.30003690490835,49.83802845778489,35.26879074916964,20.629843769221306,60791,4.529892020015802,15.054456025295702
18137,Indiana,Ripley,29095,5.811995188176667,49.61333562467778,37.394741364495616,18.762673998968896,70573,3.025175961017867,20.719815019603903
18139,Indiana,Rush,16739,5.591731883625062,50.182209212019835,35.75482406356413,19.46352828723341,66473,4.3025087868137195,18.582717308182513
18141,Indiana,St. Joseph,273040,31.07676530911222,51.15074714327571,41.259522414298274,16.855772048051566,66868,5.205656930321933,33.51365866484663
18143,Indiana,Scott,24526,6.5114572290630335,50.611595857457395,37.16464160482753,17.071679034494007,56352,3.2973725421959283,12.6877540201449
18145,Indiana,Shelby,45265,10.204352148459073,50.29272064509003,35.63017784159947,18.64796200154645,72190,3.5588273729145796,21.92264079627063
18147,Indiana,Spencer,19955,6.8353796041092485,48.544224505136555,33.95139062891506,20.626409421197696,74506,3.334316907642372,22.002524190155658
18149,Indiana,Starke,23365,8.979242456665947,49.642627862187034,35.49325914829874,20.654825593836936,63960,3.3692591513739196,12.526629740093737
18151,Indiana,Steuben,34726,8.62178195012383,47.958302136727525,36.01336174624201,21.865461037839083,74911,7.241595085044656,25.63974535014355
18153,Indiana,Sullivan,20780,9.586140519730513,44.67757459095284,33.25312800769971,18.946102021174205,56204,4.445145018915511,14.553314121037463
18155,Indiana,Switzerland,9909,5.439499444949036,48.4609950550005,35.957210616611164,18.76072257543647,65343,4.184008762322016,8.856142398599358
18157,Indiana,Tippecanoe,189071,28.431118468723394,48.683298866563355,51.625579808643316,12.282687456035035,60636,3.2527900283661513,40.51826903063445
18159,Indiana,Tipton,15346,7.200573439332725,49.934836439463055,33.92414961553499,22.149094226508538,76156,2.2857906696965644,23.544303797468356
18161,Indiana,Union,6985,4.91052254831782,50.107372942018614,34.158911954187545,21.073729420186112,76424,4.252437703141928,18.394715772618095
18163,Indiana,Vanderburgh,180117,19.744388369781863,51.104559813898746,38.16075106736177,18.299771814986926,61648,4.162068592448339,27.802462353777546
18165,Indiana,Vermillion,15421,4.668957914532134,49.50392322158096,35.78885934764283,20.044095713637248,60200,4.588744588744588,17.615201028088855
18167,Indiana,Vigo,106109,16.046706688405322,49.635751915483134,42.04261655467491,17.365162238829882,52976,5.7204706259646025,26.255023748629885
18169,Indiana,Wabash,30844,7.790818311503045,51.07962650758657,35.22240954480612,21.822720788483984,66806,3.4448624034844584,23.10246241814996
18171,Indiana,Warren,8464,5.789224952741023,49.66918714555766,33.44754253308128,21.408317580340263,82425,4.3851717902350815,17.504105090311985
18173,Indiana,Warrick,65261,10.51010557607147,50.812889781033086,36.18853526608541,18.689569574477865,89844,3.120686551041229,35.15827194903444
18175,Indiana,Washington,28212,4.724939741953782,50.070891819084075,35.924429320856376,18.552389054303134,64641,3.1764366156511694,14.464294751758692
18177,Indiana,Wayne,66397,14.313899724385138,51.220687681672366,37.47458469509164,19.731313161739234,55692,5.4206208782370915,20.450736526417923
18179,Indiana,Wells,28420,7.807881773399017,50.03518648838846,38.522167487684726,18.645320197044335,71957,2.6130517194692664,19.948822392814247
18181,Indiana,White,24717,14.20075251850953,50.59675526965247,36.14920904640531,21.16761742929967,67303,3.489241505358478,19.204757462686565
18183,Indiana,Whitley,34618,8.05650239759662,50.294644404644984,36.452134727598356,19.186550349529146,78083,3.2799558255107675,23.633433871834068
19001,Iowa,Adair,7460,6.943699731903486,49.69168900804289,34.865951742627345,22.57372654155496,68092,3.9558181351143076,19.942748091603054
19003,Iowa,Adams,3622,5.521811154058531,49.917172832689126,32.771949199337385,24.185532854776365,71875,3.929384965831435,26.979246733282093
19005,Iowa,Allamakee,14092,13.47573091115527,49.04200965086574,35.942378654555775,23.119500425773488,70694,2.46395072098558,22.15568862275449
19007,Iowa,Appanoose,12184,6.2458962573867405,49.73736047275115,33.847669074195665,23.653972422849638,54934,3.850998740327515,20.49732744596793
19009,Iowa,Audubon,5599,6.161814609751737,51.38417574566887,32.27362028933738,25.45097338810502,58229,1.2972972972972974,20.81592528876874
19011,Iowa,Benton,25724,5.562898460581556,49.669569273829886,35.0101072928005,19.798631628051623,86962,2.0117725951866476,25.556480710519015
19013,Iowa,Black Hawk,131049,21.939885081152855,50.84968217994796,43.039626399285766,17.65599127044083,66417,4.560492841252638,30.292479108635096
19015,Iowa,Boone,26668,7.113394330283485,48.728813559322035,34.19454027298635,19.964001799910005,83531,1.506461198258586,28.497463521782336
19017,Iowa,Bremer,25204,7.7289319155689595,50.23408982701159,39.20012696397397,19.758768449452468,86784,3.304856115107914,36.249924830116065
19019,Iowa,Buchanan,20694,5.049772881028314,49.56992364936696,37.59060597274572,18.628587996520732,78236,2.841063810474721,22.35766528036713
19021,Iowa,Buena Vista,20753,47.92078253746447,49.19288777526141,43.46359562472895,16.25307184503445,71719,5.547926393847844,22.228181748525017
19023,Iowa,Butler,14268,5.431735351836275,50.31539108494533,34.35660218671152,23.170731707317074,73715,3.1335149863760217,21.41304347826087
19025,Iowa,Calhoun,9803,8.660614097725183,47.679281852494135,33.84678159747016,23.66622462511476,64964,2.572202166064982,21.81973759269823
19027,Iowa,Carroll,20594,8.070311741283865,49.99028843352433,37.05933767116636,21.176070700203944,72930,1.8012192869019028,23.990312700334783
19029,Iowa,Cass,13096,6.5058032987171615,50.69486866218693,34.68234575442883,23.373549175320708,63013,1.4029850746268657,22.127059843885515
19031,Iowa,Cedar,18349,6.834159899722058,50.188021145566516,33.39691536323505,21.031118862063327,80602,2.2520661157024793,23.7331719860838
19033,Iowa,Cerro Gordo,42632,11.758772752861702,50.61690748733346,33.97213360855695,23.541002064177142,68189,2.6148538224078446,23.977446794641985
19035,Iowa,Cherokee,11600,11.379310344827587,49.922413793103445,32.81896551724138,24.870689655172413,71269,2.4878048780487805,23.42266554500661
19037,Iowa,Chickasaw,11807,7.427797069535025,48.42889811128991,35.521300923181165,22.622173287033117,75675,1.5832400447785062,21.169132933838817
19039,Iowa,Clarke,9662,22.500517491202654,49.047816187124816,38.666942661974744,19.913061477954876,71641,4.235880398671096,15.978484417022623
19041,Iowa,Clay,16461,8.911973756150903,50.446509932567885,36.05491768422331,22.392321244152846,65428,3.51288056206089,27.54977296542089
19043,Iowa,Clayton,17013,5.049080115206017,49.673778874977955,33.20989831305472,25.03967554223241,67242,2.519039250146456,14.47800393959291
19045,Iowa,Clinton,46268,10.979510676925742,50.667848188813004,35.357050229100025,20.26886833232472,66981,3.372434017595308,22.388892332486208
19047,Iowa,Crawford,16277,37.91239171837562,48.47944953001167,40.124101492904096,17.988572832831604,67027,3.8164308643443112,17.71579344138711
19049,Iowa,Dallas,107968,19.118627741553052,50.24544309425015,40.81764967397748,12.867701541197391,102379,2.292953960631341,51.492600185346404
19051,Iowa,Davis,9157,6.170143059954136,48.891558370645406,42.39379709511849,18.139128535546575,77194,2.7177869449162824,17.06210746685276
19053,Iowa,Decatur,7759,9.820853202732316,50.38020363448898,42.95656656785668,21.123856167031835,59044,1.9359834796076407,23.519564762502615
19055,Iowa,Delaware,17558,5.946007517940544,48.88939514751111,35.778562478642215,21.551429547784487,74989,2.049011532125206,22.561922668192594
19057,Iowa,Des Moines,38487,15.496141554291054,50.44040844960636,35.51588848182503,21.253929898407254,62928,3.1093489148580966,23.825726754937495
19059,Iowa,Dickinson,17990,6.6425792106725945,49.672040022234576,29.594219010561424,28.232351306281267,75432,2.9643449419568824,31.183431952662723
19061,Iowa,Dubuque,99030,11.74593557507826,50.37059476926184,38.71857013026356,19.339594062405332,77630,3.6607630197060095,33.368648809967915
19063,Iowa,Emmet,9262,14.780824875836752,48.94191319369467,35.42431440293673,24.076873245519327,63730,1.6722408026755853,17.086578103527255
19065,Iowa,Fayette,19288,8.984861053504767,49.68374118622978,35.2447117378681,22.936540854417256,60165,3.2026212873903392,20.689655172413794
19067,Iowa,Floyd,15328,11.31263048016702,48.87134655532359,35.81028183716075,23.00365344467641,68557,3.269683494637719,18.319675991334652
19069,Iowa,Franklin,9956,19.777018883085574,48.6942547207714,36.048613901165126,21.564885496183205,59894,3.7913699204021785,19.39598299369594
19071,Iowa,Fremont,6514,8.581516733190053,49.90789069696039,32.62204482652748,24.17869204789684,71621,0.8033419023136247,20.780322307039864
19073,Iowa,Greene,8688,7.700276243093917,49.20580110497237,33.88581952117864,24.389963167587478,63409,2.3018509729473187,21.19538736397596
19075,Iowa,Grundy,12384,5.127583979328165,50.492571059431526,35.36821705426357,20.99483204134367,87205,1.9559143123253648,27.83755640402638
19077,Iowa,Guthrie,10688,7.559880239520956,49.95321856287425,32.22305389221557,24.242140718562876,77711,3.22108345534407,25.038799793067774
19079,Iowa,Hamilton,14886,16.223297057638053,48.501948139191185,35.751713018943974,21.207846298535536,72432,4.848956307532737,22.758487281168392
19081,Iowa,Hancock,10671,9.867866179364636,48.64586261831131,33.586355543060634,23.934026801611846,70601,1.8781911013858497,20.450059218318202
19083,Iowa,Hardin,16639,9.94651120860629,49.341907566560494,31.402127531702625,23.847586994410722,65069,4.288385136714186,21.939651647722627
19085,Iowa,Harrison,14632,5.597320940404593,49.09103335155823,35.55221432476763,20.133952979770367,79535,2.292792199235736,21.994709513079258
19087,Iowa,Henry,20004,13.792241551689665,47.56048790241952,36.4877024595081,20.15096980603879,67436,1.4785506039150353,22.95152914021927
19089,Iowa,Howard,9445,7.019587083112755,49.602964531498145,38.26363155108523,20.455267337215457,67446,1.8541930046354824,19.524940617577197
19091,Iowa,Humboldt,9591,9.634031904910856,50.44312376186008,36.1588989677823,21.634866020227296,71946,5.037159372419488,19.35338345864662
19093,Iowa,Ida,6911,8.493705686586605,49.48632614672262,37.129214296049774,22.182028649978296,63073,2.3982152816508644,21.584873592521774
19095,Iowa,Iowa,16507,7.49379051311565,48.63997092142727,35.22142121524202,20.29442054885806,71223,1.9055225924235508,24.827645639434678
19097,Iowa,Jackson,19390,6.353790613718413,49.061371841155236,33.981433728726145,22.19700876740588,74186,5.097037793667007,19.520845396641576
19099,Iowa,Jasper,37954,9.24803709753913,47.64188227854772,35.07403699214839,19.760763028929755,71311,5.684754521963824,20.01796003891342
19101,Iowa,Jefferson,15705,17.599490608086597,48.52594715058898,32.964024196115886,26.692136262336835,61620,7.950215900431801,43.2386460282361
19103,Iowa,Johnson,156639,25.184021859179385,50.30101060400028,48.28363306711611,13.300646709950906,74935,3.7701057495778905,55.158045058294434
19105,Iowa,Jones,20896,8.470520673813176,47.085566615620216,33.06852986217458,21.339012251148546,73531,3.555856990601686,22.03960396039604
19107,Iowa,Keokuk,9924,5.411124546553814,48.27690447400242,35.1068117694478,22.501007658202337,62329,4.507857733664185,16.97570792008049
19109,Iowa,Kossuth,14516,8.273629098925328,49.29043813722789,33.47340865252136,25.392670157068064,67697,1.9175846593227255,22.816657027183343
19111,Iowa,Lee,32893,9.719393183960111,49.83735141215456,34.60006688353145,22.22053324415529,62382,4.452388690282743,21.688328182549427
19113,Iowa,Linn,230004,17.649693048816538,50.65042347089616,38.069337924557836,17.304916436235892,77649,3.4512800428412715,34.74170655223634
19115,Iowa,Louisa,10678,23.019292002247617,49.569207716800896,34.71623899606668,20.097396516201535,77354,2.970841738492573,16.79267807401512
19117,Iowa,Lucas,8716,6.011932078935289,48.210188159706284,35.60119320789353,21.994033960532356,61793,5.162064825930372,15.792062971466054
19119,Iowa,Lyon,12162,6.627199473770762,48.76665022200296,41.234994244367705,19.075809899687552,76746,2.3356262997920334,20.42651593011305
19121,Iowa,Madison,16926,5.748552522746076,49.66914805624483,36.64776084130923,17.69467092047737,90855,3.455372616984402,27.14509940704569
19123,Iowa,Mahaska,22021,8.446482902683805,49.18941010853276,38.89015031106671,19.06816220880069,70940,3.5081533715293083,24.129217320038247
19125,Iowa,Marion,33642,6.685096010938707,49.81570655727959,38.51732952856548,19.36567386005588,78680,2.176886254843857,32.11131924003211
19127,Iowa,Marshall,40114,34.03549882833923,49.32193249239667,39.36780176496983,18.200628209602634,73315,4.278434765887895,22.561412776876345
19129,Iowa,Mills,14568,7.310543657331136,50.06177924217463,34.89840746842394,20.05079626578803,90753,1.9804781440090535,30.967489993166065
19131,Iowa,Mitchell,10575,4.8605200945626486,49.976359338061464,36.274231678487,21.6548463356974,71365,1.2043861225957218,24.887001780578004
19133,Iowa,Monona,8557,7.163725604768024,50.99918195629309,33.82026411125394,24.35432978847727,68377,1.6209773539928487,19.62938668415874
19135,Iowa,Monroe,7513,5.217622787168907,49.926793557833086,35.83122587514974,20.604285904432317,70996,3.131007964844823,21.3532681617788
19137,Iowa,Montgomery,10214,8.047777560211477,49.81398081065205,34.79537889171725,23.11533189739573,63666,2.6288117770767614,20.382430372731054
19139,Iowa,Muscatine,42559,25.02643389177377,49.712164289574474,37.705303226109635,18.07138325618553,69396,3.195990067138784,23.089436522220684
19141,Iowa,O'Brien,14126,13.011468214639677,50.049554013875124,38.06456180093445,21.159563924677897,68356,0.9970918155380141,22.047080783988385
19143,Iowa,Osceola,6100,15.967213114754097,46.704918032786885,34.34426229508197,22.770491803278688,69239,3.3860759493670884,16.740395809080326
19145,Iowa,Page,15131,9.708545370431565,47.06893133302491,30.85718062256295,24.215187363690436,57953,5.008077544426494,19.241672572643516
19147,Iowa,Palo Alto,8863,8.744217533566513,49.38508405731694,36.99650231298657,22.227236827259393,72781,2.204492966617678,19.011406844106464
19149,Iowa,Plymouth,25747,11.974210587641277,49.06202664388084,37.08781605623956,19.7925971957898,83251,2.1992331621211023,21.68399405917971
19151,Iowa,Pocahontas,7046,11.410729491910299,49.98580755038319,35.36758444507522,23.87170025546409,61875,5.403834979662987,18.659011687512816
19153,Iowa,Polk,503175,26.842549808714665,50.224077110349285,40.778655537337904,13.966313906692502,83576,4.35214527327755,40.255420096495996
19155,Iowa,Pottawattamie,93424,15.452132214420278,50.49666038705258,37.267725637951706,18.740366501113204,73602,3.814216238027481,23.640337183890104
19157,Iowa,Poweshiek,18545,10.202210838500946,51.253707198705854,38.84605014828795,21.391210568886493,67391,3.6429683445770626,27.328531674578493
19159,Iowa,Ringgold,4645,5.33907427341227,50.16146393972013,34.7470398277718,23.65984930032293,73346,3.2576082297471065,24.63633549984525
19161,Iowa,Sac,9689,8.153576220456182,49.323975642481166,33.01682320156879,24.264629992775312,73838,4.433028919330289,22.336124747328906
19163,Iowa,Scott,174608,22.971456061577932,50.611655823329976,37.70388527444332,17.53470631357097,78277,3.6540215110466585,36.59672098203071
19165,Iowa,Shelby,11778,8.719646799116997,50.500933944642554,34.87009679062659,23.12786551197147,72738,3.186980844210883,24.065477644759344
19167,Iowa,Sioux,36212,17.204241687838284,49.40903567878051,46.0068485584889,16.199050038661216,86098,1.521481252256434,30.56874243693568
19169,Iowa,Story,100466,19.016383652180835,47.65691875858499,54.43334063265184,13.21342543746143,69685,4.7592502264650545,54.84835942203492
19171,Iowa,Tama,16868,21.62674887360683,49.697652359497276,36.56035096039839,20.968698126630304,70781,3.8429003021148036,20.50549640785943
19173,Iowa,Taylor,5868,11.12815269256987,48.875255623721884,34.54328561690525,22.86980231765508,67740,2.9481531684174858,16.012673653424322
19175,Iowa,Union,11993,8.129742349703994,50.15425664971233,37.01325773367798,20.76211123155174,57772,4.031830238726791,23.345543345543344
19177,Iowa,Van Buren,7241,5.634580858997373,48.65350089766607,35.51995580720895,23.574091976246375,61161,4.10056869200838,18.802062673542245
19179,Iowa,Wapello,35362,24.353826141055368,49.3552400882303,38.60924155873536,18.370001696736608,64766,4.289606399629007,19.60931317422633
19181,Iowa,Warren,54409,8.072193938502824,50.304177617673545,38.78034883934643,16.747229318678894,94588,3.4001297238248047,33.28000882612533
19183,Iowa,Washington,22561,11.315987766499713,50.130756615398255,37.58255396480652,20.114356633127965,75647,2.2120200333889817,26.237816764132553
19185,Iowa,Wayne,6532,6.276791181873853,49.49479485609308,38.45682792406613,22.581139007960807,61964,2.9239766081871346,17.19890510948905
19187,Iowa,Webster,36886,16.119937103508107,47.57631621753511,39.410616494062786,19.85306078186846,68975,4.820753209396473,22.02090311125459
19189,Iowa,Winnebago,10583,11.036568080884434,48.34168005291505,36.076726826041764,22.120381744306908,67642,3.009850419554907,26.069773780321615
19191,Iowa,Winneshiek,19873,6.742816887233937,49.23262718260957,36.481658531676146,23.308005837065366,79066,2.316076294277929,31.23054114158636
19193,Iowa,Woodbury,106247,32.9119881031935,49.52422186038194,42.273193596054476,15.872448163242256,73658,4.105481244547834,24.302578258060727
19195,Iowa,Worth,7350,6.707482993197278,48.095238095238095,32.476190476190474,22.91156462585034,78008,3.5450516986706058,19.12313432835821
19197,Iowa,Wright,12791,24.462512704245178,49.72246110546478,38.1127355171605,22.10147760143851,67190,1.8446437637502116,24.88328664799253
20001,Kansas,Allen,12483,11.495634062324767,50.9492910358087,37.731314587839464,20.980533525594808,60689,7.911947679055671,22.437182965671816
20003,Kansas,Anderson,7834,9.07582333418433,50.93183558846056,37.988256318611185,20.704620883329078,70614,4.097035040431267,13.96240889911776
20005,Kansas,Atchison,16208,13.295903257650544,50.64782823297137,44.44101678183613,18.083662388943733,61112,4.589963280293758,21.82612228316067
20007,Kansas,Barber,4069,11.329565003686415,48.75890882280659,36.15138854755468,23.765052838535265,61926,1.2455516014234875,27.253064167267482
20009,Kansas,Barton,25097,21.062278359963337,50.774993027055025,37.86508347611268,20.755468781129217,58851,3.8917089678510997,21.675281954887218
20011,Kansas,Bourbon,14394,11.164374044740866,50.791996665277196,40.78088092260664,20.00833680700292,59238,5.280671296296297,23.855370132648694
20013,Kansas,Brown,9343,18.484426843626245,50.454886010917264,35.87712726105105,22.348282136358772,62233,5.176933158584535,19.625154894671624
20015,Kansas,Butler,68287,14.285295883550308,49.20555889115059,38.72479388463397,16.24174440230205,81610,3.3978122857738966,32.37032317595624
20017,Kansas,Chase,2561,13.705583756345174,49.04334244435767,31.589222959781335,25.224521671222178,56484,0.9369676320272572,30.237467018469655
20019,Kansas,Chautauqua,3370,19.85163204747774,48.01186943620178,32.611275964391695,24.03560830860534,56438,3.6168787675820497,18.55840927920464
20021,Kansas,Cherokee,19151,14.693749673646284,50.58221502793588,35.64826901989452,20.24437366194977,57668,3.2582810132063216,19.422138836772984
20023,Kansas,Cheyenne,2628,12.785388127853881,47.26027397260274,32.6103500761035,26.217656012176562,55429,2.4539877300613497,22.013562858633282
20025,Kansas,Clark,1974,12.664640324214794,49.24012158054711,36.11955420466059,22.847011144883485,63043,2.7863777089783284,31.088082901554404
20027,Kansas,Clay,8048,9.952783300198808,48.70775347912525,33.84691848906561,24.179920477137177,66176,1.0264721772015126,25.51396942540854
20029,Kansas,Cloud,8898,10.68779501011463,48.33670487750056,38.16587997302765,21.443020903573835,58770,2.489347387306571,20.824222035323803
20031,Kansas,Coffey,8308,8.678382282137697,50.36109773712085,33.30524795377949,22.49638902262879,70346,6.398996235884567,19.681208053691275
20033,Kansas,Comanche,1729,5.3209947946790015,53.55696934644303,30.01735106998265,29.149797570850204,54545,1.6891891891891893,20.078125
20035,Kansas,Cowley,34411,23.143762169073845,49.373746767022176,38.900351631745664,18.94161750603005,57878,3.8510260957689386,24.524396688391757
20037,Kansas,Crawford,39008,16.606849876948317,49.876948318293685,45.99312961443806,15.953137817883512,52844,4.068145102070789,32.15996578272027
20039,Kansas,Decatur,2726,9.501100513573002,48.86280264123258,27.842993396918562,29.7505502567865,53870,4.110612855007473,26.96101456082668
20041,Kansas,Dickinson,18445,11.564109514773646,50.192464082407156,34.128490105719706,21.089726213065873,68417,2.7642095914742453,23.703419131771035
20043,Kansas,Doniphan,7503,11.95521791283487,49.95335199253632,38.69119019059043,20.165267226442758,74028,1.6402116402116402,21.7286432160804
20045,Kansas,Douglas,120302,23.978819969742815,50.41146448105601,47.83295373310502,13.90001828731027,69746,4.216141800034418,53.194099768563696
20047,Kansas,Edwards,2779,27.52788772939907,49.83807124865059,34.5088161209068,22.490104354084202,52692,6.790123456790123,20.54933875890132
20049,Kansas,Elk,2453,12.596820220138605,50.83571137382796,32.04239706481859,28.49571952710966,64609,2.027027027027027,21.48190695002872
20051,Kansas,Ellis,28920,13.146611341632086,49.75103734439834,46.24135546334716,15.961272475795298,63084,3.245913207103375,38.91446989754806
20053,Kansas,Ellsworth,6360,16.19496855345912,43.17610062893082,30.455974842767297,23.553459119496857,65560,2.562225475841874,22.74
20055,Kansas,Finney,38084,62.994958512761265,48.66873227602142,47.208801596470956,11.881630080873858,73009,4.056410256410256,18.988066405389933
20057,Kansas,Ford,34074,64.59177085167576,47.43205963491225,47.2295591946939,11.871221459177086,70781,5.056433408577878,20.677397057371383
20059,Kansas,Franklin,26106,11.093235271585078,49.728031870068186,37.87251972726576,17.91925227916954,77207,2.984640023294751,24.5694991558807
20061,Kansas,Geary,35815,45.1040067011029,47.56386988691889,56.39257294429708,8.680720368560658,59317,6.927803379416282,26.2336609585571
20063,Kansas,Gove,2799,6.252232940335833,49.910682386566634,37.22758127902822,22.829581993569132,66029,2.611683848797251,24.165341812400637
20065,Kansas,Graham,2389,12.724989535370446,48.76517371285056,31.645039765592298,27.040602762662203,50650,5.016722408026756,26.93208430913349
20067,Kansas,Grant,7229,55.96901369484022,45.082307373080646,43.06266426891686,14.35883248028773,66476,0.6876790830945558,25.122276567363272
20069,Kansas,Gray,5701,20.557796877740753,48.62304858796702,42.5363971233117,16.839151026135767,79122,2.6521591295477727,25.921787709497206
20071,Kansas,Greeley,1304,18.55828220858896,53.144171779141104,38.95705521472393,18.328220858895705,80565,0.14792899408284024,29.797377830750893
20073,Kansas,Greenwood,5919,9.106267950667347,48.84270991721574,32.11691164047981,26.355803345159654,60042,3.380281690140845,21.59406858202039
20075,Kansas,Hamilton,2471,45.730473492513156,51.800890327802506,46.98502630513962,11.776608660461351,70250,3.056768558951965,20.5
20077,Kansas,Harper,5400,13.944444444444448,50.48148148148148,37.7962962962963,21.685185185185187,53488,1.9708654670094259,22.798785536847916
20079,Kansas,Harvey,33756,18.802583244460248,50.70802227752103,37.243749259390924,21.445076430856737,74368,4.8052691867124855,30.087879578874098
20081,Kansas,Haskell,3641,34.001647898928866,49.27217797308432,42.79044218621258,15.819829717110684,66162,3.6427732079905994,19.870129870129873
20083,Kansas,Hodgeman,1652,7.9903147699757815,54.539951573849876,32.082324455205814,22.215496368038743,59955,0.6321112515802781,30.17094017094017
20085,Kansas,Jackson,13341,18.394423206656175,49.08927366764111,37.86073008020388,19.713664642830373,75215,1.789505611161662,22.646140116019634
20087,Kansas,Jefferson,18349,8.932366886478826,49.39778734535942,33.70210910676331,19.979290424546296,81278,2.4029000517866392,24.60868901275101
20089,Kansas,Jewell,2916,8.127572016460904,48.93689986282579,31.755829903978054,31.344307270233195,52634,1.3475177304964538,18.21544151641239
20091,Kansas,Johnson,620631,23.851048368515272,50.56772865035746,38.11217937872907,15.952313049138699,109208,3.2040338269742326,57.55712518869301
20093,Kansas,Kearny,3864,41.485507246376805,50.93167701863354,42.28778467908903,18.193581780538302,89135,2.2123893805309733,19.386942675159236
20095,Kansas,Kingman,7186,10.3395491232953,48.67798497077651,34.8872808238241,19.70498190926802,59842,2.2240756185710313,25.28324388789505
20097,Kansas,Kiowa,2422,12.675474814203136,51.403798513625105,39.14120561519405,22.625928984310487,75539,2.2029897718332023,28.342575477510785
20099,Kansas,Labette,19869,16.845336957068803,48.648648648648646,37.44023352961901,20.297951582867785,56325,3.1036759850319173,20.215912451937296
20101,Kansas,Lane,1461,18.8227241615332,49.89733059548254,31.89596167008898,25.66735112936345,54526,0.44642857142857145,24.408703878902553
20103,Kansas,Leavenworth,83123,22.647161435463104,46.42878625651144,37.397591520999,16.080988414758853,89218,4.077505397502118,36.118229367781794
20105,Kansas,Lincoln,2923,8.860759493670889,49.67499144714335,31.713992473486144,25.384878549435513,57500,2.4096385542168677,25.858778625954198
20107,Kansas,Linn,9767,9.040647076891572,48.858400737176204,32.77362547353333,22.801269581242963,59069,4.384410983170948,22.739647513970482
20109,Kansas,Logan,2707,12.30144070927226,47.765053564831916,36.46102696712227,21.499815293683042,75662,1.8280297901150981,25.70239334027055
20111,Kansas,Lyon,32186,31.73118747281427,51.01907661716274,45.96408376312682,16.1436649474927,59912,1.993038401077925,26.278749553776326
20113,Kansas,McPherson,30205,10.87568283396788,50.82933289190532,38.38106273795729,19.996689289852675,78851,1.8466877362582883,34.26823810234224
20115,Kansas,Marion,11754,9.077760762293686,49.34490386251489,36.10685724008848,23.685553854007146,64695,3.4305317324185247,30.393504059962524
20117,Kansas,Marshall,9993,6.714700290203146,48.70409286500551,35.284699289502655,23.07615330731512,68419,2.0354162426216162,19.085794655414908
20119,Kansas,Meade,3903,30.207532667179095,48.091211888291056,40.66102997694082,18.19113502434025,71852,1.5334063526834611,26.524990161353795
20121,Kansas,Miami,34938,10.123647604327669,49.96279123017917,36.62201614288168,18.097773198236876,89000,3.6923414046236442,31.003320583413895
20123,Kansas,Mitchell,5779,7.008132894964525,49.14345042394878,35.646305589202285,22.841322028032533,64246,0.14174344436569808,26.19526925012582
20125,Kansas,Montgomery,30940,23.506787330316747,50.47188106011635,37.37879767291532,20.30704589528119,55697,4.354022660870805,22.58869844927745
20127,Kansas,Morris,5340,10.018726591760297,47.62172284644195,31.310861423220974,25.93632958801498,58686,2.490842490842491,29.904185577407965
20129,Kansas,Morton,2611,29.720413634622755,50.67024128686327,33.97165836844121,19.64764458062045,66447,1.637852593266606,17.059791552386177
20131,Kansas,Nemaha,10160,6.722440944881891,48.818897637795274,39.40944881889764,20.226377952755904,77348,1.5117466802860062,29.922202274087372
20133,Kansas,Neosho,15656,12.020950434338273,49.85947879407256,39.19264179867144,20.586356668369955,56618,3.237550383565206,23.316360841579403
20135,Kansas,Ness,2653,20.052770448548817,49.227289860535244,37.31624575951753,25.02826988315115,68616,0.8059100067159167,25.013594344752583
20137,Kansas,Norton,5359,14.293711513342044,45.269639858182494,32.599365553274865,20.283635006531068,54050,1.6790123456790123,22.450012655024047
20139,Kansas,Osage,15744,7.920477642276424,49.0599593495935,34.90218495934959,20.884146341463413,74467,1.9285163281049114,21.564539521392312
20141,Kansas,Osborne,3452,8.198146002317497,49.71031286210892,32.53186558516802,26.767091541135574,63011,1.6449234259784458,23.79421221864952
20143,Kansas,Ottawa,5819,7.131809589276505,47.98075270665063,35.64186286303489,20.982986767485823,74018,2.8708133971291865,27.73254379471996
20145,Kansas,Pawnee,6144,20.1171875,45.41015625,28.304036458333332,23.307291666666668,63517,1.2203626220362622,17.959949937421776
20147,Kansas,Phillips,4813,8.414710159983374,48.18200706420112,33.57573239143985,25.55578641180137,62123,3.216123499142367,22.489724016441574
20149,Kansas,Pottawatomie,26204,12.87208059838193,49.801557014196305,41.74171882155396,15.341169287131736,92325,2.1420164770498236,38.192698982645126
20151,Kansas,Pratt,9127,15.875972389613235,49.852087213761365,40.70340747233483,21.12413717541361,66022,3.5969564214895087,25.830943141555597
20153,Kansas,Rawlins,2516,11.486486486486491,48.251192368839426,31.518282988871224,27.86168521462639,67742,1.3264554163596167,19.97834325933947
20155,Kansas,Reno,61553,17.956882686465324,49.51017822039543,36.75694117264796,20.566016278654168,60645,3.892264739694531,20.399520011293852
20157,Kansas,Republic,4646,6.736978045630648,49.91390443392165,35.062419285406804,26.75419715884632,56833,1.797752808988764,21.5033887861984
20159,Kansas,Rice,9350,22.37433155080214,48.18181818181818,40.27807486631016,19.005347593582886,63925,4.382807537582045,25.860648986987318
20161,Kansas,Riley,71946,26.357267950963227,46.79064854196203,58.409084591221195,10.011675423234092,61098,3.7941326736400547,48.90682994229362
20163,Kansas,Rooks,4813,8.601703719094122,50.59214627051735,31.6642426760856,23.914398504051526,62500,1.9975031210986267,23.21378141767862
20165,Kansas,Rush,2947,12.623006447234475,46.38615541228368,33.1184255174754,24.838819138106548,59970,3.599476439790576,21.207865168539325
20167,Kansas,Russell,6679,10.450666267405296,49.468483305884114,34.51115436442581,26.066776463542446,62392,1.8448182311448724,19.72274732199118
20169,Kansas,Saline,53668,22.19199522993217,50.061489155548934,37.99657151375121,18.811954982484906,65422,4.817426516791175,29.147346025857836
20171,Kansas,Scott,5027,24.90551024467873,48.57768052516411,39.72548239506664,20.031828128108216,68839,2.729620066396164,28.71652816251154
20173,Kansas,Sedgwick,528226,35.08990469988225,50.335651785410036,41.574818354265034,15.860067471120315,69365,4.999419456086534,32.06529731849601
20175,Kansas,Seward,21486,74.90458903472029,47.52396909615564,48.22209811039747,10.704644885041422,63827,4.939907258446106,11.371210918901761
20177,Kansas,Shawnee,178025,29.00716191546131,51.3287459626457,37.75256284229743,19.445583485465523,67104,4.148479120123732,32.234504540071065
20179,Kansas,Sheridan,2426,8.738664468260515,50.082440230832646,37.180544105523495,23.41302555647156,73750,0.694980694980695,24.25531914893617
20181,Kansas,Sherman,5858,17.156025947422325,47.695459201092525,40.252645954250596,21.15056333219529,61750,0.6001263423878711,24.070138150903293
20183,Kansas,Smith,3552,6.7286036036036005,47.94481981981982,30.63063063063063,29.27927927927928,59135,0.6204173716864072,25.572519083969464
20185,Kansas,Stafford,3978,18.903971845148316,48.41628959276018,36.551030668677726,22.750125691302163,64226,2.487562189054726,27.137140778464897
20187,Kansas,Stanton,2038,54.26889106967615,51.47203140333661,36.94798822374877,15.06378802747792,71700,1.7509727626459144,24.183006535947712
20189,Kansas,Stevens,5162,42.83223556760946,45.09879891514917,38.8221619527315,17.822549399457575,64178,3.1092436974789917,20.26618269812462
20191,Kansas,Sumner,22353,13.501543416991012,49.2953965910616,37.458059320896524,19.536527535453853,63951,5.9378574151734655,25.915919873484448
20193,Kansas,Thomas,7885,13.379835129993655,49.52441344324667,43.67786937222574,18.617628408370322,71325,0.5659950192438307,34.614602399837295
20195,Kansas,Trego,2777,4.825351098307529,50.48613611811307,27.187612531508822,27.943824270795822,81528,0.9953550099535501,30.146019783325485
20197,Kansas,Wabaunsee,7009,10.386645741189904,48.58039663290056,36.09644742473962,21.600798972749324,76908,4.354053279862503,24.953598680140235
20199,Kansas,Wallace,1417,12.13832039520113,47.56527875793931,35.56810162314749,26.040931545518703,63207,1.331360946745562,24.543610547667345
20201,Kansas,Washington,5533,10.103018254111696,48.25591903126694,36.2190493403217,23.62190493403217,65482,1.0897203051216855,25.783699059561126
20203,Kansas,Wichita,2091,30.942132950741275,46.53275944524151,38.25920612147298,24.007651841224295,79063,0.779510022271715,20.057306590257877
20205,Kansas,Wilson,8505,9.629629629629633,49.441504997060555,34.99118165784832,23.092298647854204,60677,2.9550533896200646,19.878398919101503
20207,Kansas,Woodson,3109,8.555805725313604,49.115471212608554,30.942425217111612,25.86040527500804,50326,1.6011644832605532,23.056768558951966
20209,Kansas,Wyandotte,167654,63.59406873680318,49.64748827943264,43.78362580075632,13.321483531559045,63631,5.749342473252645,21.197385129097494
21001,Kentucky,Adair,19089,9.607627429409604,49.36350777934936,38.084760857038084,19.671014720519672,53553,6.816340701307719,21.759475900795508
21003,Kentucky,Allen,21293,7.32635138308364,50.57530643873574,36.42511623538252,17.87911520217912,61403,6.869695456814778,18.417499324871724
21005,Kentucky,Anderson,24353,8.179690387221283,49.8460148646984,36.06947809304808,16.96710877509958,74488,2.226962457337884,26.202830188679243
21007,Kentucky,Ballard,7654,8.962633916906192,49.11157564672067,33.0154167755422,21.753331591324798,66164,1.6217781639154358,18.416305916305916
21009,Kentucky,Barren,44938,12.584004628599399,51.53767412879968,36.95758600738796,18.140549201121544,50628,4.146943815599918,18.32314129385259
21011,Kentucky,Bath,12851,5.361450470780483,49.83269784452572,39.77122402925843,17.28270173527352,56541,2.5453864869923266,12.26657329598506
21013,Kentucky,Bell,23509,7.40142073248543,50.219065038921265,35.91815900293505,18.941681909056108,31354,10.112637702685976,15.763517170866661
21015,Kentucky,Boone,139841,17.716549509800416,50.17984711207729,39.75300519876145,14.865454337426076,99414,3.1397195749808304,35.708100619128025
21017,Kentucky,Bourbon,20240,16.615612648221344,50.4298418972332,36.90711462450593,19.520750988142293,61354,4.183393196703993,26.256862178561107
21019,Kentucky,Boyd,47911,7.791530128780444,49.9363402976352,34.040199536640856,20.506772974890943,61118,6.402720427495749,20.034456578870525
21021,Kentucky,Boyle,30941,17.307132930415957,49.959600530041044,38.2340583691542,18.65809120584338,61159,5.8020231213872835,26.21187494024285
21023,Kentucky,Bracken,8444,5.471340596873519,49.4789199431549,35.7413548081478,18.15490288962577,66319,4.764305520544492,17.845003399048267
21025,Kentucky,Breathitt,13276,4.0298282615245595,50.65531786682736,33.88068695390178,18.687857788490508,34808,9.316904453091224,15.304948216340621
21027,Kentucky,Breckinridge,20881,7.250610602940477,49.47081078492409,36.142905033283846,20.40132177577702,55843,4.496545475138747,14.182825484764544
21029,Kentucky,Bullitt,84027,9.229176336177659,50.243374153545886,34.4044176276673,17.357516036512074,80558,4.2562329061278,19.469321170556313
21031,Kentucky,Butler,12393,8.08520939239894,48.244977003146936,35.108529008311145,19.414185427257323,56092,4.3604651162790695,9.872281670693821
21033,Kentucky,Caldwell,12618,10.278966555714064,50.7132667617689,35.44935805991441,21.429703598034553,59583,4.382683057188669,17.08446251129178
21035,Kentucky,Calloway,38224,13.133110087902889,51.22436165759732,43.96714106320636,16.94485140226036,52706,4.448992782505655,31.18416042645006
21037,Kentucky,Campbell,93426,9.705007171451197,50.51591634020508,36.775629910303344,17.529381542611265,77567,3.981817820917446,39.744772215250165
21039,Kentucky,Carlisle,4762,10.016799664006715,49.055018899622006,36.07727845443091,20.117597648047038,62439,3.696771174543753,14.939024390243901
21041,Kentucky,Carroll,10954,14.36918020814314,49.297060434544456,39.8484571845901,16.459740733978457,56466,6.0728744939271255,11.359844271412681
21043,Kentucky,Carter,26341,4.828973843058348,50.711818078281006,36.62351467294332,19.93090619186819,51235,5.30826921203857,15.945054945054945
21045,Kentucky,Casey,15914,6.7613422144024105,51.671484227724015,35.88664069372879,20.824431318336057,45510,8.89487870619946,12.909596911751503
21047,Kentucky,Christian,72069,36.15424107452581,48.00399617033676,52.12782194841055,12.721142238687925,55494,6.3164381451240175,19.635221645126222
21049,Kentucky,Clark,37192,11.86814368681437,50.723273822327386,36.101849860184984,18.22166057216606,64348,4.407051282051282,22.92001530807501
21051,Kentucky,Clay,19921,8.744540936699963,47.76868631092817,34.19005070026605,15.963054063551027,40900,9.298977976104794,15.49910009691264
21053,Kentucky,Clinton,9202,6.944142577700497,50.42382090849815,34.09041512714627,20.58248206911541,44844,4.98960498960499,18.040766656525708
21055,Kentucky,Crittenden,8979,6.1922263058247,49.404165274529454,35.5496157701303,21.060251698407395,46656,3.404255319148936,15.264499681325686
21057,Kentucky,Cumberland,5948,7.531943510423666,51.83254875588433,33.82649630127774,22.713517148621385,40000,4.008810572687224,19.124155602143023
21059,Kentucky,Daviess,103648,15.107865081815374,51.07382679839456,39.05043995060204,17.6752083976536,68214,4.450595404038393,26.240859658952147
21061,Kentucky,Edmonson,12355,8.393363010926747,50.81343585592877,30.611088628085795,21.77256171590449,54937,7.659409020217729,10.726569217540842
21063,Kentucky,Elliott,7307,7.472286848227727,41.67236896127002,31.353496647050772,21.527302586560833,45776,6.530612244897959,8.671889233011477
21065,Kentucky,Estill,14035,4.011400071250448,50.30993943712148,33.28108300676879,19.586747417171356,46051,7.02486839716827,12.20282134753872
21067,Kentucky,Fayette,323725,33.25137076222102,50.707236080006176,42.41037917985945,14.711869642443432,69479,4.851722150804557,48.2933193414354
21069,Kentucky,Fleming,15323,5.677739346081056,49.938001696795666,37.51876264439078,18.60601709847941,49307,7.4750575594781274,18.913250714966633
21071,Kentucky,Floyd,35224,4.644560526913466,51.07029298205769,34.72348398818987,19.608789461730638,41279,7.672364903183991,15.319541335899286
21073,Kentucky,Franklin,51842,19.451410053624475,51.224875583503724,36.68839936730836,18.7029821380348,65298,5.908520588570776,31.856829402084475
21075,Kentucky,Fulton,6409,31.502574504602897,48.71274769854892,36.38633172101732,20.564830706818537,38217,3.342128408091469,16.10377991500783
21077,Kentucky,Gallatin,8769,12.316113581936373,49.287261945489796,38.54487398791196,15.85129433230699,63346,4.613583138173302,15.010006671114077
21079,Kentucky,Garrard,17568,8.378870673952644,50.31306921675774,33.8683970856102,18.721539162112933,63087,5.14894709809964,18.716065154902587
21081,Kentucky,Grant,25418,7.80942639074671,49.63805177433315,41.781414745455976,14.51727122511606,69178,4.9061126648022375,15.299254138621066
21083,Kentucky,Graves,36630,16.153426153426153,50.532350532350534,37.31094731094731,18.435708435708435,50772,3.420336467095497,18.399935804846734
21085,Kentucky,Grayson,26707,5.485453251956418,49.691092223012696,37.31605946006665,18.100123563110795,50757,6.641267642220106,16.140618197649108
21087,Kentucky,Green,11369,6.728823995074329,49.934031137303194,33.028410590201425,22.473392558712288,46798,7.180314643001211,17.39288748634543
21089,Kentucky,Greenup,35501,5.174502126700653,50.857722317681194,33.59341990366469,22.035998985944058,60751,6.768423233648733,18.801175318315376
21091,Kentucky,Hancock,9034,5.933141465574499,49.08124861633828,37.0046491033872,18.341819791897276,65464,4.378326076439284,17.26978998384491
21093,Kentucky,Hardin,111942,25.56591806471208,50.55743152704079,39.700023226313625,15.11675689196191,67647,6.5905079617525555,24.847449027278916
21095,Kentucky,Harlan,25772,6.080242123234514,51.69563867763464,36.02359149464535,19.47850380257644,41693,9.532798489853704,13.047109923154027
21097,Kentucky,Harrison,19140,6.7189132706374055,51.7816091954023,36.32706374085684,19.153605015673982,66442,3.2308727843841147,22.469209972964855
21099,Kentucky,Hart,19603,9.758710401469163,50.23720859052186,37.95337448349743,17.59424577870734,52285,3.751696902381834,12.223306070383432
21101,Kentucky,Henderson,44280,15.982384823848239,51.377597109304425,36.03658536585366,19.15989159891599,58851,2.476520019772615,20.14848289218851
21103,Kentucky,Henry,15856,10.393541876892032,50.56130171543895,36.48461150353179,18.37790110998991,63347,4.9648324369052546,15.51881622214103
21105,Kentucky,Hickman,4439,14.395134039198021,53.45798603289029,30.79522414958324,25.23090786213111,60867,3.061224489795918,15.122534369396293
21107,Kentucky,Hopkins,45119,13.074314590305637,51.60575367361865,36.74283561249141,19.054057049136727,56815,6.213231499638765,16.913615651786
21109,Kentucky,Jackson,13086,3.8132355188751355,51.25324774568241,36.2830505884151,18.172092312394927,40000,3.9690829329433885,8.838439497465284
21111,Kentucky,Jefferson,783022,38.03635146905195,51.348110270209524,37.88041715303018,17.15366873472265,69866,5.173704866370553,37.028238912060694
21113,Kentucky,Jessamine,54588,14.548985124935887,51.35560929141936,39.54165750714443,16.263647688136587,74576,3.1288875485354546,33.53239528795812
21115,Kentucky,Johnson,22334,6.05802811856363,50.111936957105755,34.83030357302767,19.154652099937316,44904,4.231678486997636,16.751398068124047
21117,Kentucky,Kenton,171288,14.805473821867265,50.22476764280043,38.70673952641166,15.738405492503853,80548,4.331356871522808,37.42576616128099
21119,Kentucky,Knott,13830,3.282718727404199,50.00723065798988,35.09038322487346,20.694143167028198,41761,9.272614877395425,19.49808943509243
21121,Kentucky,Knox,29865,4.972375690607733,51.45822869579776,38.372677046710194,17.421731123388582,32527,8.138466251404065,13.602597530378317
21123,Kentucky,Larue,15107,9.584960614284766,49.61276229562454,35.69206328192229,18.117429006420863,67067,1.5165031222123104,15.501605894577745
21125,Kentucky,Laurel,62983,5.172824412936827,50.46123557150342,36.61305431624407,17.1141419113094,57771,3.4991858150895605,17.50239758871078
21127,Kentucky,Lawrence,16077,3.3526155377247013,51.054301175592464,35.298874168066185,20.395596193319648,46772,7.730839873100685,14.648489708634054
21129,Kentucky,Lee,7339,6.567652268701463,43.43916064858973,31.244038697370215,19.553072625698324,37568,4.716607213634562,9.248133988712908
21131,Kentucky,Leslie,10079,3.492409961305687,49.776763567814264,33.55491616231769,19.029665641432683,35934,3.7844036697247705,11.462942477876107
21133,Kentucky,Letcher,20808,3.455401768550559,49.84140715109573,33.53517877739331,20.857362552864284,41793,6.154910096818811,12.4823931853243
21135,Kentucky,Lewis,12965,3.131507905900499,50.03470883146934,35.76552256074046,19.490937138449674,46838,6.041750301083902,15.279299014238774
21137,Kentucky,Lincoln,24504,7.749755142017634,50.6488736532811,37.846882141691154,18.515344433561868,52440,6.531376219091715,15.937276413069402
21139,Kentucky,Livingston,8903,5.851960013478608,50.40997416601146,33.48309558575761,22.408177018982364,58984,4.208365409289197,14.71650698916287
21141,Kentucky,Logan,27986,12.541985278353462,50.82183949117416,37.39369684842421,19.07739584077753,60382,5.681357032708384,16.092728970023856
21143,Kentucky,Lyon,8900,12.651685393258427,42.348314606741575,27.179775280898877,24.640449438202246,65066,2.862254025044723,16.549097065462753
21145,Kentucky,McCracken,67564,18.86507607601682,51.34095080220236,35.08081226688769,20.462080397845007,64373,3.2448654224889806,29.04062591523367
21147,Kentucky,McCreary,16867,11.217169621153733,45.1473291041679,35.382699946641374,16.226952036521016,33750,4.167534903104814,8.480268681780016
21149,Kentucky,McLean,9114,5.9030063638358605,49.484309852973446,35.385121790651745,20.463023919245117,65596,5.618531296205027,16.821693205107994
21151,Kentucky,Madison,95769,12.366214537063136,50.97891802148921,44.09046768787395,14.816903173260659,63351,5.061570608402816,34.43228317641971
21153,Kentucky,Magoffin,11348,2.7581952767007367,49.559393725766654,34.9048290447656,19.007754670426507,33080,9.020541827924978,12.815073621162965
21155,Kentucky,Marion,19749,13.590561547420121,49.551876044356675,37.424679730619275,17.337586713251305,59627,4.199798409676336,15.058028500073453
21157,Kentucky,Marshall,31743,4.596288945594306,50.27880162555524,32.60876413697508,22.571905616986424,65831,4.505923440388961,21.21906904308704
21159,Kentucky,Martin,11027,15.326017955926364,44.43638342250839,32.86478643330008,17.88337716514011,37042,5.458807769591426,10.191004313000617
21161,Kentucky,Mason,16956,13.075017692852086,51.179523472517104,35.74545883463081,19.733427695211134,52178,4.918904546663121,19.953188999414863
21163,Kentucky,Meade,30158,12.020027853305926,49.45619736056768,35.53286026924862,15.611114795410836,74355,4.829297739620364,19.98302127057492
21165,Kentucky,Menifee,6230,4.4783306581059446,50.16051364365971,32.375601926163725,23.418940609951846,45096,7.8958976621085135,14.859981933152666
21167,Kentucky,Mercer,23028,10.039951363557408,49.15754733368074,36.299287823519194,18.94649991314921,64824,4.363001745200698,24.90507314036726
21169,Kentucky,Metcalfe,10425,6.532374100719429,51.24220623501199,35.98081534772182,19.08872901678657,51473,4.9143372407574395,12.966301483844129
21171,Kentucky,Monroe,11269,8.723045523116513,49.41875942852072,37.77620019522584,18.670689502174106,51280,4.033970276008493,16.020738820479586
21173,Kentucky,Montgomery,28395,8.413453072724074,51.53724247226624,37.89399542172918,16.92551505546751,56396,3.998785947340466,20.93119077049856
21175,Kentucky,Morgan,14053,10.823311748381126,42.65281434569131,34.31295808724116,17.6759410801964,47913,3.0691612360731555,18.73849433194458
21177,Kentucky,Muhlenberg,30591,8.080808080808078,48.762707986008955,34.3042071197411,20.1693308489425,51927,5.659937888198757,14.662220801169322
21179,Kentucky,Nelson,47606,10.88518254001597,50.00840230223081,37.33562996260976,17.415871948914003,69562,3.3288725326196054,23.812558802998574
21181,Kentucky,Nicholas,7708,4.48884276076803,50.49299429164505,38.23300467047223,16.85262065386611,59531,6.090314913844326,9.818672839506174
21183,Kentucky,Ohio,23735,8.072466821150204,50.343374763008214,37.33726564145776,18.643353697071834,57798,5.0381974663959,13.861996670160941
21185,Kentucky,Oldham,69257,14.44186147248654,47.77278831020691,37.691496888401176,14.577587825057394,122497,3.4869347744847214,46.41832574793469
21187,Kentucky,Owen,11330,6.26654898499559,48.605472197705204,35.648720211827005,20.052956751985878,61134,6.983767459418648,18.283109648012154
21189,Kentucky,Owsley,3971,4.532863258625031,49.48375723998993,31.301939058171744,20.54898010576681,22188,12.57716049382716,7.121160985487681
21191,Kentucky,Pendleton,14723,7.715818786932016,48.65856143449025,36.534673639883174,17.4760578686409,64669,4.520268299795859,15.364992150706435
21193,Kentucky,Perry,27499,6.305683843048837,50.69638895959853,35.93585221280774,17.993381577511908,42181,5.78129524177203,14.752480390629058
21195,Kentucky,Pike,56727,6.087048495425462,50.395755107796994,33.89920143846845,20.09801329173057,44312,5.182266009852217,17.79398762157383
21197,Kentucky,Powell,13038,6.419696272434427,50.06902899217671,38.77895382727412,16.20647338548857,40309,5.771891678197272,13.784489610537074
21199,Kentucky,Pulaski,65897,7.731763206215758,50.665432417257236,35.08960954216429,19.46219099503771,51898,4.937428078250863,18.110371483787844
21201,Kentucky,Robertson,2283,8.190976784932102,51.99299167761717,39.55321944809461,16.60096364432764,51830,3.841387856257745,13.777777777777779
21203,Kentucky,Rockcastle,16163,4.664975561467555,50.5413598960589,34.37480665717998,19.278599269937512,48862,4.5732184808144085,13.748153297992527
21205,Kentucky,Rowan,24578,6.4895434941817935,51.69663927089267,47.97786638457157,14.984945886565221,54321,4.1420118343195265,25.92823929488514
21207,Kentucky,Russell,18221,8.46276274628176,50.49667965534274,36.929916030953294,20.56967235607266,44738,6.447906026557712,15.405426911753004
21209,Kentucky,Scott,59536,15.866030636925554,50.50053748992207,40.9617710292932,13.400295619457134,85158,4.302270201619304,34.73072137724399
21211,Kentucky,Shelby,49096,22.354163271956985,50.75566237575362,36.345119765357666,16.66938243441421,82604,4.16750716101182,32.827280158822845
21213,Kentucky,Simpson,19972,16.097536551171643,50.26036451031444,38.40376527137993,16.117564590426596,59858,3.556528994576554,18.788945092002052
21215,Kentucky,Spencer,20193,7.458030010399641,49.284405487049966,34.44262863368494,15.490516515624225,102618,4.963645176926805,23.587969500141202
21217,Kentucky,Taylor,26397,12.270333750047357,49.60033337121643,40.46671970299655,18.161154676667802,60456,5.14326533851893,23.015689893862483
21219,Kentucky,Todd,12469,16.39265378137782,49.82757237950116,40.66885876974898,16.986125591466838,61103,3.2311669128508123,16.529433452132235
21221,Kentucky,Trigg,14315,13.684945860984977,50.30387705204331,34.32762836185819,22.444987775061126,59857,4.1652499149949,21.740407204385278
21223,Kentucky,Trimble,8550,7.84795321637427,49.01754385964912,34.50292397660819,18.549707602339183,66027,6.183527083848627,17.07953063885267
21225,Kentucky,Union,13260,11.855203619909505,50,34.321266968325794,19.84162895927602,60327,2.6919758412424506,13.093479637054232
21227,Kentucky,Warren,140918,26.247888843157007,50.49816205168963,45.686143714784485,13.213358123163825,65794,4.4423827325565535,32.33429195107584
21229,Kentucky,Washington,12140,12.570016474464584,50.45304777594728,35.28830313014827,19.497528830313016,61616,3.3838561861120904,19.58907307961709
21231,Kentucky,Wayne,19602,8.585858585858585,50.086725844301604,33.77716559534741,21.92633404754617,45739,5.7509627727856225,13.897302246953583
21233,Kentucky,Webster,12842,13.409126304313968,50.46721694440119,37.43186419560816,18.08908269739916,59628,4.111090809428101,12.755977576936278
21235,Kentucky,Whitley,36920,5.617551462621884,50.66088840736728,43.5807150595883,15.666305525460455,44615,5.3549446040213375,20.924300721974838
21237,Kentucky,Wolfe,6443,4.920068291168711,50.06984324072637,34.16110507527549,19.385379481607945,30417,13.1286394917946,8.687943262411348
21239,Kentucky,Woodford,27279,15.5834158143627,51.73210161662818,35.76377433190366,20.737563693683786,83788,2.530658538314312,40.74210139603233
22001,Louisiana,Acadia,56955,23.75208497936968,51.07014309542621,40.14748485646563,16.48670002633658,45562,7.718590482463362,13.938588329124018
22003,Louisiana,Allen,22477,35.82328602571517,43.96494194065044,38.385905592383324,14.730613516038618,46469,9.789473684210526,11.889678121200486
22005,Louisiana,Ascension,130314,36.491858127292545,50.699848059302916,40.447687892321625,12.917261384041623,91549,4.424388523047978,29.088333762554726
22007,Louisiana,Assumption,20484,36.08181995703964,51.07889084163249,34.12419449326303,20.342706502636204,51423,4.7727027318864055,13.80696137865268
22009,Louisiana,Avoyelles,38905,37.28055519856059,49.69541190078396,38.14162704022619,17.750931756843592,39325,6.925262670983942,11.4641720951371
22011,Louisiana,Beauregard,36676,21.01919511397099,48.781219325989746,39.459046788090305,16.294034245828335,65944,6.821536289546301,17.05189352248176
22013,Louisiana,Bienville,12638,46.510523817059656,50.07912644405761,34.60990663079601,21.31666402911853,35011,6.267203048909591,13.176097063159089
22015,Louisiana,Bossier,129789,38.38537934647774,50.43955959287767,39.82386797032106,15.422724576042654,69617,5.922090391605514,28.40780771092112
22017,Louisiana,Caddo,230004,57.878558633762886,52.62517173614372,37.678475156953795,18.890541034068974,50705,8.712601205273799,25.996866853978908
22019,Louisiana,Calcasieu,207088,35.29417445723557,51.082631538283245,39.76908367457313,16.089295372015762,67564,5.435171279410713,24.852537227121584
22021,Louisiana,Caldwell,9500,24.715789473684215,46.56842105263158,38.536842105263155,18.49473684210526,47028,10.063897763578275,11.193039374723492
22023,Louisiana,Cameron,5015,14.17746759720837,49.31206380857428,32.74177467597208,19.481555333998006,75278,2.058165548098434,16.77347450543327
22025,Louisiana,Catahoula,8583,37.34125597110567,47.59408132354655,34.47512524758243,18.769660957707096,50275,8.916990920881972,15.966386554621847
22027,Louisiana,Claiborne,13833,55.57001373527073,47.733680329646496,33.48514422034266,22.070411335212896,32831,5.1128180508881425,10.692007797270955
22029,Louisiana,Concordia,18174,44.51414108066468,49.796412457356666,38.47254319357324,19.23627159678662,39943,11.696255408026257,17.19554743312843
22031,Louisiana,De Soto,27026,41.20846592170503,51.7464663657219,36.84230000740028,18.77821357211574,48578,5.983359886705611,16.040769608110317
22033,Louisiana,East Baton Rouge,452938,58.39386406086484,52.24313261417677,44.47518203374413,15.255288803324076,63071,7.676537085409487,38.534173930213534
22035,Louisiana,East Carroll,7072,71.83257918552036,41.00678733031674,41.7420814479638,15.653280542986426,33341,13.903061224489797,12.168004941321804
22037,Louisiana,East Feliciana,19271,45.63852420735821,44.585127912407245,31.425457941985368,20.180582221991592,73085,5.879105713497101,19.250816596010843
22039,Louisiana,Evangeline,32060,35.480349344978166,50.368059887710544,41.07298814722395,16.038677479725514,41915,9.812398672122288,13.670140899440261
22041,Louisiana,Franklin,19408,34.64550700741962,52.41652926628195,38.24196207749382,19.708367683429515,47020,8.15009874917709,17.485626676887698
22043,Louisiana,Grant,22095,26.0601946141661,44.032586558044805,35.836162027608054,15.74111789997737,64016,3.7041420118343193,15.405130810261621
22045,Louisiana,Iberia,68599,43.95982448723742,50.844764500940244,40.22507616729107,16.758261782241725,56961,7.259003092474978,14.835455306401164
22047,Louisiana,Iberville,29815,53.98289451618312,48.35150092235452,36.03890659064229,17.53144390407513,54000,6.126513702995538,18.59379420918608
22049,Louisiana,Jackson,14884,34.25154528352593,49.01908089223327,34.88981456597689,20.747110991668904,44925,7.411347517730497,14.692710814673655
22051,Louisiana,Jefferson,430920,52.792165599183136,51.33528265107213,36.22482131254061,18.59417061171447,65252,6.159328658466491,30.515860682568132
22053,Louisiana,Jefferson Davis,31924,22.851146472873076,50.172284174915426,39.211878210750534,17.32865555694775,57341,4.714002496512226,15.379568884723524
22055,Louisiana,Lafayette,247997,38.25005947652592,51.17319967580253,39.28515264297552,14.705016592942657,67451,5.1085437215215865,35.25977121067683
22057,Louisiana,Lafourche,96252,25.824917923783396,50.58596185014337,37.838174791173174,16.552383327099697,63135,4.150546003983425,21.12118038162029
22059,Louisiana,LaSalle,14789,24.694029346135636,47.22428832240178,38.33930624112516,16.958550273852186,68497,4.875776397515528,13.079749726884495
22061,Louisiana,Lincoln,48174,47.26616016938598,50.93203802881222,51.50911279943538,14.2774110516046,39172,3.783357174567158,36.1759154397886
22063,Louisiana,Livingston,148115,19.82581102521689,50.45336394018162,40.598858994700066,13.834520473956047,80122,4.189072843008567,20.54454180171153
22065,Louisiana,Madison,9513,67.40250183958794,52.013034794491745,40.88089982129717,17.491853253442656,35456,5.4682589566310495,14.107883817427386
22067,Louisiana,Morehouse,24551,52.83287849782086,51.46429880656592,37.19604089446458,20.072502138405767,39454,9.417926672596106,13.777910092289373
22069,Louisiana,Natchitoches,36693,49.521707137601176,52.170713760117735,46.19682228217916,17.087727904504945,46292,5.611261087543386,25.817500913408843
22071,Louisiana,Orleans,371853,69.942423484549,52.94054370947659,35.49278881708632,17.18878158842338,56631,7.532442189481901,42.377291186684815
22073,Louisiana,Ouachita,158480,44.652953054013125,51.882256436143365,40.542655224634025,15.84994952044422,54688,6.500202456471858,28.617696096280255
22075,Louisiana,Plaquemines,22803,41.15247993685042,48.34890146033417,39.319387799850894,14.125334385826426,86315,4.218662693238964,21.510073678033514
22077,Louisiana,Pointe Coupee,20217,40.27303754266212,50.20527279022605,34.297868130781026,22.392046297670277,65961,6.983638959042495,18.4179208960448
22079,Louisiana,Rapides,127527,40.56709559544254,51.52634344099681,39.47477789017228,17.005026386569117,54967,5.147378488827059,23.11658113234137
22081,Louisiana,Red River,7443,44.5384925433293,50.77253795512562,36.71906489318823,19.924761520892112,49167,3.642611683848797,13.998005982053838
22083,Louisiana,Richland,19822,39.7739884976289,50.31782867520936,37.97295933810917,18.292805973161133,53544,8.893034825870647,17.58528228809772
22085,Louisiana,Sabine,21977,33.57601128452473,50.03867679847113,35.92847067388634,21.41784592983574,50329,6.588773789448326,13.629160063391444
22087,Louisiana,St. Bernard,44419,44.46970890835003,51.12451878700556,39.868074472635584,13.345640379117045,58651,7.568706216626659,17.597079096430765
22089,Louisiana,St. Charles,51396,37.4951358082341,50.5856486886139,37.80060705113238,15.528445793446961,80897,6.749247510997916,26.874606175173284
22091,Louisiana,St. Helena,10858,55.415361945109595,53.05765334315712,33.2013262110886,21.431202799778966,41934,17.586733580624045,11.364802462801435
22093,Louisiana,St. James,19528,50.716919295370744,52.49897582957804,35.851085620647275,19.802335108562065,65531,4.116599910992434,19.49319158231996
22095,Louisiana,St. John the Baptist,40743,70.45872910684044,50.73509559924404,39.177281987089806,15.678766904744373,66630,10.857377976649694,18.17384632248164
22097,Louisiana,St. Landry,81670,47.913554548793925,51.246479735521,40.936696461368925,16.947471531774212,44462,6.338607884386719,14.887936221419976
22099,Louisiana,St. Martin,51353,36.91118337779682,50.91620742702471,37.793312951531554,17.20250034077853,55960,4.001883239171375,16.76381507514715
22101,Louisiana,St. Mary,47828,46.6003178054696,51.39458058041315,37.65576649661286,18.338630091159988,52576,5.370654270313041,13.64824553310576
22103,Louisiana,St. Tammany,272421,27.606902551565405,51.06287694414161,36.54270412339724,18.441309590670322,81202,4.763074815344294,37.66797237728277
22105,Louisiana,Tangipahoa,136738,39.52449209437026,51.1686583100528,41.259927745030645,15.382702686890257,56760,5.9613293622654,20.809370959832375
22107,Louisiana,Tensas,3935,58.70393900889454,51.91867852604828,32.60482846251588,28.106734434561627,36615,11.438784629133155,14.5679012345679
22109,Louisiana,Terrebonne,106186,36.244891040250124,50.41248375492061,39.25093703501403,15.841071327670315,64836,4.681778911424693,18.68093143888137
22111,Louisiana,Union,20821,31.045578982757792,50.88132174247154,34.57086595264396,22.33322126699006,42885,5.076326629512963,14.804469273743019
22113,Louisiana,Vermilion,57123,24.109378008858073,51.56591915690702,38.69194545104424,16.64303345412531,55707,5.173303688410688,17.56636005256242
22115,Louisiana,Vernon,47117,30.0379905342021,48.209775664834346,45.754186387078974,13.99494874461447,57270,5.683034121983117,19.799153623967218
22117,Louisiana,Washington,45120,37.506648936170215,49.366134751773046,37.748226950354606,19.250886524822697,45380,9.88627406823556,12.811203319502074
22119,Louisiana,Webster,35820,38.73255164712452,51.47403685092127,36.46286990508096,20.68955890563931,41182,5.148878987198529,13.282510487253955
22121,Louisiana,West Baton Rouge,27974,47.78008150425394,50.76499606777722,38.54650747122328,14.849503110030742,87299,6.992454186130075,23.251792707114884
22123,Louisiana,West Carroll,9464,20.48816568047337,51.33136094674556,34.13989856297549,21.43913778529163,49134,5.7360406091370555,15.24812030075188
22125,Louisiana,West Feliciana,15327,49.85320023487962,32.152410778364974,31.526065113851374,15.188882364454884,77452,4.136972014601078,21.621383979600807
22127,Louisiana,Winn,13467,39.26635479319819,44.94690725477092,35.25655305561744,18.16291675948615,48871,5.154236626317845,14.350468733903368
23001,Maine,Androscoggin,113423,12.84395581143154,50.71987163097432,36.254551545982736,18.919443146451776,67873,4.329987793299878,23.355655328107957
23003,Maine,Aroostook,67058,7.454740672253868,49.95526260848818,30.19773927048227,25.667332756718064,56700,5.258865363912178,23.423998722835307
23005,Maine,Cumberland,308827,14.432352093566948,51.255233512613856,32.853021270808576,20.38552328650021,95677,3.1153589534492494,53.006093968466125
23007,Maine,Franklin,30413,6.934534574030837,51.02423305823168,32.85437148587775,23.710255482852727,58675,4.600747536527353,32.00657294139127
23009,Maine,Hancock,56460,7.399929153382923,51.117605384342895,28.315621679064826,26.604675876726887,72744,4.597780381884608,40.122543352601156
23011,Maine,Kennebec,126808,8.208472651567721,51.078007696675286,33.48921203709545,21.13904485521418,69077,3.927082016934159,31.92426195835063
23013,Maine,Knox,41003,6.779991707923816,49.832939053240004,27.907714069702216,27.94673560471185,74096,3.8799234806494334,39.730970090204146
23015,Maine,Lincoln,36099,6.914318956203768,50.696695199313,27.133715615391008,29.43294828111582,76875,2.919917393299679,40.22775140113519
23017,Maine,Oxford,59255,7.827187579107253,50.032908615306724,28.98658341068264,23.932157623829212,60173,4.2884303922259,24.000266004610747
23019,Maine,Penobscot,154710,8.861741322474304,50.32706353823282,33.919591493762525,20.09437011182212,66356,3.612823989970064,30.143815227916654
23021,Maine,Piscataquis,17263,7.252505358280715,49.15136418930661,26.629206974454036,27.44019000173782,61345,3.5919181840858068,21.62281346464795
23023,Maine,Sagadahoc,37285,8.030038889633905,51.00978945956819,28.831969961110367,24.621161324929595,87806,4.604765983172956,44.24310399214889
23025,Maine,Somerset,50959,6.159854000274734,50.22665279930925,30.44996958339057,23.004768539414037,58179,3.5015534469728777,21.063896429317186
23027,Maine,Waldo,40192,7.15814092356688,50.41550557324841,29.535728503184714,25.106986464968152,72782,3.7257596579630476,34.366728427739545
23029,Maine,Washington,31331,12.419009926271107,50.691008904918455,30.509718808847467,26.341323290032236,56024,6.291988730766453,24.71022580922126
23031,Maine,York,216731,9.87445266251713,50.745394059917594,30.792087887750252,22.34013592887035,88333,3.4083018612291904,36.24134714517158
24001,Maryland,Allegany,67452,14.149320998636073,47.70058708414873,35.29917571013461,21.143924568582104,59603,4.993611584327087,21.088022120742387
24003,Maryland,Anne Arundel,598166,38.346211586750165,50.30944587288479,37.00912455739711,15.8628206885714,124911,3.720858712809457,45.761089451006775
24005,Maryland,Baltimore,850796,48.85812815292972,52.484496871165355,36.90438130879788,18.144067438022745,91768,4.8869245883026045,42.32086717372826
24009,Maryland,Calvert,94313,26.387666599514382,50.13942934696171,36.22406243041787,16.330728531591614,133922,2.6880293907541586,37.018463992148206
24011,Maryland,Caroline,33669,27.47334343164335,50.85390121476729,37.04297721940063,17.31860168107161,68457,5.685243188936824,16.225496587994957
24013,Maryland,Carroll,175321,15.524095801415694,50.27692061989151,35.22966444407687,17.940235339748234,118211,3.4669214535451425,40.686030066951695
24015,Maryland,Cecil,104960,19.627477134146343,50.46779725609756,35.9375,17.077934451219512,92007,5.464657201427379,27.977854444792932
24017,Maryland,Charles,170527,67.98864695913257,51.83460683645405,38.06845836729667,13.69284629413524,122816,4.846551200243087,33.467884833135976
24019,Maryland,Dorchester,32754,39.259327105086406,53.91707883006656,33.13793735116322,23.01398302497405,61839,5.713555314117722,19.355251375207878
24021,Maryland,Frederick,287048,34.29147738357348,50.54311474039185,37.1990050444525,15.2873387029347,122002,3.3111152059677593,45.785027227848744
24023,Maryland,Garrett,28615,5.252489952821948,49.56840817752927,30.249868949851475,24.20059409400664,67688,4.351541912969162,25.910084150820587
24025,Maryland,Harford,263757,28.409103834211034,50.81305898990359,35.668816372646035,17.4463616131515,112265,3.825128893283424,40.333205440662304
24027,Maryland,Howard,336328,54.09748816631384,50.69426274351228,37.266894222306796,15.245534121452867,149763,3.4934257880537807,64.45795709588184
24029,Maryland,Kent,19346,24.087666701126853,52.71890830145767,33.19549260829112,27.421689238085392,80147,2.9508523576911574,39.580949656750576
24031,Maryland,Montgomery,1065949,60.51762326340191,51.274404310149926,36.30924181175647,16.99321449712885,132450,4.929110187279104,60.61219884300581
24033,Maryland,Prince George's,959754,89.16795345473945,51.6027023591462,37.909089204108554,14.911737799477782,101798,6.377235491159542,36.681484622899426
24035,Maryland,Queen Anne's,51825,17.493487698986975,50.141823444283645,32.94356005788712,20.684997588036662,112826,3.834528328412765,37.975461762583194
24037,Maryland,St. Mary's,115126,29.715268488438753,49.5735107621215,39.35948439101506,14.022896652363498,119446,3.561496064319304,36.468542726511686
24039,Maryland,Somerset,24822,49.18620578519056,44.440415760212716,37.498992828942065,17.802755620014505,64943,7.460072127769191,19.39390460885037
24041,Maryland,Talbot,37917,26.157132684547825,51.847456286098584,29.366774797584196,29.564575256481262,84811,4.332311123501533,42.001812225552385
24043,Maryland,Washington,155709,26.708796537130162,49.20717492245149,36.1815951550649,18.08052199937062,77747,4.216810894210774,24.141783186367423
24045,Maryland,Wicomico,104914,42.053491431076885,52.01498370093601,42.80267647787712,16.630764245000666,76210,5.885207887688519,29.484480269489893
24047,Maryland,Worcester,53700,22.17690875232775,51.262569832402235,28.672253258845437,28.623836126629424,81745,6.708344251862389,35.274367080851896
24510,Maryland,Baltimore,573243,74.022534945913,53.49180016153708,38.52223228194675,15.281826380784414,62177,6.536816552999653,36.13780634492926
25001,Massachusetts,Barnstable,231668,14.836317488820205,51.85394616433862,25.137265397033687,33.13146399157415,95241,5.018565300690053,48.23656194892561
25003,Massachusetts,Berkshire,129430,15.234489685544306,51.030672950629686,30.905508769218883,25.04597079502434,76013,5.360397066449367,39.95129413968591
25005,Massachusetts,Bristol,582270,24.69215312483899,51.112542291376855,35.3251927799818,17.769763168289625,85625,5.4623700182368475,30.795131422975203
25007,Massachusetts,Dukes,20933,20.02579658911766,51.63139540438542,26.900109874361057,26.45583528400134,125786,6.562681490085456,51.89819852496675
25009,Massachusetts,Essex,813054,35.47156769415069,51.41405121923021,35.63416452043776,18.46199637416457,101883,5.107706171941745,43.03375480956652
25011,Massachusetts,Franklin,70944,12.540877311682452,50.79640279657195,28.574650428506992,24.610960757780784,74907,5.382421297274456,40.59001929969671
25013,Massachusetts,Hampden,462815,40.69703877359204,51.35723777319231,37.18807730950812,18.262804792411654,71306,6.013996498670465,29.31751684941623
25015,Massachusetts,Hampshire,162028,19.661416545288468,53.45680993408547,42.71051916952626,19.40281926580591,87001,4.995883456067328,51.60464931767693
25017,Massachusetts,Middlesex,1638365,34.90437112609217,50.61546114571539,36.74095821138757,16.29716210978628,130847,4.3510537081212135,59.509447298555315
25019,Massachusetts,Nantucket,14483,31.78899399295726,47.86991645377339,32.37588897327902,16.067113167161498,139688,4.315372055050152,56.3206382372495
25021,Massachusetts,Norfolk,730082,31.264570281146497,51.52051413402878,35.2234406546114,17.757594352415207,130739,4.944911820321846,58.78348513712525
25023,Massachusetts,Plymouth,535075,23.90020090641499,51.07470915292249,34.323973274774566,19.76171564733916,114201,5.0933169901632835,41.82340242590932
25025,Massachusetts,Suffolk,785121,56.39168994333357,51.75775453719872,41.301786603593584,13.26661750227035,95631,6.299558719347212,50.611754008777375
25027,Massachusetts,Worcester,867788,29.702070090851684,50.33153258629988,36.09418429385979,17.019133705467233,95939,5.270465341560663,39.66495306617366
26001,Michigan,Alcona,10397,6.9346926998172576,49.88939117052996,20.6790420313552,36.96258536116187,54993,4.48814926878467,21.412880101745866
26003,Michigan,Alger,8762,18.648710340105,43.323442136498514,28.429582287149053,27.16274823099749,61286,6.803149606299213,21.01098901098901
26005,Michigan,Allegan,121456,15.388288763008829,49.72417994994072,36.579502041891715,18.42477934395995,83283,2.9619229097716713,27.140088231447017
26007,Michigan,Alpena,28880,7.635041551246536,50.096952908587255,30.342797783933516,25.155817174515235,53950,6.177962194559705,18.325499953921298
26009,Michigan,Antrim,24127,7.559995026319067,49.790690927177025,28.059849960625026,28.723007419074065,72054,3.9026998128842556,34.306687537108004
26011,Michigan,Arenac,15077,7.030576374610331,48.87577104198448,29.14372885852623,27.220269284340386,58811,6.004828002414001,15.954641350210972
26013,Michigan,Baraga,8191,28.030765474301067,44.78085703821267,30.94860212428275,23.208399462825053,55327,5.144167758846658,14.771095868559577
26015,Michigan,Barry,63409,8.188112097651757,49.64910343957482,34.37682347931682,19.51142582283272,77500,4.304189015762282,24.92720119145531
26017,Michigan,Bay,103008,11.814616340478413,50.39414414414414,33.145969245107175,21.9089779434607,61763,4.338900075012831,22.11998087954111
26019,Michigan,Benzie,18310,8.640087383943197,49.76515565264883,27.93009284543965,28.732932823593664,74834,3.0930287889602663,36.87736050737547
26021,Michigan,Berrien,153288,27.290459788111264,50.827201085538334,34.92119409216638,21.33435102552059,65425,6.169999331237879,30.942545306680714
26023,Michigan,Branch,45300,13.565121412803528,48.24503311258278,36.973509933774835,19.397350993377483,63724,5.6611927398444255,17.28517817621965
26025,Michigan,Calhoun,133778,24.73874628115236,50.661543751588454,37.44636636816218,18.63310858287611,63177,6.4150587050269134,22.909458841960966
26027,Michigan,Cass,51520,15.956909937888197,49.69526397515528,32.746506211180126,22.554347826086957,70443,5.024460662442858,21.819355532842003
26029,Michigan,Charlevoix,26108,7.6949593994178,50.12256779531178,28.918339206373524,27.06833154588632,76531,3.35423197492163,35.213614786385214
26031,Michigan,Cheboygan,25865,11.038082350666922,49.61531026483665,27.32263676783298,28.973516334815386,62875,6.099895579533588,24.437922801432553
26033,Michigan,Chippewa,36295,32.7235156357625,45.41396886623502,35.790053726408594,19.60049593607935,62217,5.223834132370338,23.294392523364486
26035,Michigan,Clare,31218,7.165737715420595,49.67967198411173,30.70664360304952,25.587801909154976,49384,9.473065950662862,12.881954919622462
26037,Michigan,Clinton,79626,12.656669931931786,50.354155677793685,35.3766357722352,18.80164770301158,88210,3.8278325961211297,35.374610244988865
26039,Michigan,Crawford,13369,8.504749794300249,49.18094098287082,27.698406761911887,27.264567282519263,60392,8.15343443354148,20.288871655680495
26041,Michigan,Delta,36813,10.067095862874531,49.78947654361231,30.622334501398964,26.235297313449053,57809,4.23045162929556,20.631840978145476
26043,Michigan,Dickinson,25954,7.698235339446713,49.63011481852508,31.83324343068506,24.188949680203436,65156,3.5978234386420858,25.313073094052925
26045,Michigan,Eaton,109130,20.20159442866306,50.61119765417392,34.999541830843945,20.10446256757995,79597,4.526996009746107,30.827674567584886
26047,Michigan,Emmet,34125,10.927472527472526,50.32087912087912,30.965567765567766,24.96996336996337,78112,3.2187355791416703,41.56892072738723
26049,Michigan,Genesee,403305,29.9646669394131,51.54981961542753,36.88151647016526,18.778591884553872,62281,8.069636942809527,23.279339243465124
26051,Michigan,Gladwin,25693,7.30549176818589,49.20017125287043,29.229751294126807,27.318724944537422,55349,6.780828658596595,16.87240663900415
26053,Michigan,Gogebic,14319,9.532788602556042,48.648648648648646,27.096864306166633,29.352608422375866,52732,6.493705864292293,22.840057122456265
26055,Michigan,Grand Traverse,96166,9.517916935299375,50.45130295530645,32.620676746459246,21.950585445999625,81647,3.8139681414535214,40.58722180295889
26057,Michigan,Gratiot,41385,17.049655672345054,45.99734203213725,37.65373927751601,17.82529902138456,63556,4.178626628394789,18.705915217543122
26059,Michigan,Hillsdale,45654,7.891970035484297,49.94524028562667,35.705524159985984,21.384763657072764,64242,4.381186946431109,21.168621747241282
26061,Michigan,Houghton,37693,9.081261772742955,45.28957631390444,47.67728756002441,17.974159658291992,58899,5.712045696365571,37.241222070223436
26063,Michigan,Huron,31113,6.723877478867357,49.963037958409664,30.50814771960274,27.207276701057435,58870,4.1376427974366115,18.52123935871397
26065,Michigan,Ingham,283913,33.441934677172235,51.1336219193908,45.5435291797135,14.867230454399763,65526,6.235209110856264,41.19912741154816
26067,Michigan,Ionia,66574,14.70994682608826,46.1892029921591,37.03247514044522,15.804968906780426,75611,3.9343650941637143,18.537389479994008
26069,Michigan,Iosco,25347,8.742651990373618,50.02169882037322,27.403637511342566,31.056929814179192,50066,6.486591151127892,19.344781764284985
26071,Michigan,Iron,11667,9.351161395388708,49.4043027342076,26.802091368818033,31.38767463786749,55940,5.3518123667377395,22.51082251082251
26073,Michigan,Isabella,64565,17.01541082629908,51.36064431193371,49.88151475257492,13.973515062340278,55237,6.390379060307729,31.316287100221984
26075,Michigan,Jackson,160060,18.043858553042615,48.70860927152318,35.932775209296516,19.062226665000626,66073,5.5339976474087695,23.40650175675196
26077,Michigan,Kalamazoo,262375,25.40447832301096,50.972081943782754,43.44011434016198,16.137208194378275,72532,5.511076006175277,41.2703444728232
26079,Michigan,Kalkaska,18239,7.664893908657278,49.059707220790614,31.909644169088217,21.717199407862275,68578,3.845688716894425,18.986305448050015
26081,Michigan,Kent,663150,29.57279650154565,50.36281384302194,40.644801326999925,14.902359948729549,82631,4.15672422670424,40.80229213503314
26083,Michigan,Keweenaw,2133,7.313642756680727,48.757618377871545,22.128457571495545,36.52133145804032,52583,2.15311004784689,41.19318181818182
26085,Michigan,Lake,12563,24.460717981373882,46.35835389636233,26.83276287510945,27.24667674918411,50805,7.386944956005729,12.731027361899844
26087,Michigan,Lapeer,88837,10.308767743170078,48.735324245528325,32.88719790177516,20.167272645406758,77306,5.064306838762924,20.439788628721082
26089,Michigan,Leelanau,22734,11.001143661476199,50.29471276502155,24.22362980557755,33.751209641945984,99422,3.4306349684020465,51.84917814304754
26091,Michigan,Lenawee,98415,15.223289132754159,49.247574048671446,35.06274450033023,20.345475791291978,70518,4.723688692098093,22.66931754332887
26093,Michigan,Livingston,195833,7.6110767848115435,49.57846736760403,33.33707802055833,19.744884672144124,103039,3.422992395511212,40.16069378905752
26095,Michigan,Luce,6271,23.584755222452557,39.57901451124223,28.863020251953436,22.612023600701644,54893,9.919210053859963,17.34520780322307
26097,Michigan,Mackinac,10957,28.894770466368534,49.840284749475224,25.49968056949895,29.707036597608834,63909,7.971163748712668,25.00575638959245
26099,Michigan,Macomb,879853,25.899440020094268,51.02841042765098,35.313398942777944,18.283508722479777,77837,5.729950290786921,27.72100441460776
26101,Michigan,Manistee,25350,12.619329388560164,48.62721893491124,28.331360946745562,27.988165680473372,63516,6.358059118795315,24.92170252092211
26103,Michigan,Marquette,67112,9.291929908213136,49.25646680176421,39.42365001788056,20.31529383716772,65429,4.616159521199372,36.803863265443
26105,Michigan,Mason,29207,10.648132297052083,49.96062587735817,31.273324887869347,26.325880782004315,64748,4.544075254134426,26.637939023260127
26107,Michigan,Mecosta,41242,10.406866786285828,49.818146549633866,39.496144706852235,20.365161728335192,60951,3.9764201500535905,22.45334513535443
26109,Michigan,Menominee,23247,8.90867638835119,48.595517701208756,29.216673119112144,26.932507420312298,56435,4.164729943292739,18.512377794294206
26111,Michigan,Midland,83757,10.831333500483542,50.122377831106654,34.34220423367599,20.204878398223432,77705,4.368070953436807,36.552932343371985
26113,Michigan,Missaukee,15207,9.574538041691326,48.84592621818899,34.306569343065696,21.97014532780956,66194,6.744909502262443,18.765545831414094
26115,Michigan,Monroe,155505,11.53596347384328,50.159801935629076,34.323655187936076,19.890035690170734,77335,5.125863575001985,23.2548934945308
26117,Michigan,Montcalm,67816,13.01315323817388,46.385808658723604,35.87943848059455,17.861566591954702,67344,5.02764395874422,16.021881928759402
26119,Michigan,Montmorency,9516,7.0302648171500675,48.45523329129887,24.26439680538041,33.12316099201345,49756,5.307182001730602,15.558475689881735
26121,Michigan,Muskegon,175961,25.040207773313405,50.10939924187746,36.95421144458147,18.463182182415423,65024,6.442850675498582,21.34616641610563
26123,Michigan,Newaygo,50792,12.795322097968187,49.27350763899827,34.696408883288704,20.696172625610334,63304,4.355431170194158,18.1251558214909
26125,Michigan,Oakland,1279825,31.77364092747055,50.605903150821405,34.766159435860374,18.36626101224777,97760,4.786500093231401,51.04143575567117
26127,Michigan,Oceana,26915,20.460709641463872,48.812929593163666,33.936466654282,22.467025822032323,62417,6.48193558934118,21.50218613366646
26129,Michigan,Ogemaw,20885,7.464687574814455,49.791716542973425,28.4271007900407,27.933923868805362,54666,6.248512258985956,17.202137692549513
26131,Michigan,Ontonagon,5850,7.658119658119656,48.44444444444444,19.418803418803417,38.22222222222222,54398,5.328049317481286,18.447395301327884
26133,Michigan,Osceola,23227,8.425539243122227,48.84401773797735,34.49433848538339,22.039006328841435,58267,6.386622343104664,16.599902889050743
26135,Michigan,Oscoda,8425,6.9317507418397595,49.05637982195846,28.985163204747774,29.364985163204746,49515,8.047834518422754,15.637340072658349
26137,Michigan,Otsego,25584,7.051282051282048,49.47232645403377,33.14962476547842,22.099749843652283,68183,4.02150863374735,26.338584808618915
26139,Michigan,Ottawa,301203,18.262434305103202,50.39491638529497,42.044733950193056,16.706340906299076,90502,3.523610800606106,38.90866692576759
26141,Michigan,Presque Isle,13209,5.768794004088118,49.617684911802556,24.5665833901128,33.68915133621016,59321,6.533333333333333,21.44491040792985
26143,Michigan,Roscommon,23737,7.570459620002524,49.17639128786283,23.250621392762355,34.51152209630535,55246,4.738580703952614,20.218379395015933
26145,Michigan,Saginaw,188665,32.184559934275036,51.20769618106167,36.83937137253863,20.36890785254287,60622,6.401972647777346,24.397723631814227
26147,Michigan,St. Clair,160221,10.337596195255305,49.91667758908008,33.63042297826128,20.37747860767315,71270,5.723217955584341,20.311310965063992
26149,Michigan,St. Joseph,60969,16.460824353359904,49.73183093047286,37.98815791631813,18.702947399498104,66425,5.902553466390126,16.928270042194093
26151,Michigan,Sanilac,40462,8.09895704611735,49.574909791903515,33.376995699668825,23.246502891601995,58863,5.961177897871401,16.472127535034257
26153,Michigan,Schoolcraft,8128,18.34399606299213,50.07381889763779,27.97736220472441,28.937007874015748,56782,6.195715112912565,21.09324758842444
26155,Michigan,Shiawassee,67991,7.318615699136655,50.1551675957112,34.38102101748761,19.815857981203393,67404,3.9952188854026596,19.997944501541625
26157,Michigan,Tuscola,52980,8.480558701396756,49.15251038127595,32.8803322008305,21.93091732729332,63811,5.980470223377059,16.331020915303377
26159,Michigan,Van Buren,75795,21.800910350286962,50.13259449831783,35.90342370868791,19.893132792400554,68114,4.167845622771773,22.99422731144128
26161,Michigan,Washtenaw,369822,32.84066388695101,50.11870575574195,43.2919079989833,15.74865746223859,89180,4.590953870969389,58.71340445972595
26163,Michigan,Wayne,1772259,52.07094448384802,51.60148714155211,38.951473797001455,16.56208263013476,60539,8.658507452602318,27.582617142658222
26165,Michigan,Wexford,34077,9.188015376940461,49.49966252897849,35.29946884995745,20.73245884320803,61085,5.291355248362987,21.309145627821437
27001,Minnesota,Aitkin,16056,7.46761335326358,49.45814648729447,24.582710513203786,34.39212755356253,60833,5.775577557755776,20.26355243430916
27003,Minnesota,Anoka,370349,25.51728234719143,49.71310844635735,37.463581648661126,15.452721622037592,101869,4.262474849587068,32.182257969361466
27005,Minnesota,Becker,35343,15.086438615850383,49.90804402569108,35.265823501117616,22.779616897263956,71388,4.340732972091126,27.98355584500163
27007,Minnesota,Beltrami,46512,29.951410388716894,49.57860337117303,43.58660130718954,17.578259373925007,68975,4.680214656461687,31.825703254274686
27009,Minnesota,Benton,41593,14.01678166999255,49.45062871156204,41.18962325391292,14.009568917846753,74410,3.9432380133304665,26.222771737154076
27011,Minnesota,Big Stone,5127,6.397503413302131,49.7366881217086,31.889994148624925,26.877316169299785,70400,1.794871794871795,25.7027027027027
27013,Minnesota,Blue Earth,69871,15.623076812983927,49.227862775686624,48.090051666642815,15.250962488013625,74477,4.893792689334234,34.17969227758616
27015,Minnesota,Brown,25800,8.581395348837207,49.810077519379846,36.08914728682171,22.209302325581394,69378,2.8911939969101743,24.46677144140099
27017,Minnesota,Carlton,36518,13.133249356481736,46.62084451503368,34.185880935429104,18.54975628457199,80573,4.766264232991932,26.49273803119957
27019,Minnesota,Carver,110041,14.518225025217868,49.805981406930144,37.768649866867804,14.546396343181177,125946,3.0613709201651864,50.44251396875892
27021,Minnesota,Cass,30992,19.243675787299953,48.480252968508005,30.504646360351057,27.452245740836346,68874,6.555634301913536,25.95646294115081
27023,Minnesota,Chippewa,12377,17.87185909347985,49.810131695887534,37.973660822493336,21.47531712046538,71458,4.350659931562653,19.26190476190476
27025,Minnesota,Chisago,57991,10.205031815281684,48.18678760497318,35.00025866082668,17.088858615992137,99400,4.0883047939662704,24.363138998119336
27027,Minnesota,Clay,66059,16.539759911594174,50.27021299141676,44.805401232231794,13.999606412449477,81172,4.11836485661989,39.27244086736075
27029,Minnesota,Clearwater,8616,16.399721448467965,49.11792014856082,37.08217270194986,21.23955431754875,64475,7.672436063032808,19.839781830577806
27031,Minnesota,Cook,5635,16.36202307009761,51.233362910381544,24.63176574977817,31.180124223602483,72638,2.2192779065915866,46.64902998236332
27033,Minnesota,Cottonwood,11458,19.95112585093385,49.47634840286263,38.2265665910281,22.66538662942922,72941,2.8446005267778753,24.084044648719633
27035,Minnesota,Crow Wing,67686,6.768017019767747,50.02068374553083,32.278462311260824,24.470348373371156,72589,5.461575640405993,29.33176594580352
27037,Minnesota,Dakota,445771,27.267588066518456,50.40861787778927,37.78464727404878,15.879678130699395,106318,3.5955760353852892,45.04395012416403
27039,Minnesota,Dodge,21045,10.643858398669515,49.08529341886434,38.441435020194824,15.91351865051081,95739,3.289019337016575,30.204513399153736
27041,Minnesota,Douglas,39575,6.2893240682248885,49.6424510423247,33.425142135186356,24.368919772583702,79043,2.9214820693417987,29.71840901091165
27043,Minnesota,Faribault,13914,12.002299841885867,49.33160845191893,33.63518758085382,23.73868046571798,66815,3.355798932884021,21.840589958581674
27045,Minnesota,Fillmore,21414,5.692537592229385,49.4396189408798,36.13056878677501,22.16307088820398,77512,2.7154558404558404,24.091155724362455
27047,Minnesota,Freeborn,30623,18.531822486366455,49.351794402899785,33.9352774058714,23.37132220879731,71023,4.606260296540363,18.20062522986392
27049,Minnesota,Goodhue,47943,10.946332102705291,49.871722670671424,34.30323509167136,20.59111862002795,84171,3.567849268390459,27.938150390969486
27051,Minnesota,Grant,6127,7.883140199118655,48.767749306348946,34.454055818508245,23.58413579239432,73917,2.7526015441423297,21.02469420724671
27053,Minnesota,Hennepin,1269496,34.847214957747006,50.295392817307025,37.896299003699106,15.600758096126336,97653,4.5254567207002,54.136270979636905
27055,Minnesota,Houston,18653,6.545863936096074,49.69173859432799,32.58457084651263,23.567254597115745,79825,1.5727124183006536,30.104244229337308
27057,Minnesota,Hubbard,21831,10.260638541523527,49.269387568137056,31.0567541569328,26.83798268517246,71995,4.35840062262866,30.653549721160473
27059,Minnesota,Isanti,42596,9.249694807024134,49.38726640999155,36.30622593670767,17.212883838858108,87440,4.106088642171116,20.70841923817893
27061,Minnesota,Itasca,45275,11.558255107675318,49.0756488128106,31.341800110436225,25.76697956929873,68603,5.925782008937245,25.899042226371904
27063,Minnesota,Jackson,9933,10.168126447196213,49.07882814859559,33.52461491996376,23.386690828551295,75743,2.4205748865355523,26.059500420993544
27065,Minnesota,Kanabec,16390,7.333740085417939,49.9267846247712,33.19097010372178,22.06223306894448,71460,4.594123505976095,15.727459016393441
27067,Minnesota,Kandiyohi,44079,24.558179632024324,49.710746614033894,38.46956600648835,20.674243971051975,76592,3.6255767963085037,27.915265635507737
27069,Minnesota,Kittson,4084,6.953966699314396,49.853085210577866,33.27619980411362,26.24877571008815,76100,5.044510385756676,29.095270733379024
27071,Minnesota,Koochiching,11833,10.800304233922088,48.6182709372095,28.28530381137497,28.564184906617086,66940,4.81864377080778,21.98424148263234
27073,Minnesota,Lac qui Parle,6682,7.3780305297814985,48.47351092487279,32.295719844357976,27.58156240646513,74432,2,23.293922422733875
27075,Minnesota,Lake,10879,5.67147715782701,48.16619174556485,28.752642706131077,27.916168765511536,75541,2.625250501002004,26.782015352747656
27077,Minnesota,Lake of the Woods,3821,12.326616069091855,45.773357759748755,29.337869667626276,26.851609526302017,77546,1.468498342018001,25.424315898856946
27079,Minnesota,Le Sueur,29113,10.967608971936937,48.851028750042936,35.66447978566276,18.833510802734175,94968,4.184468459411913,26.331302809982315
27081,Minnesota,Lincoln,5603,6.2109584151347486,49.70551490273068,33.856862395145455,24.897376405497056,69694,2.657091561938959,25.748051294945938
27083,Minnesota,Lyon,25503,19.099713759165592,50.68031212014273,41.183390189389485,17.57440301141042,75303,3.2044954058774393,31.146647283300016
27085,Minnesota,McLeod,36798,11.783249089624437,49.49725528561335,35.58345562258818,20.090765802489265,80084,3.3258539017701323,20.192419598867207
27087,Minnesota,Mahnomen,5358,55.58044046285928,48.93617021276596,44.58753266144084,17.86114221724524,59441,9.841129744042366,16.15881809787627
27089,Minnesota,Marshall,8909,9.035806487821308,48.71478280390616,34.36973846671905,23.021663486362105,72543,3.4708136128014426,18.741058655221746
27091,Minnesota,Martin,19780,11.84529828109201,50.21739130434783,34.888776541961576,24.600606673407484,59507,4.156133077156436,23.771779491573835
27093,Minnesota,Meeker,23468,7.750980057951251,48.1506732572013,36.49224475882052,21.024373615135502,75446,3.177229852722158,19.94821846874615
27095,Minnesota,Mille Lacs,27125,12.033179723502307,49.06912442396313,35.72718894009217,18.56589861751152,72729,3.9725532683279163,18.177491009096677
27097,Minnesota,Morrison,34249,5.711115653011767,49.090484393704926,34.885690093141406,21.273613828140967,69446,3.9853575013284526,18.936932433558276
27099,Minnesota,Mower,40343,27.45705574696974,49.84507845227177,39.56572391740823,18.602979451205908,73074,3.9284286285485805,23.916130961279713
27101,Minnesota,Murray,8097,10.917623811288134,49.94442386068914,32.56761763616154,26.5777448437693,74033,2.692867540029112,23.51318738148595
27103,Minnesota,Nicollet,34411,14.515707186655435,49.86196274447124,39.85644125425009,17.561244950742495,79756,2.17094196804037,36.06395843597438
27105,Minnesota,Nobles,22041,47.75645388140284,47.497844925366365,43.76389456013793,17.190690077582687,66101,3.2411913568230486,17.86944098468752
27107,Minnesota,Norman,6367,13.240144495052618,48.295900738181246,35.54264174650542,21.658551908277055,72260,5.25164113785558,22.83269533888764
27109,Minnesota,Olmsted,164498,24.69695680190641,51.16718744300842,39.075247115466446,16.65491373755304,95406,3.557901478594066,49.39911900570949
27111,Minnesota,Otter Tail,60475,9.547747002893757,49.52128978916908,32.79702356345597,25.42207523770153,72255,4.782125164290769,28.324364104686993
27113,Minnesota,Pennington,13791,12.16735552171706,50.06888550503952,35.66818939888333,19.324196940033357,77325,2.87834207496482,20.993672855512912
27115,Minnesota,Pine,29640,12.800269905533067,46.40013495276653,30.492577597840757,22.479757085020243,71146,5.5990881892007405,17.421286634606663
27117,Minnesota,Pipestone,9284,15.919862128392936,50.096940973718226,38.657906074967684,20.55148642826368,69628,3.20186598812553,21.827247868746984
27119,Minnesota,Polk,30705,15.955056179775283,48.58492102263475,37.86354014004234,19.09135319980459,73107,3.5870790033804933,27.989195967780834
27121,Minnesota,Pope,11418,6.34962340164652,48.660010509721495,32.30863548782624,25.503590821509896,76220,1.2597066436583262,23.89177436888513
27123,Minnesota,Ramsey,542945,42.08713589774287,50.92099568096216,40.24864396946284,15.765132748252585,81568,4.867271619150809,45.647759208628976
27125,Minnesota,Red Lake,3915,9.118773946360148,47.63729246487867,34.6360153256705,22.784163473818648,77188,1.0848126232741617,18.644688644688646
27127,Minnesota,Redwood,15350,14.944625407166123,49.92182410423453,37.28338762214984,22.286644951140065,67866,2.562345848177583,22.184986595174262
27129,Minnesota,Renville,14558,15.084489627696108,49.15510372303888,35.45129825525484,22.180244539085038,70625,2.547156822249759,18.130896226415093
27131,Minnesota,Rice,67917,22.839642504822066,48.347247375473,41.5374648467983,16.643844692786782,83181,4.550339366515837,30.1688101057633
27133,Minnesota,Rock,9621,8.626961854277104,50.09874233447667,37.53248103107785,20.434466271697328,71295,2.608862459236524,26.262471220260935
27135,Minnesota,Roseau,15302,11.62593125081689,47.90223500196053,36.276303751143644,19.14782381388054,74474,3.741114852225963,21.44749290444655
27137,Minnesota,St. Louis,200123,10.508537249591498,49.65945943244905,36.57700514183777,21.362362147279423,70069,4.615760657019945,33.590995781078426
27139,Minnesota,Scott,154557,24.385178283739982,49.85345212445894,39.63262744489088,12.691110722904819,119314,3.456707419192765,44.149897814808995
27141,Minnesota,Sherburne,100560,14.166666666666671,48.69928400954654,40.09049323786794,12.330946698488464,105466,2.9897035107306786,29.668330526822228
27143,Minnesota,Sibley,15005,13.015661446184602,48.51716094635122,35.334888370543155,19.47350883038987,77634,3.7794686291630284,19.425276491161735
27145,Minnesota,Stearns,160865,19.761912162372177,49.40913188076959,44.063034221241416,16.08242936623877,77066,4.1119108690493675,28.79121980555277
27147,Minnesota,Steele,37439,16.541574294185214,49.865113918640986,37.5090146638532,19.196559737172468,84196,3.405477484870243,27.95849910289414
27149,Minnesota,Stevens,9739,19.03686210083171,47.41759934284834,45.40507238936236,16.839511243454155,75733,1.9542700801250732,31.150322361723788
27151,Minnesota,Swift,9748,14.023389413212971,49.579400902749285,36.25359048009848,23.471481329503487,60412,4.434876210979548,24.243332334432125
27153,Minnesota,Todd,25575,15.839687194525908,48.504398826979475,36.437927663734115,22.639296187683286,67662,4.097884695147242,16.109886382906563
27155,Minnesota,Traverse,3243,15.849522047486897,51.12550107924761,34.72093740363861,25.43940795559667,62989,4.545454545454546,16.585581601061477
27157,Minnesota,Wabasha,21565,6.7424066774866676,49.95594713656388,32.7011361001623,23.33874333410619,82007,2.209750964573834,26.53415669625627
27159,Minnesota,Wadena,14256,13.881874298540964,50.01402918069585,38.236531986531986,20.209034792368126,61467,5.490602338315821,19.815087203193947
27161,Minnesota,Waseca,18885,12.819698173153293,51.52237225311094,36.542229282499335,19.13688112258406,76261,2.4971267370180756,20.996631965707287
27163,Minnesota,Washington,276238,22.84044917788284,50.25376667945757,37.05826135433937,16.64253288830646,115345,3.372446820657832,49.06722350596765
27165,Minnesota,Watonwan,11205,32.34270414993306,49.22802320392682,40.12494422132976,20.214190093708165,71699,5.251520176893311,17.197452229299362
27167,Minnesota,Wilkin,6371,9.606027311254117,47.10406529587192,35.33197300266834,19.949772406215665,71410,4.802527646129542,22.955974842767297
27169,Minnesota,Winona,49779,11.131199903573796,50.27622089636192,42.84135880592218,18.732798971453825,70744,2.2864734468412404,32.724263067422164
27171,Minnesota,Wright,148269,11.951925217004234,49.14041370751809,39.888985560029404,13.752706229892965,107209,2.7319618908914376,34.37323095608139
27173,Minnesota,Yellow Medicine,9451,13.003914929637073,49.12707649984129,35.8268966246958,21.53211300391493,74000,3.5420098846787478,19.674109837054917
28001,Mississippi,Adams,28803,62.85456376071936,50.61972711175919,35.506718050203105,22.011596014304065,43644,6.396283723423262,20.557714060886244
28003,Mississippi,Alcorn,34289,20.34180057744466,50.94053486540873,36.42859225990843,18.971098603050542,51260,4.621441941521978,18.55674410830687
28005,Mississippi,Amite,12565,41.392757660167135,52.95662554715479,30.9908475925189,26.279347393553522,37222,5.809227826918479,11.212187637001316
28007,Mississippi,Attala,17526,48.231199360949454,52.5733196393929,38.93643729316444,19.46821864658222,51639,5.419580419580419,19.79319258940112
28009,Mississippi,Benton,7589,39.5967848201344,50.968507049677164,32.2045065225985,20.99090789300303,46016,3.1315240083507305,12.770245511176256
28011,Mississippi,Bolivar,29534,68.98489876075033,53.56199634319767,40.597277713821356,17.1192523870793,39585,7.10517059444249,27.972100770351865
28013,Mississippi,Calhoun,12922,36.31016870453491,50.57266676984987,35.83036681628231,20.801733477789817,43125,4.6875,12.060412302943446
28015,Mississippi,Carroll,9686,37.54903985133182,47.27441668387363,27.441668387363205,24.994837910386124,59327,1.6184404119666502,21.154617132166244
28017,Mississippi,Chickasaw,16915,50.55867573159918,51.00798108187999,39.627549512267215,18.640260124150164,43586,4.85632183908046,12.024420456556362
28019,Mississippi,Choctaw,8118,33.037694013303764,51.293422025129345,34.30647942843065,23.195368317319538,50919,9.826419535157399,20.09402751175344
28021,Mississippi,Claiborne,8582,88.95362386390119,52.07410859939408,45.19925425308786,19.436028897692847,31897,6.913486966377031,18.13944455234026
28023,Mississippi,Clarke,15314,37.25349353532715,52.736058508554265,35.203082147054985,22.306386313177484,46108,7.017268445839874,17.525966127070273
28025,Mississippi,Clay,18383,63.15617690257302,53.28292444105968,37.22460969373878,19.76826415710167,43125,7.2336748549561785,17.303567172479543
28027,Mississippi,Coahoma,20540,81.10516066212269,53.237585199610514,43.25219084712756,16.48003894839338,37461,9.892729439809298,19.507139567019806
28029,Mississippi,Copiah,27855,56.891042900735954,51.872195297074136,38.84401364207503,19.0809549452522,49089,5.761606906880451,19.67493584260051
28031,Mississippi,Covington,18148,40.62155609433547,48.03835133348027,38.626845933436194,17.62728675336125,45051,3.4505640345056405,17.40089906007356
28033,Mississippi,DeSoto,191301,43.61869514534686,51.859112079915946,40.125247646379265,13.45471273020005,85297,3.227644959054504,28.963366492973314
28035,Mississippi,Forrest,78272,44.22526573998364,53.15949509403107,46.734464431725264,13.735435404742436,53640,6.687055074400555,30.571290193518497
28037,Mississippi,Franklin,7622,37.57543951718709,48.03201259511939,36.07976908947783,21.52978220939386,52939,3.9671682626538987,18.962906888720667
28039,Mississippi,George,25170,14.922526817640048,49.49543106873262,41.75208581644815,14.878823996821612,59758,7.46086602968083,17.499848144323636
28041,Mississippi,Greene,13615,29.107601909658463,39.92655159750275,32.80940139551965,15.137715754682336,54276,11.890547263681592,10.53933696190005
28043,Mississippi,Grenada,21217,49.67243248338596,51.81222604515247,38.24291841447896,18.800961493142292,48804,4.917861253531443,21.795855717574828
28045,Mississippi,Hancock,46167,16.557281174865167,50.96280893278749,31.542010526999807,22.555071804535707,67708,5.01627768352515,26.763740771123874
28047,Mississippi,Harrison,210891,39.17568791460992,51.229308031163015,38.924847433034124,16.619960074161533,59479,7.1477359898279795,27.456452834422596
28049,Mississippi,Hinds,218533,77.07531585618648,53.20706712487359,40.90366214713567,16.33712070945807,49402,7.525187692068308,31.171397273949996
28051,Mississippi,Holmes,16191,85.37459082206163,52.473596442468036,41.936878512754,16.76857513433389,32538,9.536307961504813,13.945513431129738
28053,Mississippi,Humphreys,7395,79.75659229208925,51.87288708586883,39.29682217714672,18.904665314401623,33731,12.51696065128901,19.613883754364345
28055,Mississippi,Issaquena,928,66.05603448275862,32.866379310344826,21.875,24.461206896551722,31429,5.1020408163265305,8.582089552238806
28057,Mississippi,Itawamba,24036,11.844732900649024,50.52421367948078,39.424197037776665,17.469628889998337,55546,5.096212986556542,16.02639935246871
28059,Mississippi,Jackson,145249,33.947221667619054,50.82306934987504,36.838807840329366,17.25795014079271,66201,6.705008736167734,26.656333214101192
28061,Mississippi,Jasper,16059,55.53895012142724,50.32691948440127,36.25381406065135,21.408555949934616,48660,6.221956326652707,12.223631750634288
28063,Mississippi,Jefferson,7068,86.85625353706847,50.73571024335031,35.101867572156195,20.18958687040181,38305,1.8407362945178072,13.4476347862012
28065,Mississippi,Jefferson Davis,11117,62.20203292255104,52.93694341998741,32.877574885310786,24.574975263110552,38548,9.565217391304348,12.671832041989504
28067,Mississippi,Jones,66472,37.14496329281503,50.91316644602239,39.97171741485137,17.82855939342881,52216,4.000277556118378,20.65057808772252
28069,Mississippi,Kemper,8729,66.77740863787376,49.15797914995991,35.34196356971016,22.064383090846604,46431,10.821382007822686,18.585993648671234
28071,Mississippi,Lafayette,58327,31.496562483926827,52.46798223807156,48.81615718277985,13.683199890273801,67185,2.10992445949466,46.49437805380585
28073,Mississippi,Lamar,65713,29.374705157274818,52.026235295907966,39.08054722809794,15.312038713800922,70909,4.825402624288367,34.49980809608742
28075,Mississippi,Lauderdale,71504,49.658760349071386,51.676829268292686,37.8887894383531,18.657697471470126,50817,5.803744351194319,23.565862936376465
28077,Mississippi,Lawrence,11786,36.53487188189377,51.36602749024266,37.06940437807568,19.5571016460207,43531,9.172059808078554,13.192946847646835
28079,Mississippi,Leake,21319,53.88620479384587,52.23978610629016,38.730709695576714,18.16220272995919,50728,6.21565934065934,15.72761592706033
28081,Mississippi,Lee,83034,37.54967844497435,52.360478839993256,39.70060457162126,15.81279957607727,67863,5.059264965335586,28.61292010174445
28083,Mississippi,Leflore,27141,79.13857263918058,52.12409270107955,43.96300799528389,15.117350134482885,35277,11.607864260705629,21.159148237226493
28085,Mississippi,Lincoln,34877,33.03609828827021,51.86512601427875,36.63732545803825,17.77675832210339,51119,3.1825680505911467,19.279003352510244
28087,Mississippi,Lowndes,57838,50.968221584425464,52.11106884747052,40.023859746187625,17.339811196791036,53812,6.326063381130257,28.098359806182465
28089,Mississippi,Madison,111647,46.074681809632146,51.98437933845065,38.51961987335083,15.264180855732802,83441,3.734812466983624,49.611517670965426
28091,Mississippi,Marion,24193,36.58909601950977,51.59756954490968,37.47364940271979,18.8360269499442,45110,7.468719923002888,13.731931668856767
28093,Mississippi,Marshall,33979,52.93563671679566,49.904352688425206,36.69913770269873,19.038229494687897,53458,4.379369476322385,14.562820836489102
28095,Mississippi,Monroe,33747,33.71855276024536,52.32465108009601,35.67724538477494,20.42551930541974,51866,6.311797372341866,16.407445181030088
28097,Mississippi,Montgomery,9602,48.08373255571756,49.62507810872735,33.138929389710476,22.52655696729848,41748,4.724805227444081,19.37444411503113
28099,Mississippi,Neshoba,28932,42.620627678694866,52.426379095810866,42.49274160099544,16.912069680630445,57013,7.471218737594284,17.688768606224627
28101,Mississippi,Newton,21093,40.29298819513583,51.04062959275589,40.9330109515005,17.247428056701274,50540,4.737091425864519,19.33636764058141
28103,Mississippi,Noxubee,10025,74.54364089775561,53.87531172069826,40.34912718204489,18.184538653366584,33833,8.615630834889304,10.63063063063063
28105,Mississippi,Oktibbeha,51771,45.31880782677561,50.4780668714145,56.284406327866954,12.213401325066156,46695,5.775564302353603,46.972781422001056
28107,Mississippi,Panola,32808,53.45952206778834,52.28297976103389,39.72201901975128,17.453060229212387,45945,6.602927995219599,17.65298182983203
28109,Mississippi,Pearl River,57458,20.921368651884855,50.7100838873612,37.19760520728184,19.572557346235513,58135,6.106455617628802,16.961993135884075
28111,Mississippi,Perry,11449,22.72687570966897,49.5239758930911,35.25198707310682,19.512621189623548,49634,1.993656547349343,12.940140845070422
28113,Mississippi,Pike,39602,58.60310085349225,52.91399424271501,40.995404272511486,17.92838745517903,43814,5.810690139048348,15.342679127725855
28115,Mississippi,Pontotoc,31550,25.974643423137877,50.25039619651347,40.966719492868464,15.508716323296355,51484,3.1122949670545355,18.498283614562684
28117,Mississippi,Prentiss,25184,20.51699491740788,50.37325285895807,40.22395171537484,17.455527318932656,49724,3.45047341587764,19.70737533592117
28119,Mississippi,Quitman,5774,75.5975060616557,52.00900588846554,38.17111188084517,18.375476272947697,32412,12.35632183908046,17.10758377425044
28121,Mississippi,Rankin,158854,28.993918944439546,51.76010676470218,36.8388583227366,16.74871265438705,79357,4.352629253203712,33.475518282213024
28123,Mississippi,Scott,27718,54.159751785843135,49.99278447218414,41.83563027635471,15.856122375351758,48786,5.488126649076517,13.53213599909635
28125,Mississippi,Sharkey,3872,76.65289256198346,50,41.65805785123967,18.285123966942148,40000,9.05373831775701,16.06858054226475
28127,Mississippi,Simpson,25691,39.177143746837416,51.675684091705264,36.717138297458256,19.138998092717294,56381,4.354136429608127,16.739105570170423
28129,Mississippi,Smith,14132,26.740730257571464,52.36343051231248,35.40192470987829,20.91706764789131,60916,4.448336252189142,15.613193097110182
28131,Mississippi,Stone,18894,24.775060865883347,48.64507250979147,38.742457923150205,17.38647189583995,61413,9.322576514278397,17.190657075891053
28133,Mississippi,Sunflower,24333,77.0599597254757,47.64311839888217,40.02383594295812,15.394731434677187,39956,11.233125125931895,16.028837488735356
28135,Mississippi,Tallahatchie,11764,63.42230533832029,48.00238014280857,37.23223393403604,18.14858891533492,37466,10.184609002281684,11.702649656526006
28137,Mississippi,Tate,28321,35.98742982239328,51.06811200169486,40.05861374951449,16.750820945588078,69704,4.66286229163538,23.64389011343476
28139,Mississippi,Tippah,21523,24.104446406170144,52.37652743576639,39.13952515913209,17.36282116805278,52542,5.545563549160671,17.851644506648007
28141,Mississippi,Tishomingo,18660,9.608788853161842,50.67524115755627,34.20685959271168,21.162915326902464,53040,3.1540785498489425,17.829050865233352
28143,Mississippi,Tunica,9475,81.80474934036938,52.91820580474934,42.817941952506594,14.691292875989445,39364,13.268156424581006,13.721958408383822
28145,Mississippi,Union,28122,23.472725979660048,51.137899153687506,40.16072825545836,16.57776829528483,55505,4.4493608652900685,19.13860103626943
28147,Mississippi,Walthall,13839,47.149360502926505,51.080280367078544,36.17313389695787,21.95967916756991,48905,6.632837984777093,12.943544116089397
28149,Mississippi,Warren,43020,53.61692236169225,51.98047419804742,37.35239423523942,18.95629939562994,59401,4.808129834673138,28.756529407774234
28151,Mississippi,Washington,42765,76.1417046650298,53.366070384660354,40.30398690517947,17.820647725944113,42165,6.275477981282655,22.35615272804623
28153,Mississippi,Wayne,19718,43.48818338573892,50.6592960746526,39.172329850897654,18.008925854549144,37619,6.984465789161627,15.98736420371369
28155,Mississippi,Webster,9972,22.121941436020855,52.73766546329723,37.72563176895307,18.15082230244685,58789,6.630211893369788,20.900607317434456
28157,Mississippi,Wilkinson,8162,71.9431511884342,44.60916442048517,34.81989708404803,19.66429796618476,35311,13.36858006042296,8.828522920203735
28159,Mississippi,Winston,17536,50.60447080291971,51.03786496350365,35.315921532846716,21.675410583941606,53031,6.720467510783359,19.696472518457753
28161,Mississippi,Yalobusha,12419,42.789274498751915,51.97680972703116,34.85787905628472,21.93413318302601,49151,5.856791989419989,15.57042413245634
28163,Mississippi,Yazoo,24835,64.07086772699819,45.109724179585264,38.47795449969801,15.220455003019932,39295,9.69875959834613,15.304692972215737
29001,Missouri,Adair,25301,12.936247579147064,51.851705466187106,49.86364175329038,15.386743606972056,61536,4.1414937396024865,35.533389926428974
29003,Missouri,Andrew,18065,7.567118737890954,49.847771934680324,34.36479380016607,21.046221976197067,75625,3.5714285714285716,28.849917795349565
29005,Missouri,Atchison,5187,7.383844225949487,50.04819741661847,31.86813186813187,25.197609408135722,58750,2.260536398467433,22.169562927856767
29007,Missouri,Audrain,24548,12.811634349030477,51.93905817174515,36.74433762424638,19.04432132963989,59448,4.277777777777778,16.804650343491282
29009,Missouri,Barry,35033,19.812747980475553,49.581822852738846,35.36665429737676,21.98498558501984,58346,4.552400356551637,14.610997963340122
29011,Missouri,Barton,11690,10.102651839178789,50.09409751924722,36.25320786997434,21.394354148845167,51635,3.2612966601178783,17.382691593413398
29013,Missouri,Bates,16186,8.284937600395404,49.5242802421846,36.580995922402074,19.34387742493513,60733,5.941378399788751,14.772424807026882
29015,Missouri,Benton,20151,8.391643094635503,49.074487618480475,26.435412634608703,31.373132847005113,52567,3.777991482346476,14.963337875543441
29017,Missouri,Bollinger,10559,6.307415474950284,48.896675821574014,33.374372573160336,21.138365375509043,63814,3.456356180433509,13.88888888888889
29019,Missouri,Boone,188043,24.221587615598562,51.5499114564222,46.518083629808075,13.478831969283622,72758,3.778823391881229,51.53581831818737
29021,Missouri,Buchanan,83568,20.269720467164465,49.678106452230516,37.953522879571125,17.44327972429638,62158,4.159861420440485,23.853194952482628
29023,Missouri,Butler,42020,14.109947643979059,51.230366492146594,37.146596858638745,19.476439790575917,49089,4.826603845943133,15.778310907131186
29025,Missouri,Caldwell,8927,7.998207684552483,49.17665509129607,36.675254844852695,20.253164556962027,64806,2.8761587829807462,19.93517017828201
29027,Missouri,Callaway,44741,11.95324199280302,48.33374309917078,36.789521915022014,17.920922643660177,74176,5.0789804762126645,24.639912745003688
29029,Missouri,Camden,43667,7.886962694941257,50.21183044404241,27.011244188975656,29.67916275448279,66387,4.320594479830149,26.221905101676775
29031,Missouri,Cape Girardeau,82735,16.429564271469143,51.15247476884027,41.20867831026772,17.847343929413185,68464,2.3163620439302095,33.09344511629632
29033,Missouri,Carroll,8411,6.669837118059685,50.3388419926287,34.740221138984666,22.339793128046605,62154,4.307538191835713,19.250168123739073
29035,Missouri,Carter,5297,7.438172550500289,52.19935812724184,37.058712478761564,20.615442703417028,50000,3.8412291933418694,10.05053340819764
29037,Missouri,Cass,110773,16.358679461601653,51.03680499760772,36.823052548906325,17.971888456573353,87535,4.1538513536350425,29.629871999581187
29039,Missouri,Cedar,14615,7.895997263085874,49.06602805336983,36.00410537119398,23.126924392747178,48181,2.582353914914749,18.998817500985414
29041,Missouri,Chariton,7390,7.280108254397833,50.487144790257105,34.85791610284168,24.89851150202977,71520,3.481460515142938,22.62135922330097
29043,Missouri,Christian,92915,9.595867190442874,51.20163590378303,37.73341225851585,16.743259968788678,83437,3.361632059534247,32.73350471293916
29045,Missouri,Clark,6675,5.1086142322097405,49.333333333333336,35.56554307116105,21.737827715355806,51781,5.028735632183908,14.877629884070418
29047,Missouri,Clay,258122,23.018960026654067,50.52959453281782,38.137004982140226,15.275722332850357,88468,3.765073060008512,36.54549559720027
29049,Missouri,Clinton,21414,8.097506304286917,49.59839357429719,35.9157560474456,18.908190903147474,70627,2.9748062015503876,22.142473839549233
29051,Missouri,Cole,77032,20.753712742756257,49.68195035829266,37.17545954927822,18.031467442101984,74876,2.9341164453524002,38.91133958611356
29053,Missouri,Cooper,16824,12.190917736566808,49.59581550166429,37.03637660485021,19.816928197812647,70625,4.316821596841971,23.974898994240522
29055,Missouri,Crawford,22797,8.13264903276747,50.190814580865904,34.85984998026056,21.30543492564811,57629,4.866008462623413,14.124853059456784
29057,Missouri,Dade,7641,7.97016097369454,49.06425860489465,31.17393011385944,24.64337128648083,53750,3.2381513099793935,15.08690198889088
29059,Missouri,Dallas,17551,6.888496381972542,50.6011053501225,35.55352971340665,21.041536094809413,53464,3.898405197873597,16.434336023477623
29061,Missouri,Daviess,8477,4.919193110770315,49.62840627580512,37.66662734457945,21.68219889111714,63984,1.3846153846153846,18.438101908597442
29063,Missouri,DeKalb,10876,12.973519676351597,43.048915042294965,33.523354174328794,19.53843324751747,69826,2.323943661971831,16.352201257861633
29065,Missouri,Dent,14539,8.94146777632574,49.98968292179655,34.23206547905633,22.236742554508563,56312,4.436915133914166,16.468524654063536
29067,Missouri,Douglas,11965,7.6389469285415785,48.99289594651066,33.48098620977852,24.880902632678644,45985,6.081946222791293,14.93913249024938
29069,Missouri,Dunklin,27493,26.46128105335903,51.987778707307314,39.42821809187793,18.73567817262576,47849,4.759377211606511,13.213873467817292
29071,Missouri,Franklin,105950,11.29966965549788,49.91222274657857,35.33364794714488,19.200566304860782,73165,4.317198919756001,23.69157814362835
29073,Missouri,Gasconade,14746,5.689678556896782,49.152312491523126,32.13752882137529,23.382612233826123,64232,3.2843680709534366,18.10883972743396
29075,Missouri,Gentry,6245,6.597277822257808,51.41713370696557,38.398718975180145,18.68694955964772,55848,2.18978102189781,21.59199237368923
29077,Missouri,Greene,303375,15.966707869798103,51.036835599505565,41.31652245570663,17.152369180057683,61479,3.4008563899868247,33.59441520482396
29079,Missouri,Grundy,9787,7.918667620312658,50.3525084295494,37.36589353223664,22.458363134770615,51975,3.178068898592916,16.689342403628117
29081,Missouri,Harrison,8190,6.1782661782661785,50.4029304029304,36.36141636141636,22.771672771672772,54367,2.491506228765572,15.684172918899609
29083,Missouri,Henry,22328,8.684163382300248,50.846470798996776,34.615729129344324,22.433715514152635,57926,4.384738314023172,16.306209171053464
29085,Missouri,Hickory,8585,6.6394874781595785,49.85439720442633,26.278392545136867,32.34711706464764,39390,13.806970509383378,12.78928136419001
29087,Missouri,Holt,4240,6.698113207547173,50.424528301886795,31.88679245283019,25.683962264150942,61187,1.828966880869995,19.642276422764226
29089,Missouri,Howard,10147,13.846457080910612,49.876810880063076,40.179363358628166,20.124174632896423,65938,3.739522888459059,28.188952146484077
29091,Missouri,Howell,40383,8.52586484411757,51.30129014684397,37.34244607879553,19.92422554045019,50993,4.975995481502401,17.816740024007856
29093,Missouri,Iron,9446,8.29980944315054,50.39170019055685,32.9980944315054,22.26339191192039,48850,2.997967479674797,19.00862699225033
29095,Missouri,Jackson,719976,40.65885529517651,51.44963165438848,39.33186661777615,15.876084758380834,68577,4.655601376912852,33.9567929853672
29097,Missouri,Jasper,124357,19.431957991910387,50.92837556390071,40.804297305338665,16.123740521241267,60694,3.6340913148626055,25.270436723294754
29099,Missouri,Jefferson,229458,11.545032206329697,49.990847998326494,35.728542914171655,16.674511239529675,82851,3.196524296062576,24.712708006865157
29101,Missouri,Johnson,54732,16.28115179419718,48.90009500840459,48.18753197398232,13.147701527442813,67272,4.728223264396094,29.12756236107681
29103,Missouri,Knox,3756,5.191693290734822,49.70713525026624,38.76464323748669,21.5122470713525,57788,1.0801591813530416,15.795968737145207
29105,Missouri,Laclede,36390,9.582302830447931,49.716955207474584,37.90327012915636,18.279747183292113,53282,5.338078291814947,16.32305885212038
29107,Missouri,Lafayette,33115,10.276309829382457,49.88373848709044,36.44269968292315,19.305450702098746,80612,3.0460801915020945,26.21622786228293
29109,Missouri,Lawrence,38593,13.815976990645973,49.70072292902858,39.2273210167647,18.127639727411708,61215,4.260039937874417,16.890132524969882
29111,Missouri,Lewis,9924,8.464328899637241,49.25433293027005,41.92865779927449,19.266424828698106,59934,5.112560488112771,16.84193753983429
29113,Missouri,Lincoln,63057,8.132324722076856,49.496487305136625,39.272404332587975,14.824682430182216,89278,3.6633507026685614,18.3630344438966
29115,Missouri,Linn,11852,6.344920688491396,51.12217347283159,36.66047924400945,21.768477894026326,61635,3.1504240955513243,19.244320252703197
29117,Missouri,Livingston,14364,9.245335561125035,54.90810359231412,35.533277638540795,20.06404901141743,63627,2.736318407960199,17.514456532392433
29119,Missouri,McDonald,23701,31.71174212058563,48.77853255136914,39.12915066874815,15.55630564111219,52375,6.823869104908566,12.2899359502822
29121,Missouri,Macon,15163,7.973356196003434,50.81448262217239,35.96254039438106,22.277913341687,62357,2.078454332552693,19.368600682593858
29123,Missouri,Madison,12729,7.785371985230571,50.255322491947524,35.89441432948386,19.553774844842486,54434,4.766061452513966,16.32077599819535
29125,Missouri,Maries,8450,8.331360946745558,49.680473372781066,32.97041420118343,22.035502958579883,59455,4.785827604442094,16.269515201314707
29127,Missouri,Marion,28457,10.988508978458722,51.403872509400145,38.588045120708436,18.99708331869136,62903,3.7885731744576843,24.639121338912133
29129,Missouri,Mercer,3482,8.874210224009193,50.71797817346353,36.932797242963815,22.31476163124641,62679,3.4640522875816995,18.14720812182741
29131,Missouri,Miller,25269,6.66033479757806,49.918872927302225,36.202461514108194,20.0720250108829,56736,5.298013245033113,19.195205479452053
29133,Missouri,Mississippi,11902,29.339606788774997,47.94992438245673,37.12821374558898,18.853974121996302,48160,2.7426612384829654,14.735945485519592
29135,Missouri,Moniteau,15262,11.911938147031842,48.30952692962914,38.70397064604901,16.708164067618924,65715,2.5364990414393156,15.792557866979198
29137,Missouri,Monroe,8734,8.3581405999542,48.31692237233799,33.8561941836501,24.959926723150904,54516,1.7787659811006113,18.875825414720566
29139,Missouri,Montgomery,11426,7.675476982321017,49.361106248906005,34.85034132679853,20.470855942587082,65500,2.9873321989033843,17.682020802377416
29141,Missouri,Morgan,21717,8.10885481420086,49.27476170741815,34.373992724593634,23.995026937422296,53412,2.8945801072066706,16.614358571989015
29143,Missouri,New Madrid,15731,25.777127963892955,52.15815904901151,36.24690102345687,19.865234250842285,51881,3.367207644471409,14.45283714075166
29145,Missouri,Newton,60118,19.60810406201138,50.555574037725805,38.23314148840613,18.842942213646495,66301,5.918217176495322,23.54388036206218
29147,Missouri,Nodaway,20774,8.549147973428328,50.11552902666795,45.90834697217676,17.81553865408684,59315,2.395209580838323,27.900064267352185
29149,Missouri,Oregon,8673,7.379222875590918,49.948114839156,34.92447826588263,22.97936123601983,43069,5.240174672489083,12.551338919007721
29151,Missouri,Osage,13402,3.4323235338009295,48.68676316967617,37.68840471571407,18.273392031040142,76681,1.690927804734598,24.67718794835007
29153,Missouri,Ozark,8873,6.3225515609151355,49.82531274653443,28.310605206807168,29.336188436830835,44163,5.001515610791149,15.274248991182185
29155,Missouri,Pemiscot,14958,34.89771359807461,52.74769354191737,40.13905602353256,18.24441770290146,40089,9.685779073534176,12.620967741935484
29157,Missouri,Perry,18976,6.560919055649239,50.53225126475548,35.94013490725126,19.661677908937605,62981,4.908039936941671,20.852255525280047
29159,Missouri,Pettis,43397,17.92981081641588,49.62094153973777,39.36447219853907,17.319169527847546,60430,3.8452341097135205,18.41485381737564
29161,Missouri,Phelps,45194,15.136965083860687,47.579324689118025,43.10306677877595,17.066424746647787,58396,3.889877421905892,32.35170382835507
29163,Missouri,Pike,17711,11.015752921912936,45.89238326463779,36.44063011687652,19.06724634407995,54989,3.9393509990080773,16.63705378775642
29165,Missouri,Platte,110371,23.31500122314738,50.55766460392675,37.28243832166058,16.08755923204465,96227,2.7024338483984347,46.51492478538237
29167,Missouri,Polk,32444,9.052521267414626,50.95241030699051,40.54062384416225,18.28072987301196,59647,4.013536379018612,22.49365780325096
29169,Missouri,Pulaski,53894,31.528556054477306,44.01417597506216,54.20454967157754,9.650424908153042,64466,4.718509518023492,25.809617271835133
29171,Missouri,Putnam,4642,4.911676001723397,47.82421370099095,33.950883239982765,25.032313657906077,63510,3.9867109634551494,22.552811663195477
29173,Missouri,Ralls,10428,7.192174913693905,49.12734944380514,32.518220176448025,23.15880322209436,65388,4.83493077742279,17.003188097768334
29175,Missouri,Randolph,24365,12.546685819823523,47.70367330186743,37.28709214036528,17.713933921608866,53033,4.388828436706565,18.41718152397764
29177,Missouri,Ray,23145,7.8289047310434174,49.168286887016635,35.55843594728883,19.304385396413913,74573,3.4286223172143555,16.22172784575454
29179,Missouri,Reynolds,6010,9.05158069883527,48.219633943427624,31.148086522462563,23.693843594009984,45028,10.911179173047474,14.96309550436144
29181,Missouri,Ripley,10708,7.564437803511392,49.56107583115428,36.075831154277175,19.929025028016436,42037,3.6984352773826457,12.56764069264069
29183,Missouri,St. Charles,414535,17.033543609104175,50.52842341418698,36.51199536830424,16.984814310010012,104692,2.925261137611181,42.73308910250389
29185,Missouri,St. Clair,9587,7.186815479294884,48.889120684259936,32.18942317721915,25.62845519974966,53043,3.3309020179917335,14.690240045996838
29186,Missouri,Ste. Genevieve,18571,6.1655268967745425,48.128802972376285,34.300791556728235,21.458187496634537,66339,4.216325612772656,16.785443517816528
29187,Missouri,St. Francois,66999,10.119554023194377,47.494738727443696,36.35576650397767,17.222645114106182,57477,4.534447057171937,17.24926425440918
29189,Missouri,St. Louis,995569,38.6352929832086,52.16172861951306,36.61463946748041,19.116605679767048,82936,4.3338249707031435,47.41969548771304
29195,Missouri,Saline,23231,24.734191382204816,49.515733287417675,42.8005682062761,17.20545822392493,57931,3.1896473161396153,22.664686825053995
29197,Missouri,Schuyler,4038,5.77018325903913,50.024764735017335,41.03516592372462,19.192669638434868,61205,3.7462235649546827,11.823035850495804
29199,Missouri,Scotland,4686,4.033290653008958,50.661545027742214,43.000426803243705,19.355527102005976,68913,0.23741690408357075,15.183423913043478
29201,Missouri,Scott,37933,19.15482561358184,51.965307252260565,37.9036722642554,18.71457569925922,62782,2.852503382949932,22.06534422403734
29203,Missouri,Shannon,7177,7.816636477636896,49.825832520551764,33.1614880869444,22.516371743068134,55222,1.3022888713496448,12.80943025540275
29205,Missouri,Shelby,5986,6.364851319746078,49.014366855997324,36.58536585365854,22.25192114934848,51594,1.768550557477893,18.522119591638308
29207,Missouri,Stoddard,28470,7.2778363189322075,50.49174569722515,35.447839831401474,20.649806814190377,57957,3.723117243505743,16.74488267598602
29209,Missouri,Stone,32048,7.485646530204693,50.36507738392412,26.294932601098353,31.99887668497254,63520,7.055192180495333,24.836810700412478
29211,Missouri,Sullivan,5857,23.151784189858294,49.78658016049172,35.59842922998122,20.795629161686872,56964,2.4593265228906547,15.538724651844612
29213,Missouri,Taney,56529,14.916237683312994,51.771657025597484,36.712130057138815,22.763537299439225,56497,3.897306709146816,25.007031629548187
29215,Missouri,Texas,25161,11.040896625730301,48.042605619808434,34.581296450856485,21.52935097969079,50036,5.10320506171559,16.46440355684805
29217,Missouri,Vernon,19687,7.370345913547016,50.78478183572916,37.58317671559912,20.561792045512266,52230,4.22312556458898,16.569550276408187
29219,Missouri,Warren,37177,10.554912983834086,50.068590795384246,36.673211932108565,18.229012561529977,81209,3.7031073901143134,20.168979148903183
29221,Missouri,Washington,23470,8.223263740945885,48.11674478057094,36.335747763101836,17.929271410311035,56043,3.6374909579415107,11.714478776337613
29223,Missouri,Wayne,10862,7.595286319278216,49.48444117105505,30.289081200515557,25.142699318725832,47226,7.340753019180677,12.686381709741552
29225,Missouri,Webster,40500,8.767901234567898,48.89876543209876,41.787654320987656,15.77283950617284,71155,3.846798057059907,18.335575629444552
29227,Missouri,Worth,1934,4.756980351602891,47.67321613236815,32.109617373319544,26.370217166494314,47847,1.560758082497213,21.08303249097473
29229,Missouri,Wright,18965,8.267861850777747,50.935934616398626,38.44977590297917,19.715264961771684,47909,3.533204384268214,15.86064269805918
29510,Missouri,St. Louis,288512,55.55852096273293,51.545862910381544,36.62066049245785,15.495715949423248,56160,5.045090180360721,41.14198922562119
30001,Montana,Beaverhead,9713,10.892618140636257,48.73880366519098,34.80901884072892,23.823741377535264,61268,1.2823252831801668,37.67123287671233
30003,Montana,Big Horn,12891,73.03545108990768,50.85718718485765,47.01729889069894,14.07183306182608,58750,13.236108547166328,17.819930537002403
30005,Montana,Blaine,6949,55.93610591452007,50.021585839689166,43.891207367966615,16.736221038998416,64813,13.62085013962147,23.904474843496406
30007,Montana,Broadwater,7668,11.08502869066249,50.286906624934794,30.829420970266042,23.239436619718308,70374,3.51010101010101,27.30125523012552
30009,Montana,Carbon,11116,9.859661748830517,49.04641957538683,27.186038143216983,28.04965815041382,80261,4.455977093772369,34.57236075506875
30011,Montana,Carter,1308,11.085626911314982,49.54128440366973,26.452599388379205,31.116207951070336,54167,2.843601895734597,20.682730923694777
30013,Montana,Cascade,84606,17.62522752523462,49.03316549653689,38.09895279294613,19.6369051840295,67690,3.3003962481817726,28.42428716117625
30015,Montana,Chouteau,5906,24.635963427023366,49.593633592956316,34.25330172705723,23.383000338638674,58218,3.183673469387755,22.998336897125206
30017,Montana,Custer,11961,10.977343031519105,49.65303904355823,33.35005434328234,20.75077334671014,70605,3.439275295562721,27.01892016612829
30019,Montana,Daniels,1494,9.70548862115127,47.92503346720214,26.37215528781794,31.659973226238286,55625,0.48959608323133413,24.224137931034484
30021,Montana,Dawson,8827,9.561572448170386,47.73988897700238,35.810581171405914,21.162342811827347,71334,2.6621923937360177,21.76594708651193
30023,Montana,Deer Lodge,9597,10.70126081067,46.712514327393976,25.580910701260812,26.341565072418465,57527,3.4226190476190474,24.146947313374298
30025,Montana,Fallon,2760,7.826086956521738,48.369565217391305,38.51449275362319,22.246376811594203,76250,0,16.236559139784944
30027,Montana,Fergus,11687,7.589629502866435,48.74647043723796,33.36185505262257,25.07914777102764,63706,4.207596594629994,23.98067405137874
30029,Montana,Flathead,110695,9.959799448936268,49.86946113193911,33.9617868919102,21.095803785175484,73925,2.9297608613997745,37.18397461724416
30031,Montana,Gallatin,124074,12.451440269516578,47.65140158292632,43.70375743507907,13.59269468220578,93528,2.3067204629742837,54.27647813641299
30033,Montana,Garfield,1094,3.290676416819016,50,34.460694698354665,26.416819012797074,69583,0,20.984455958549223
30035,Montana,Glacier,13637,70.45537874899172,50.920290386448634,45.69920070396715,13.214050010999486,46875,10.021786492374728,16.460004862630683
30037,Montana,Golden Valley,899,9.677419354838712,50.16685205784205,28.587319243604004,28.809788654060068,58333,1.5424164524421593,20.857988165680474
30039,Montana,Granite,3462,10.02310803004044,49.30675909878683,24.35008665511265,31.253610629693817,59265,3.7220843672456576,34.22222222222222
30041,Montana,Hill,16155,32.893840916125036,48.74032807180439,43.8811513463324,16.292169606932838,52798,4.2386609071274295,24.402440244024405
30043,Montana,Jefferson,12774,9.43322373571317,49.43635509628934,30.749960857992797,23.179896665100987,95490,4.189294026377037,32.16634839804795
30045,Montana,Judith Basin,2071,10.14002897151135,44.1815548044423,33.70352486721391,26.02607436021246,59000,0.09259259259259259,30.985915492957744
30047,Montana,Lake,32561,35.39203341420718,50.62805196400602,34.15435643868432,24.24372715825681,63360,5.737084680470524,31.512841612889254
30049,Montana,Lewis and Clark,73464,11.381084612871605,50.36752695197648,34.27937493193945,20.20445388217358,78237,3.238009576466231,43.03814375942145
30051,Montana,Liberty,1952,6.60860655737705,53.17622950819672,34.221311475409834,21.567622950819672,57857,0.6009615384615384,27.84717119764879
30053,Montana,Lincoln,21175,10.04958677685951,49.36953955135773,26.776859504132233,30.13931523022432,47143,5.057766367137355,18.947432987793658
30055,Montana,McCone,1670,7.9041916167664645,46.64670658682635,28.862275449101798,30.419161676646706,69375,2.125147579693034,23.325635103926096
30057,Montana,Madison,9223,9.584733817629843,47.34901875745419,26.108641439878564,30.781741298926597,75250,3.1091662828189772,32.58270781206561
30059,Montana,Meagher,2007,5.979073243647237,48.28101644245142,25.01245640259093,34.728450423517685,71932,0.2727272727272727,29.974651457541192
30061,Montana,Mineral,4959,11.050615043355517,47.14660213752773,29.542246420649324,28.110506150433554,63450,3.104726598702502,26.095085470085472
30063,Montana,Missoula,120672,14.535269159374176,49.8326040837974,39.11760806152214,17.13985017236807,75598,3.7445339144955634,47.417501862667336
30065,Montana,Musselshell,5152,13.354037267080743,48.524844720496894,28.940217391304348,28.998447204968944,58920,9.222886421861658,22.355706450770434
30067,Montana,Park,17710,9.085262563523433,50.02823263692829,27.888198757763973,24.618859401468097,70047,2.7111458217114803,39.830262585231395
30069,Montana,Petroleum,447,1.118568232662187,44.742729306487696,20.80536912751678,28.187919463087248,60208,0,30.81232492997199
30071,Montana,Phillips,4221,18.976545842217483,47.50059227671168,33.64131722340677,23.999052357261313,53417,1.7904160084254872,25.433333333333337
30073,Montana,Pondera,6035,21.126760563380287,49.444904722452364,36.02319801159901,21.855840927920465,52338,5.825242718446602,20.110656723598748
30075,Montana,Powder River,1815,10.79889807162534,49.862258953168045,29.421487603305785,30.02754820936639,67045,0.713436385255648,26.125461254612546
30077,Montana,Powell,7053,13.242591804905713,34.99220189990075,27.43513398553807,20.870551538352473,66923,2.3479599692070825,19.253229516899665
30079,Montana,Prairie,1250,11.919999999999998,46.24,22.72,42.16,51250,0.9208103130755064,26.934673366834172
30081,Montana,Ravalli,46727,11.393840820082612,49.82558263958739,28.672929997645902,27.012219915680443,71283,3.19825465348373,28.681907028129515
30083,Montana,Richland,11235,12.541165999109927,49.1588785046729,38.9942145082332,17.472185135736538,73084,3.266787658802178,21.986192246415296
30085,Montana,Roosevelt,10526,67.55652669580088,49.372981189435684,48.793463803914115,12.217366520995629,57063,10.797034291010194,21.18854494289025
30087,Montana,Rosebud,8165,48.597672994488676,49.69993876301286,42.33925290875689,17.55052051439069,49914,10.594170403587444,20.88546679499519
30089,Montana,Sanders,13285,11.704930372600675,48.98757997741814,26.337975159954837,32.999623635679335,57476,5.950378469301935,21.483172838280552
30091,Montana,Sheridan,3669,11.80158081221041,47.669664758789864,33.14254565276642,22.703733987462524,70147,2.0562770562770565,26.171428571428574
30093,Montana,Silver Bow,35785,10.859298588794186,48.372222998463045,37.691770294816266,19.483023613245773,61754,4.066931366988088,27.98947155294594
30095,Montana,Stillwater,9182,8.015682857765194,49.46634720104552,32.05184055761272,25.201481158788933,84732,3.0938987451319777,32.254681647940075
30097,Montana,Sweet Grass,3720,9.247311827956995,49.73118279569893,31.155913978494624,25.77956989247312,77000,1.7623363544813695,24.37037037037037
30099,Montana,Teton,6353,8.531402487014006,50.62175350228239,36.518180387218635,23.0757122619235,70430,1.0462369220384746,26.779972439136422
30101,Montana,Toole,5061,17.82256471053152,40.74293617862082,36.35645129421063,18.020154119739182,57731,4.884318766066838,22.506963788300833
30103,Montana,Treasure,732,6.9672131147541005,50.13661202185792,29.781420765027324,22.814207650273225,67917,1.0101010101010102,37.45704467353952
30105,Montana,Valley,7519,15.813273041627873,49.727357361351245,34.06038036973002,24.511238196568694,71695,2.982689747003995,25.740361333581674
30107,Montana,Wheatland,2056,5.836575875486383,52.62645914396887,32.3443579766537,28.988326848249027,49489,0.819672131147541,23.18150917743032
30109,Montana,Wibaux,1193,10.813076278290023,51.38306789606035,37.4685666387259,20.452640402347026,67462,1.7142857142857142,22.474747474747474
30111,Montana,Yellowstone,168957,16.57936634765058,50.42466426368839,37.535585977497234,18.283942068100167,76570,3.3768977491094203,34.14406467580738
31001,Nebraska,Adams,31052,17.741208295761947,50.37678732448796,40.0392889346902,18.81682339301816,68365,2.4409496630032184,29.55048988232977
31003,Nebraska,Antelope,6305,7.168913560666135,49.389373513084855,37.38302934179223,24.71054718477399,66105,1.7324350336862369,20.533208606173993
31005,Nebraska,Arthur,484,7.024793388429751,45.66115702479339,33.264462809917354,22.727272727272727,76250,0.4166666666666667,36.63663663663664
31007,Nebraska,Banner,742,14.150943396226412,49.73045822102426,27.358490566037737,27.762803234501348,78839,3.7037037037037037,33.33333333333333
31009,Nebraska,Blaine,422,0,49.76303317535545,22.98578199052133,34.59715639810427,69583,1.3043478260869565,25
31011,Nebraska,Boone,5356,6.516056758775202,48.69305451829724,35.41822255414488,23.823749066467514,74947,1.2139605462822458,19.741448963102613
31013,Nebraska,Box Butte,10714,21.36456972185925,48.77730072801941,35.6636176964719,20.785887623669964,68892,1.6042780748663101,18.578570463450887
31015,Nebraska,Boyd,1688,9.241706161137442,47.68957345971564,28.376777251184834,31.93127962085308,67045,2.2813688212927756,22.315308453922313
31017,Nebraska,Brown,2869,11.502265597769256,49.14604391774137,31.927500871383756,27.500871383757406,54676,1.7325017325017324,24.011713030746705
31019,Nebraska,Buffalo,50579,16.245872793056403,49.60359042290278,43.810672413452224,16.595820399770655,75911,2.556828132114462,34.36997825881463
31021,Nebraska,Burt,6740,9.673590504451035,48.84272997032641,32.8486646884273,24.480712166172108,63685,1.1211460604173156,24.921923797626484
31023,Nebraska,Butler,8424,10.04273504273504,49.667616334283004,35.68376068376068,20.85707502374169,79268,1.2015416005440942,23.973784063470163
31025,Nebraska,Cass,27161,9.54677662825375,49.32071720481573,35.29325135304297,18.7585140458746,91836,1.7151838185048518,32.163835529449116
31027,Nebraska,Cedar,8315,4.99098015634396,48.86349969933855,37.871316897173784,22.3331328923632,73578,1.7335766423357664,23.96694214876033
31029,Nebraska,Chase,3671,22.173794606374287,51.23944429310814,33.315172977390354,24.73440479433397,68173,1.8909899888765296,24.135250680139915
31031,Nebraska,Cherry,5498,16.151327755547474,48.6358675882139,35.722080756638775,22.371771553292106,66270,0.44353462981917435,25.320348539210663
31033,Nebraska,Cheyenne,9533,13.133326340081819,49.56467009335991,34.51169621315431,21.98678275464177,60348,3.3867369701886028,23.21163550014841
31035,Nebraska,Clay,6095,12.863002461033634,49.286300246103366,37.27645611156686,20.278917145200985,78986,1.9086357947434294,22.280785816962144
31037,Nebraska,Colfax,10641,55.26736209002914,46.19866553895311,43.98082886946715,13.805093506249413,82530,1.3374862587028216,14.76664116296863
31039,Nebraska,Cuming,8975,14.874651810584961,48.92479108635097,37.34818941504178,21.515320334261837,71104,2.225457570715474,24.88006617038875
31041,Nebraska,Custer,10518,8.404639665335612,48.830576155162575,36.12854154782278,22.551815934588326,67906,2.6109660574412534,24.261661606403536
31043,Nebraska,Dakota,21354,57.70815772220661,50.365271143579655,46.28641004027349,12.840685585838719,70329,4.810903511147216,14.557644882860664
31045,Nebraska,Dawes,8140,14.18918918918919,51.437346437346434,43.206388206388205,19.742014742014742,56280,1.637831603229527,36.23216351716159
31047,Nebraska,Dawson,24202,47.22336996942401,48.05387984464094,42.08329890091728,16.539955375588793,69880,1.4005163915186605,17.60672703751617
31049,Nebraska,Deuel,1847,14.34759068760152,50.02707092582566,28.26204656199242,28.09962100703844,70096,1.3761467889908257,25.180897250361795
31051,Nebraska,Dixon,5545,19.080252479711458,49.107303877366995,37.294860234445444,22.11000901713255,72454,2.365217391304348,23.408845738942826
31053,Nebraska,Dodge,37351,22.48668041016305,49.62651602366737,39.78474471901689,19.134695188883832,74329,3.434417245158933,21.98656196875253
31055,Nebraska,Douglas,590736,34.22273232035968,50.3314509357818,41.83933262912706,14.094959508138999,80391,3.8434617403694724,42.10934070190843
31057,Nebraska,Dundy,1736,7.48847926267281,49.94239631336406,35.88709677419355,24.596774193548388,58922,0.31512605042016806,20.16326530612245
31059,Nebraska,Fillmore,5541,7.4535282439992745,49.25103771882332,30.69842988630211,23.82241472658365,76295,0.39551746868820037,22.87724405628336
31061,Nebraska,Franklin,2846,7.2733661278988055,49.71890372452565,30.780042164441323,28.109627547434997,60195,2.6607538802660753,21.30373169579594
31063,Nebraska,Frontier,2569,8.913974309069673,47.52822109770339,35.500194628260026,26.274815103152978,70132,2.6066350710900474,25.70781426953567
31065,Nebraska,Furnas,4568,8.559544658493866,49.54028021015762,34.15061295971979,25.98511383537653,61048,1.0411736867013726,24.91499227202473
31067,Nebraska,Gage,21629,7.536178279162231,49.18858939386934,34.43062554903139,22.081464700171068,67247,1.5365033184834984,23.13059505002633
31069,Nebraska,Garden,1761,6.587166382737086,50.42589437819421,31.402612152186258,29.642248722316864,41882,5.419354838709677,21.14639814097599
31071,Nebraska,Garfield,1718,3.259604190919674,50.93131548311991,33.64377182770664,29.39464493597206,62804,2.73224043715847,29.67213114754098
31073,Nebraska,Gosper,2040,10.245098039215684,49.36274509803921,31.225490196078432,23.872549019607842,77500,2.380952380952381,27.369826435246996
31075,Nebraska,Grant,626,3.9936102236421744,43.45047923322684,34.34504792332268,21.72523961661342,70147,0.3048780487804878,28.636363636363637
31077,Nebraska,Greeley,2202,8.083560399636692,48.54677565849228,34.741144414168936,25.930971843778384,63929,3.5204567078972406,21.318822023047375
31079,Nebraska,Hall,62536,39.498848663170016,48.85825764359729,41.9758219265703,15.653383651017014,69251,4.01476839067978,21.490342679127725
31081,Nebraska,Hamilton,9464,8.0938292476754,49.609044801352496,36.485629754860526,20.87912087912088,83994,2.288659793814433,31.308482896149712
31083,Nebraska,Harlan,2847,5.865823674042847,47.6290832455216,31.928345626975766,28.556375131717598,70625,1.2884753042233357,29.193154034229828
31085,Nebraska,Hayes,843,6.4056939501779375,50.77105575326216,31.198102016607354,25.50415183867141,69250,0,19.781931464174455
31087,Nebraska,Hitchcock,2569,8.057609964966916,48.38458544180615,33.514986376021795,26.391592059166992,51567,1.7055655296229804,20.931506849315067
31089,Nebraska,Holt,10102,9.077410413779452,50.07919223916056,37.25994852504454,22.886557117402493,68513,0.8543612159745678,29.078428508835984
31091,Nebraska,Hooker,647,11.12828438948995,49.1499227202473,37.403400309119014,21.32921174652241,49464,3.9215686274509802,24.597701149425287
31093,Nebraska,Howard,6534,8.8766452402816,49.14294459749005,35.9657177838996,22.6660544842363,76767,3.750756200846945,26.029543419874663
31095,Nebraska,Jefferson,7161,9.537774053903082,50.984499371596144,34.953218824186564,24.842899036447424,59044,1.169248757673195,20.21149241819633
31097,Nebraska,Johnson,5261,22.448203763543052,39.099030602547046,33.3396692643984,18.684660710891464,57632,3.3707865168539324,17.704485488126647
31099,Nebraska,Kearney,6713,9.22091464322955,49.87338000893788,36.85386563384478,20.5422314911366,78631,1.6712328767123288,34.49169004964386
31101,Nebraska,Keith,8219,14.636817131037837,49.77491178975544,30.12531938191994,27.910938070324857,60645,2.0273571079628727,22.72951223517819
31103,Nebraska,Keya Paha,822,6.934306569343063,47.201946472019465,35.03649635036496,25.304136253041364,64000,1.0230179028132993,20.577617328519857
31105,Nebraska,Kimball,3248,17.733990147783253,48.399014778325125,31.527093596059114,28.14039408866995,56712,0.7222586999343401,15.024630541871922
31107,Nebraska,Knox,8363,15.472916417553506,50.914743513093384,35.80055004185101,25.816094702857825,64636,3.598531211750306,19.00941750959191
31109,Nebraska,Lancaster,326696,22.145970565908367,49.700026936356736,44.396625609128975,15.27995445306952,74793,3.1546036002373783,41.86906070362121
31111,Nebraska,Lincoln,33802,14.016922075616822,50.005916809656235,35.66652860777469,21.08159280515946,65148,3.633870414809736,22.65777626773125
31113,Nebraska,Logan,773,11.38421733505821,49.28848641655886,34.54075032341527,23.673997412677878,74271,0.2457002457002457,24.11214953271028
31115,Nebraska,Loup,578,12.456747404844293,43.252595155709344,33.56401384083045,24.22145328719723,71667,0,27.228915662650603
31117,Nebraska,McPherson,475,7.578947368421051,43.1578947368421,40,21.263157894736842,58684,0,25.742574257425744
31119,Nebraska,Madison,35532,22.751322751322757,50.29832263874817,40.31295733423393,17.40684453450411,63128,2.9765126095897823,23.70421265083523
31121,Nebraska,Merrick,7724,9.476954945624028,48.77006732263076,35.1242879337131,21.80217503883998,68354,0.36665851869958443,18.30651060716898
31123,Nebraska,Morrill,4534,19.51918835465373,47.8606087340097,36.59020732245258,22.12174680194089,58500,3.641948222904783,19.406834300451322
31125,Nebraska,Nance,3324,5.866425992779778,49.60890493381468,35.55956678700361,21.41997593261131,65179,3.6151603498542273,20.11393514460999
31127,Nebraska,Nemaha,7046,10.743684359920525,48.56656258870281,39.298892988929886,20.153278455861482,60924,6.005434782608695,29.411764705882355
31129,Nebraska,Nuckolls,4087,7.413750917543426,50.91754343038904,28.651822852948374,29.31245412282848,73976,0.6001846722068329,23.138639281129652
31131,Nebraska,Otoe,16241,14.4572378548119,48.97481682162429,36.75266301336124,20.60833692506619,82188,2.7144535840188015,27.217235188509875
31133,Nebraska,Pawnee,2530,6.126482213438733,50.43478260869565,34.466403162055336,28.379446640316207,62188,2.2325581395348837,21.19318181818182
31135,Nebraska,Perkins,2821,9.925558312655092,48.81247784473591,35.62566465792272,23.856788372917404,72778,1.5191545574636725,25.827482447342025
31137,Nebraska,Phelps,9009,10.456210456210457,48.174048174048174,37.54023754023754,21.201021201021202,68919,1.1999142918362975,29.91312899524668
31139,Nebraska,Pierce,7325,6.43003412969283,49.03754266211604,37.54266211604096,19.87713310580205,72357,2.08,23.731884057971016
31141,Nebraska,Platte,34716,27.33033759649729,48.95725313976264,40.5835925797903,18.299919345546723,71552,1.9969445656918376,23.013479957431713
31143,Nebraska,Polk,5225,9.875598086124404,49.282296650717704,35.177033492822964,23.177033492822968,69768,1.3258897418004187,19.978254960587115
31145,Nebraska,Red Willow,10557,11.158473051056173,50.269963057686844,36.468693757696315,21.028701335606705,63697,1.3795674869500374,24.82815507286225
31147,Nebraska,Richardson,7751,9.572958327957682,48.961424332344215,33.105405754096246,24.448458263449876,60108,3.7151702786377707,23.839510615329253
31149,Nebraska,Rock,1319,1.4404852160727843,50.11372251705838,32.97952994692949,28.8855193328279,58125,1.1695906432748537,27.089947089947092
31151,Nebraska,Saline,14650,35.194539249146764,49.29692832764505,43.07849829351536,15.440273037542662,79910,2.914885347842985,21.80120812740253
31153,Nebraska,Sarpy,197389,23.683690580528804,49.5924291627193,41.70293177431366,12.837088186271778,103321,2.607295936511502,42.60644015516194
31155,Nebraska,Saunders,23048,7.835820895522383,48.88059701492537,36.28514404720583,18.504859423811176,94066,2.492633590825834,32.61144883485309
31157,Nebraska,Scotts Bluff,35843,29.31674246017354,51.466116117512485,37.90140334235416,20.905058170354042,63614,2.6812479182857776,27.010927614822116
31159,Nebraska,Seward,17641,6.286491695482111,48.625361374071765,41.41488577745026,18.21892182982824,82444,2.1296884933248568,33.168539325842694
31161,Nebraska,Sheridan,5014,19.52532907857998,50.05983246908656,33.74551256481851,27.72237734343837,60121,1.9583333333333333,24.240735580941767
31163,Nebraska,Sherman,2967,7.4148972025615105,48.43276036400405,32.11998651836872,27.873272665992584,63578,3.044654939106901,20.456663560111835
31165,Nebraska,Sioux,1171,4.5260461144321145,51.40905209222886,37.916310845431255,27.497865072587533,53929,1.7543859649122806,22.363847045191193
31167,Nebraska,Stanton,5796,10.990338164251213,49.465148378191856,36.68046928916494,20.583160800552104,80687,0.7397444519166106,24.053848107696215
31169,Nebraska,Thayer,4901,6.876147724954096,50.1530299938788,33.62579065496838,25.30095898796164,66213,1.9928258270227182,23.8204833141542
31171,Nebraska,Thomas,564,10.815602836879435,51.41843971631206,22.5177304964539,39.00709219858156,65000,2.1021021021021022,28.690228690228693
31173,Nebraska,Thurston,6627,63.829787234042556,50.671495397615814,51.36562547155576,12.584880036215482,69177,9.973666886109282,22.179732313575524
31175,Nebraska,Valley,4066,5.336940482046238,49.803246433841615,34.84997540580423,25.823905558288246,61852,0.2358490566037736,25.325565455791637
31177,Nebraska,Washington,21106,7.069079882497864,50,36.098739694873494,19.174642281815597,94396,1.8060921915715697,36.830480397570405
31179,Nebraska,Wayne,9844,14.618041446566432,48.852092645266154,49.90857375050793,16.76147907354734,66215,4.343025395656975,30.373489564262172
31181,Nebraska,Webster,3360,11.785714285714288,48.98809523809524,34.226190476190474,22.946428571428573,64347,0.6814310051107325,21.218400331537506
31183,Nebraska,Wheeler,847,4.840613931523019,47.22550177095631,26.092089728453363,29.279811097992916,70250,2.310924369747899,30.321592649310876
31185,Nebraska,York,14286,12.102757944841102,49.9790004199916,39.13621727565449,20.18759624807504,77757,1.5166138149731145,25.680361458442786
32001,Nevada,Churchill,25805,29.25789575663631,49.05638442162372,37.283472195310985,20.170509591164503,79163,5.318392031305585,17.693993369669045
32003,Nevada,Clark,2329548,61.73081645022983,49.95973467814357,37.23859735880094,15.90089579609435,76472,7.590459589159622,27.809680721735237
32005,Nevada,Douglas,49623,22.840215222779758,49.37025169780142,24.28712492191121,32.748926908893054,90754,3.0333623973199946,31.614955441670244
32007,Nevada,Elko,54047,38.851370103798544,47.94715710400207,41.4879641793254,13.13856458267804,86487,4.5021053010400545,17.779040045441636
32009,Nevada,Esmeralda,1028,41.731517509727624,49.02723735408561,15.66147859922179,24.80544747081712,41715,0.56657223796034,21.11731843575419
32011,Nevada,Eureka,1585,19.116719242902214,39.369085173501574,32.2397476340694,21.892744479495267,70473,0,17.073170731707318
32013,Nevada,Humboldt,17289,36.31788998785355,47.23234426513969,40.38984325293539,16.53652611487073,81073,5.781661479530764,19.2529500487978
32015,Nevada,Lander,5770,24.956672443674176,44.62738301559792,39.25476603119584,14.714038128249566,89014,9.396709323583181,19.27840603123317
32017,Nevada,Lincoln,4405,15.414301929625429,48.399545970488084,32.78093076049943,25.675368898978434,72307,1.8765133171912833,20.361852192578965
32019,Nevada,Lyon,61680,29.638456549935142,47.905317769130995,32.95395590142672,22.23249027237354,80812,6.468416876530859,16.972791371040824
32021,Nevada,Mineral,4542,42.91061206516953,52.906208718626154,30.096873623954206,26.111845002201672,54855,9.802876931273309,13.220439691027927
32023,Nevada,Nye,54344,31.096349182982486,48.897762402473134,27.13639040188429,30.897615192109523,60714,8.074470798265748,13.34889093180586
32027,Nevada,Pershing,6487,36.28796053645753,36.85833204871281,32.15662093417605,17.342377061815938,66902,3.8855678906917164,6.148800983808157
32029,Nevada,Storey,4140,23.526570048309182,46.88405797101449,25.02415458937198,33.23671497584541,93409,6.474050294275013,31.236834185976527
32031,Nevada,Washoe,497200,41.481496379726465,49.20092518101367,36.73028962188254,17.701126307320997,88096,5.1317468658509124,34.220494389452114
32033,Nevada,White Pine,8735,28.494562106468237,43.457355466514024,33.85231825987407,20.4350314825415,72865,4.024594745667971,12.358845671267252
32510,Nevada,Carson,58384,37.87681556590847,47.970334338174844,33.78322828172102,21.209577966566183,72355,5.511977206373773,23.73290998270265
33001,New Hampshire,Belknap,64659,7.293648216025616,50.28998283301628,29.126649035710418,23.95954159513757,92783,3.0994679149827,33.55213841447355
33003,New Hampshire,Carroll,51804,6.04779553702417,49.366844259130566,24.86294494633619,30.88950660180681,86463,5.063099253420245,38.648576361028034
33005,New Hampshire,Cheshire,77297,8.579893139449135,50.65008991293323,33.22121168997503,22.37861754013739,83329,3.3100531182372617,35.54117520524863
33007,New Hampshire,Coos,31271,8.061782482171974,47.76630104569729,27.194525279012502,26.06888171148988,57677,4.284412032816773,20.074685050679143
33009,New Hampshire,Grafton,92120,12.469604863221884,50.412505427702996,33.63330438558402,22.95267042987408,88261,3.1761528874117158,46.718262990679534
33011,New Hampshire,Hillsborough,426378,19.944040264741613,49.81565653012116,34.70301000520665,17.31280694594937,103545,3.0769292737254648,41.53487284115866
33013,New Hampshire,Merrimack,155967,9.877730545564123,50.164457866087055,33.42181358877198,19.915110247680598,97004,3.1174007425771935,38.909328321996064
33015,New Hampshire,Rockingham,319082,10.459380347371528,50.26074802088491,31.183206824578008,20.379087507286528,118331,3.554066120622182,45.70651328430816
33017,New Hampshire,Strafford,132575,12.368093531963043,50.57967188383934,38.724495568546104,17.086177635300775,88570,3.5414798797531777,39.28032321079738
33019,New Hampshire,Sullivan,43715,8.55770330550154,49.59396088299211,29.625986503488505,23.53425597620954,80858,3.075464029264327,30.306692853905425
34001,New Jersey,Atlantic,276270,46.02598906866471,51.33203026025265,35.69189560936765,19.850870525210844,78050,8.78339607854114,31.837139815581462
34003,New Jersey,Bergen,962316,48.66977167583205,51.00455567609808,34.443155886424,18.189763030023403,124884,5.83210536882498,53.136573922005724
34005,New Jersey,Burlington,467805,37.565866119430105,50.62921516443817,34.493645856713805,18.32066779961736,108111,5.274895067578869,42.54603768860697
34007,New Jersey,Camden,527257,47.466605469439,51.601970196697245,37.22947253426697,16.53728637078313,88755,6.894424335360092,36.337440789419674
34009,New Jersey,Cape May,94941,16.06366058920804,51.57940194436545,28.145901138601868,29.500426580718553,91128,5.266390296330416,39.04531788415865
34011,New Jersey,Cumberland,153305,59.054825348162154,49.040801017579334,39.29291282084733,15.795962297381038,67436,6.760065485417904,18.930172966047408
34013,New Jersey,Essex,863002,72.72196356439497,51.351445303718876,38.92934199457243,14.210859302759438,80789,8.716630700967437,39.145856152507044
34015,New Jersey,Gloucester,306954,25.733171745603578,51.00405924014673,37.03519094066212,16.897320119627047,105115,5.272036860117788,36.830028328611895
34017,New Jersey,Hudson,718323,72.70879534694002,50.06884089747927,37.23798346983182,12.639578573984126,91795,6.007325300740005,48.909144301581726
34019,New Jersey,Hunterdon,130160,20.061462814996922,50.68761524277812,31.663337430854334,20.81899200983405,141715,4.5968862547145735,57.383273905314866
34021,New Jersey,Mercer,385864,57.26706818982854,50.571185702734645,38.344338938071445,15.953030083138101,100645,6.305471184568656,45.44113206248973
34023,New Jersey,Middlesex,871290,62.49354405536618,50.31585350457368,37.14136510231955,16.132171837160993,111549,6.686865454177949,45.59772721608892
34025,New Jersey,Monmouth,645353,28.536010524472655,50.98000629113059,34.580919279835996,19.116669481663525,124845,5.402272133791318,51.31253766013746
34027,New Jersey,Morris,514528,34.2035807575098,50.43146339946514,34.229624043783815,18.196677343118353,137326,5.196430118707218,57.80990393980482
34029,New Jersey,Ocean,654362,18.901311506475004,51.28308184154948,37.91830821471907,22.61852002408453,89863,5.446108542418953,34.41509059275123
34031,New Jersey,Passaic,521012,62.069203780335194,50.88366486760382,39.44745994334104,15.859903418731239,87522,8.004222007212595,30.865335088422135
34033,New Jersey,Salem,65275,29.838376101110686,50.86173879739563,35.39793182688625,19.08693986978169,79960,7.415334256578119,24.96299521114497
34035,New Jersey,Somerset,349846,50.742898303825115,50.716601018733954,34.763867530284756,17.018059374696296,140374,4.74167020771365,57.79564470191462
34037,New Jersey,Sussex,145807,20.29326438374015,49.60872934769936,32.686359365462565,18.96753928137881,116186,5.116560702391765,40.27211908503251
34039,New Jersey,Union,579290,64.58613129865871,50.59590187988745,37.74154568523537,15.066201729703602,103202,6.511040651891221,38.86053388423057
34041,New Jersey,Warren,110849,25.37776615034867,50.143889435177584,32.71026351162392,19.5509206217467,100869,5.098867097481185,36.51426096640475
35001,New Mexico,Bernalillo,673930,62.924339323075095,50.81863101509059,36.242042942145325,18.283798020565936,69473,5.333551570135852,38.15292620384989
35003,New Mexico,Catron,3743,25.594442960192353,49.82634250601122,14.907827945498264,47.555436815388724,49864,4.207699194270367,31.175207118748084
35005,New Mexico,Chaves,64217,63.922325863867826,49.68466293972001,40.95021567497703,16.458258716539234,52938,5.02767362970898,17.903617903617906
35006,New Mexico,Cibola,26845,80.53268765133173,50.407897187558206,37.552616874650774,18.182156826224624,50759,10.5002156101768,16.99875803229116
35007,New Mexico,Colfax,12322,52.60509657523129,49.32640805064113,30.084401882811232,28.8021425093329,53554,3.7559618441971385,25.395970261825234
35009,New Mexico,Curry,47638,56.99441622234352,49.12045006087577,47.040178009152356,12.983332633611823,57309,8.159606617835374,23.304212905184336
35011,New Mexico,De Baca,1576,64.65736040609137,34.58121827411168,45.74873096446701,26.586294416243653,NA,8.436724565756824,9.269893355209188
35013,New Mexico,Doña Ana,224266,73.30045570884575,50.62336689466972,44.64073912229228,17.047167203231876,56848,6.757862738220507,31.675241364054774
35015,New Mexico,Eddy,61105,57.12134849848621,48.28246461009737,41.23557810326487,14.784387529662057,78426,5.500565126554098,19.30277436655723
35017,New Mexico,Grant,27775,52.540054005400535,49.584158415841586,30.502250225022504,30.311431143114312,44958,8.369544681655016,30.660446129173348
35019,New Mexico,Guadalupe,4381,83.35996347865785,42.524537776763296,35.311572700296736,17.2106824925816,42750,2.600216684723727,16.384364820846905
35021,New Mexico,Harding,741,52.4966261808367,49.662618083670715,34.27800269905533,26.58569500674764,48553,15.306122448979592,33.33333333333333
35023,New Mexico,Hidalgo,4041,61.94011383320961,51.84360306854739,32.88789903489236,23.335807968324673,48882,3.5046728971962615,18.30175913396482
35025,New Mexico,Lea,73733,69.0043806707987,48.066672995809206,46.9789646426973,11.362619180014375,68015,6.873408239700375,15.537713445663236
35027,New Mexico,Lincoln,20224,39.82891613924051,50.642800632911396,27.07179588607595,31.284612341772153,53303,5.070359615814161,32.169858870967744
35028,New Mexico,Los Alamos,19435,30.182660149215334,48.11937226652946,34.53563159248778,18.38435811679959,147139,0.622524052065648,69.74358974358974
35029,New Mexico,Luna,25611,71.6567100074187,48.373745656163365,41.876537425325054,20.811370114403967,36419,5.412081742645408,14.587622623228775
35031,New Mexico,McKinley,70431,92.048955715523,51.90612088426971,42.82063295991822,13.78938251622155,47668,9.039461020211743,13.299408915159328
35033,New Mexico,Mora,4149,75.29525186791997,54.42275247047481,22.390937575319356,34.00819474572186,53663,3.766707168894289,34.27960927960928
35035,New Mexico,Otero,68816,54.51784468728202,47.26807719135085,41.01807719135085,17.54969774471053,55876,8.564631245043616,22.740461179345097
35037,New Mexico,Quay,8564,52.113498365249875,50.89911256422233,30.97851471275105,26.389537599252687,41946,7.425488180883864,19.588779088300925
35039,New Mexico,Rio Arriba,40070,86.03943099575743,50.611429997504366,35.789867731469926,21.81682056401298,57155,4.9273828423590285,19.038025686225133
35041,New Mexico,Roosevelt,18928,51.87024513947591,49.49281487743026,48.45202874049028,15.00422654268808,52685,5.429661207089971,21.184305255579552
35043,New Mexico,Sandoval,153604,59.10327856045415,50.537746412853835,34.91771047628968,20.05481628082602,86636,5.175330877336608,33.753171856978085
35045,New Mexico,San Juan,120942,63.806618048320686,50.69702832762812,39.490003472739,16.918026822774554,55872,7.260548963488562,18.26301928046114
35047,New Mexico,San Miguel,26850,82.44692737430168,51.32588454376164,30.741154562383613,25.579143389199256,49431,4.794343364663275,26.501925866639986
35049,New Mexico,Santa Fe,156105,56.00461228019602,51.18157650299478,28.304026136254443,28.04842894205823,79071,5.2574561117274685,46.067631078964034
35051,New Mexico,Sierra,11500,36.939130434782605,50.54782608695652,24.63478260869565,38.82608695652174,41600,4.160963591568573,17.02127659574468
35053,New Mexico,Socorro,16200,67.18518518518519,50.648148148148145,41.388888888888886,21.049382716049383,36570,1.2553942722636329,18.96227349242499
35055,New Mexico,Taos,34543,59.54028312537996,51.133370002605446,26.21659960049793,30.5097993804823,58950,7.612793384409583,38.53534796514834
35057,New Mexico,Torrance,15490,51.98192382182053,49.02517753389284,33.33118140735959,22.51775338928341,57842,9.032634032634032,16.557597489914837
35059,New Mexico,Union,4013,46.67331173685522,45.65163219536506,31.24844256167456,22.82581609768253,46694,6.184118060435699,18.38260278627251
35061,New Mexico,Valencia,78458,69.50215401871066,49.923525962935585,37.29001503989396,18.731040811644448,58933,6.9542603640813825,20.90038704420452
36001,New York,Albany,317018,31.991874278432142,51.38856468717864,39.20502936741762,18.169946186020983,85333,5.0408028491238,46.42163998059195
36003,New York,Allegany,47159,7.258423630696154,49.07016688224941,41.51487520939799,20.051315761572553,62869,7.110179184140297,24.857008276697396
36005,New York,Bronx,1404779,91.28951956143992,52.75897489925462,41.04403610817075,14.465905313220087,48676,11.399017293688845,22.388465460531616
36007,New York,Broome,197378,20.737366879794106,50.56085277994508,39.70503298239925,20.28392222030824,62616,7.094088437994949,31.043297895953405
36009,New York,Cattaraugus,76145,12.272637730645474,49.815483616783766,35.850022982467664,20.80635629391293,59540,4.977468854004065,21.12780103422802
36011,New York,Cayuga,75102,13.078213629463932,48.79896673856888,32.992463582860644,21.34297355596389,67904,3.79687413707406,24.61518867581238
36013,New York,Chautauqua,125544,16.33769833683808,50.41180781240043,35.068979799910785,21.440291849869368,58351,5.921087104605872,25.12069082749711
36015,New York,Chemung,82147,15.99936698844754,50.27937721401877,34.894761829403386,20.320888163901298,63716,6.149523958170751,27.222146134355956
36017,New York,Chenango,46321,7.694134409878883,49.77871807603463,32.81017249195829,22.337600656289805,62948,6.410663281497937,19.558876056673412
36019,New York,Clinton,78493,11.797230326271135,49.15342769418929,36.08474641050795,18.999146420699937,71224,4.061778896580659,27.554072290914394
36021,New York,Columbia,61100,17.592471358428806,49.38625204582652,27.53355155482815,26.224222585924714,81528,5.440184301464538,39.37153808891978
36023,New York,Cortland,46246,10.785797690611076,50.38057345500151,42.373394455736715,17.14526661765342,70418,4.584397396820166,29.136678377733055
36025,New York,Delaware,44487,10.82113875963765,49.17616382313934,30.055971407377434,26.405466765571965,63337,6.447522434646898,27.591399144732883
36027,New York,Dutchess,298220,33.8749916169271,50.24612702032057,34.4611360740393,19.130843001810742,99478,5.239836469363398,41.61717164122998
36029,New York,Erie,950622,27.711119666912822,51.33081287830494,35.748278495553436,19.287371847064342,72839,4.871573937305104,38.04689377687179
36031,New York,Essex,36973,8.425066940740544,48.44616341654721,26.600492251102157,26.38952749303546,71661,3.968432919954904,32.796068458313286
36033,New York,Franklin,46696,16.641682371081036,47.545828336474216,34.15067671749186,19.530580777796814,65151,3.92816504229951,23.807118664210588
36035,New York,Fulton,52487,12.121096652504427,50.14575037628365,32.75668260712176,20.831825023339114,66533,3.460625170306357,20.90720458067397
36037,New York,Genesee,57787,12.120373094294568,49.81051101458806,33.879592295845086,20.276186685586723,73314,4.584848587839446,23.823345967471095
36039,New York,Greene,47409,17.190828745596832,48.902107194836425,28.7498154358877,24.134657976333607,77945,3.9366615350780734,29.943595640983517
36041,New York,Hamilton,5089,8.52819807427786,49.950874435056,21.182943603851445,33.75908822951464,68835,4.44642063139173,33.22179732313575
36043,New York,Herkimer,59757,9.319410278293761,49.897083186906976,33.37516943621668,22.286928728015127,68515,4.328554609044947,22.682358424609646
36045,New York,Jefferson,115040,19.829624478442277,47.53042420027816,44.44106397774687,15.1086578581363,66301,5.876983715382222,26.45276244212572
36047,New York,Kings,2631580,63.93003442798623,52.35926705629318,38.217154713138115,15.450641819743272,80263,7.915478575191689,42.107577637464196
36049,New York,Lewis,26607,6.5584244747622815,49.284023001465776,35.456834667568685,20.543466005186605,68182,5.1795078660750304,18.554372378186514
36051,New York,Livingston,61498,11.930469283553935,49.87804481446551,37.56707535204397,20.13724023545481,74001,5.160721551607216,30.553691275167782
36053,New York,Madison,67328,10.386466254752847,50.50499049429658,36.732117395437264,20.322896863117872,75499,4.24859876753476,29.63824008690929
36055,New York,Monroe,753753,32.2607007865972,51.48397419313754,36.675409583776116,18.773258613896065,76382,4.943800693768101,41.46508447960978
36057,New York,Montgomery,49528,22.952673235341624,50.048457438216765,36.52883217573898,19.435470844774674,64943,4.7326469611424775,22.92352992624122
36059,New York,Nassau,1389591,45.73978962155051,50.785159086378656,35.730297619947166,18.6745596366125,146202,4.822926055498785,49.67532667242132
36061,New York,New York,1629477,54.4592528768433,52.21227424504918,33.30835599397844,18.14649731171413,103931,7.583145569133567,64.1899555133559
36063,New York,Niagara,210721,17.89712463399471,50.83404122038145,33.54957503049055,20.732627502716863,69633,5.9233548070665245,27.95640362734419
36065,New York,Oneida,229124,21.318587315165583,50.00916534278382,36.50948831200573,19.82769155566418,70154,4.645691345345906,27.84682798639533
36067,New York,Onondaga,471129,26.219145923940157,51.44429657270089,37.35728431066651,18.675564442010575,76945,5.190204191024975,39.216192857648146
36069,New York,Ontario,112625,13.093007769145393,50.730299667036626,33.277691453940065,22.16470588235294,82324,3.7129320933497105,37.97148595862137
36071,New York,Orange,406616,42.11172211619808,50.12272020776359,41.744053357467486,14.641578295000688,97178,5.474136827826265,32.54683183453582
36073,New York,Orleans,39608,15.421127045041406,49.20470611997576,31.91022015754393,19.862149060795797,65969,5.092863604917247,17.92414216522273
36075,New York,Oswego,117953,9.158732715573148,49.70030435851568,37.18006324553,17.958848015735082,69183,7.007200250443494,21.638319252670364
36077,New York,Otsego,60108,11.915219271977106,51.49564117921076,39.60870433220204,21.4796699274639,68885,6.370998574953947,34.38669756308727
36079,New York,Putnam,98107,29.095783175512445,49.58157929607469,32.707146279062655,19.274873352564036,126257,4.434950861127608,45.493105620494156
36081,New York,Queens,2323052,76.82062218150949,51.14065462159263,34.020676248314714,17.801495618694716,86136,7.249020915749222,36.13528896749841
36083,New York,Rensselaer,160332,21.255894019908695,50.128483396951324,35.75643040690567,18.29329142030287,87915,5.295585435366186,37.55406308238686
36085,New York,Richmond,494956,44.45061783269624,51.030394620936,36.13775769967432,17.224763413313507,98333,5.5710294792144435,35.703822655051646
36087,New York,Rockland,341883,40.25967948099204,50.46258515340043,44.68838754778682,15.698060447580021,109959,5.5968163037692324,42.70867180183108
36089,New York,St. Lawrence,107226,8.829015350754476,48.82491186839013,38.88049540223453,18.793949228731837,62850,5.26082084029349,25.31087100082899
36091,New York,Saratoga,238284,13.201893538802434,50.402041261687735,32.59010256668513,19.969448221450033,100787,3.274780231727394,45.39218387637482
36093,New York,Schenectady,160369,32.28928284144691,50.86207434105095,37.37567734412511,17.852577493156407,79623,5.768971724568644,36.10265489923307
36095,New York,Schoharie,30049,11.271589736763287,49.515790874904326,32.68661186728344,23.897633864687677,70133,4.987584249733948,26.194755518687497
36097,New York,Schuyler,17562,7.578863455187335,49.681129711877915,30.37808905591618,23.032684204532515,67663,6.528189910979228,26.38369341171082
36099,New York,Seneca,32920,12.72478736330498,48.35358444714459,33.73025516403402,21.57958687727825,68089,4.523542230733672,25.24218684188358
36101,New York,Steuben,92588,8.578865511729383,49.86931351795049,34.38134531472761,20.80399187799715,65887,5.9742982136347065,26.34250560640039
36103,New York,Suffolk,1530146,37.98644050959843,50.39983112722577,35.881151210407374,17.909271402859595,130686,4.734553502441069,40.21758027014389
36105,New York,Sullivan,79721,33.978500018815616,48.095232122025564,35.240400898132236,19.253396219314862,72382,5.847183080043195,30.103867875786133
36107,New York,Tioga,47864,7.487882333277618,49.94150091927127,33.049891358850076,21.809710847400968,72739,5.482172148838815,25.26552759178019
36109,New York,Tompkins,104537,26.330390196772434,51.31580206051446,47.59750136315372,16.25644508642873,74024,5.544850809091759,58.759702590080884
36111,New York,Ulster,182601,27.62361651907711,50.2647849683189,31.942322331203005,21.272063132184382,86271,5.410195626647761,38.221501122396816
36113,New York,Warren,65517,8.603873803745588,50.22971137262085,29.911320725918465,24.311247462490652,78442,4.337596525096525,36.43598267351667
36115,New York,Washington,60522,10.229338091933515,48.67981890882654,30.902812200522124,21.658239978850666,73495,5.018952213347773,22.372074573581912
36117,New York,Wayne,90929,13.401665035357258,49.846583598192,33.340298474634054,20.82064027977873,74506,3.317345231455661,25.59953594162634
36119,New York,Westchester,999677,50.80090869350799,51.248453250399876,35.39293191700919,18.158765281185822,118976,6.054098769349319,53.116779479871745
36121,New York,Wyoming,39753,11.812944934973457,46.52227504842402,31.4290745352552,20.40600709380424,69110,3.6452933151432467,18.157336654660515
36123,New York,Yates,24526,6.327978471825812,50.68498736035228,36.862920981815215,22.60050558590883,69701,3.1421911421911424,25.492406264831512
37001,North Carolina,Alamance,176893,41.91912625146274,52.09420384073988,38.4820202043043,17.158960501546133,65651,5.063686104951135,28.71510433199125
37003,North Carolina,Alexander,36412,14.495221355597055,48.810831593980005,32.40964517192135,21.20454795122487,65354,5.032000469731666,16.661687826736372
37005,North Carolina,Alleghany,11174,16.144621442634687,50.60855557544299,26.37372471809558,30.74100590656882,47172,3.7134695671281035,23.57742269226348
37007,North Carolina,Anson,22289,56.260935887657595,48.51720579658127,34.86024496388353,19.718246668760376,47302,5.500734830988873,9.908961416981482
37009,North Carolina,Ashe,26950,9.183673469387754,50.84601113172542,28.200371057513916,27.246753246753247,56866,4.795475038937618,25.93828593538402
37011,North Carolina,Avery,17680,14.298642533936656,46.26131221719457,29.915158371040725,23.642533936651585,61428,4.848484848484849,25.02955956251848
37013,North Carolina,Beaufort,44499,33.74907301287669,52.28881547899953,31.12429492797591,25.64552012404773,58357,3.9362745098039214,21.240234375
37015,North Carolina,Bertie,17170,65.61444379732092,48.159580663948745,30.262085032032616,25.276645311589984,48750,5.078240330676114,18.99043977055449
37017,North Carolina,Bladen,29566,46.59406074545086,51.711425285801255,33.413380234052624,23.455996753027126,42422,5.4440057128455015,19.467155342542995
37019,North Carolina,Brunswick,152568,19.158670232289865,51.929631377484135,23.682554664149755,33.823606522993025,77024,4.652972774996948,34.666634186743316
37021,North Carolina,Buncombe,274360,19.227657092870675,51.73458230062691,31.734582300626915,21.246172911503134,74436,4.285913109722599,45.91026191498497
37023,North Carolina,Burke,87795,20.882738196936046,49.90147502705165,32.02688080186799,21.676633065664333,58592,4.383902966480184,21.0145707999323
37025,North Carolina,Cabarrus,236133,42.69373615716566,50.94501827360005,39.36679752512355,13.567777481334671,89005,4.635032126751008,37.914658800493335
37027,North Carolina,Caldwell,80536,14.692808185159434,50.13410151981722,32.99766564021059,21.446309724843548,56425,5.035749189856489,18.790651620943375
37029,North Carolina,Camden,10927,21.881577743204904,48.78740733961746,36.46929623867484,16.46380525304292,91078,5.487063726341379,28.586553732133403
37031,North Carolina,Carteret,69148,14.745184242494357,51.128015271591366,27.662405275640655,26.99282697981142,72322,4.027856201769246,34.51571712922973
37033,North Carolina,Caswell,22404,40.05981074808071,48.43777896804142,31.2354936618461,23.067309409034102,59755,5.162503918904797,17.89065810982624
37035,North Carolina,Catawba,163573,28.117109791958327,50.94911751939501,36.18812395688775,18.713968686763707,67864,3.6626109504338284,26.142533639932502
37037,North Carolina,Chatham,80151,30.54110366682886,51.73859340494816,30.085713216304224,25.19120160696685,94317,2.930666598113062,48.93591925455373
37039,North Carolina,Cherokee,29562,10.736756647046885,50.35856843244706,25.92179148907381,31.469454028820785,53628,4.065040650406504,24.18916000863744
37041,North Carolina,Chowan,13836,39.62850534836658,51.669557675628795,30.68806013298641,26.06244579358196,53864,4.114518147684605,24.997604675673085
37043,North Carolina,Clay,11610,9.827734711455637,50.18087855297158,25.107665805340226,32.782084409991384,56971,2.649441646595139,31.78243048631882
37045,North Carolina,Cleveland,100991,29.378855541582915,51.7135190264479,37.33005911417849,18.809596894772803,58534,5.188758742731946,21.952339277772197
37047,North Carolina,Columbus,50140,41.43597925807738,50.85959313921021,35.18348623853211,20.694056641404067,49442,4.386685347118219,14.596404355287962
37049,North Carolina,Craven,102612,35.497797528554166,49.833352824231085,39.00323548902662,20.900089658129655,65873,4.213203838594057,27.520682523267837
37051,North Carolina,Cumberland,338545,60.16866295470322,50.41279593554771,46.602076533400286,13.005951941396269,61291,7.641960021227667,27.820583379196478
37053,North Carolina,Currituck,30601,16.192281297996804,49.374203457403354,32.982582268553315,17.93732230972844,93511,2.983467409894217,30.876729788783685
37055,North Carolina,Dare,37875,14.616501650165015,50.703630363036304,28.36699669966997,25.24884488448845,88994,5.940400586223742,43.20983379501385
37057,North Carolina,Davidson,172954,24.03529262115939,50.84646784694196,35.26660268048151,19.021242642552355,64172,4.080755500901396,21.69412534238175
37059,North Carolina,Davie,44122,17.966094012057475,50.55981143193871,33.27591677621141,22.154480757898554,75057,4.732845763264546,27.281664235428426
37061,North Carolina,Duplin,49335,49.79426370730719,50.7449072666464,37.79466909901692,19.89459815546772,55148,5.319379912284511,17.629279387119944
37063,North Carolina,Durham,332353,58.31450295318532,52.01337132506702,38.840630293693756,14.491820443925585,82316,3.914895926619447,55.226552046089175
37065,North Carolina,Edgecombe,48736,65.05663164806303,53.127051871306634,36.818778726198296,20.910620485883125,51265,8.738850128057935,17.512255625775204
37067,North Carolina,Forsyth,389977,46.463252961072065,52.45283696217982,39.052815935298746,16.958436010328814,67165,5.045044113770629,38.48008640885995
37069,North Carolina,Franklin,74386,39.31922673621381,50.46379695103917,35.65859167047563,17.460274782889254,74240,4.610747549352378,27.005588952695565
37071,North Carolina,Gaston,234881,33.60680514813884,51.60570671957289,36.881229218199856,16.504953572234452,67478,4.755875805108509,26.48985158051161
37073,North Carolina,Gates,10376,36.75790285273709,53.03585196607556,30.628373168851194,22.715882806476483,66333,5.8513997053251945,10.915075707702435
37075,North Carolina,Graham,8072,15.101585728444,48.637264618434095,33.61000991080277,25.545094152626362,49684,7.018054746651136,17.595210377515382
37077,North Carolina,Granville,60877,44.55377236066166,49.20249026726022,34.485930647042395,17.69305320564417,71111,4.5669232771765405,25.195330453166655
37079,North Carolina,Greene,20486,54.52504149175046,42.345992385043445,34.97998633212926,17.299619252172214,53244,5.653266331658291,12.186331179870793
37081,North Carolina,Guilford,547940,53.9544475672519,52.512501368763004,40.29291528269518,15.911231156695989,68642,4.570374200494401,39.02816397324009
37083,North Carolina,Halifax,47675,63.30152071316204,51.51756685894075,34.280020975353956,22.055584687991608,45590,9.268509817498392,16.12552841709723
37085,North Carolina,Harnett,139150,41.759971254042405,50.42903341717571,40.910528206970895,13.706791232482932,71287,4.691271118262269,24.465890833297145
37087,North Carolina,Haywood,62662,9.583160448118477,51.24158181992276,29.64476078005809,25.702977881331588,61912,3.090694139503462,29.52973575227564
37089,North Carolina,Henderson,118484,20.519226224637922,51.66520374058945,29.957631410148206,26.48121265318524,68187,3.462408140192199,36.511832121225765
37091,North Carolina,Hertford,19908,67.82198111312036,51.75808720112518,35.67912397026321,22.76974080771549,45537,5.9683747473546545,16.581319870176703
37093,North Carolina,Hoke,53835,63.962106436333244,50.723507012166806,42.70641775796415,11.674561159097241,64912,6.605538922155689,23.453865692514057
37095,North Carolina,Hyde,4592,42.312717770034844,43.61933797909408,24.912891986062718,19.642857142857142,53713,2.4889380530973453,14.710743801652892
37097,North Carolina,Iredell,196544,27.290072451970037,50.4950545424943,36.16543878215565,16.759097199609247,81419,4.164754810555398,34.109583054106814
37099,North Carolina,Jackson,43771,21.598775444929284,50.604281373512144,40.45372506910969,20.212012519704828,55815,4.907740234843039,31.111818599879726
37101,North Carolina,Johnston,234263,38.57672786568942,50.81297516039665,38.9101138464034,13.723037782321578,83384,3.8080415904368485,28.902761410325827
37103,North Carolina,Jones,9302,36.93829284024941,50.881530853579875,30.77832724145345,24.166845839604385,59641,4.351961950059453,19.77441462021702
37105,North Carolina,Lee,65816,44.24607998055185,50.566731493861674,38.034824358818526,17.143247842469915,65387,3.8412577175227547,21.306348568109726
37107,North Carolina,Lenoir,54919,52.713996977366676,52.065769587938604,36.12593091644057,21.45159234509004,45143,9.030614308246047,16.34849556131668
37109,North Carolina,Lincoln,92716,18.032486302256356,50.0701065619742,33.043919064670604,19.48099572889253,80016,3.337082053722047,28.314731140967712
37111,North Carolina,McDowell,44817,14.398554120088358,49.867237878483614,32.592543008233484,20.976415199589443,57168,4.07264449722882,18.102269619907027
37113,North Carolina,Macon,37941,14.751851558999496,51.21899791781977,29.406183284573416,29.200600933027594,59061,2.802091288257064,27.913128219406936
37115,North Carolina,Madison,21867,8.780353958018928,50.17606438926236,33.59857319248182,23.22678007957196,58531,3.1337114293953667,32.20870437727329
37117,North Carolina,Martin,21644,48.84956569950102,53.43282202919978,32.07817408981704,25.559046386989465,48578,6.128936127942783,16.71515304831773
37119,North Carolina,Mecklenburg,1154681,56.79785152782457,51.662840213011215,40.49274215129547,11.943125417323053,87005,4.335014733056984,49.22188505606555
37121,North Carolina,Mitchell,14992,8.998132337246535,51.10058697972252,30.1093916755603,25.95384204909285,57602,6.487695749440716,24.20217507577108
37123,North Carolina,Montgomery,26007,37.251509209059094,51.08624601068943,34.363825124005075,22.251701464990195,57766,2.8453499604812507,19.18263899889118
37125,North Carolina,Moore,104876,24.30680041191502,51.03646210763187,32.998016705442616,24.057935085243525,86080,4.842043769379409,41.0025605152707
37127,North Carolina,Nash,96216,53.74573875446911,51.741914026773095,36.06780577035005,19.355408663839693,62426,4.946965745087811,22.075337175450063
37129,North Carolina,New Hanover,235229,25.25666478197841,52.412330112358596,36.90276283961586,19.0495219552011,75166,4.486501100768606,45.390675417341434
37131,North Carolina,Northampton,16931,60.98871891796114,51.562223140983996,28.73427440789085,29.608410607760913,50086,8.109193095142514,17.881052467694225
37133,North Carolina,Onslow,207906,35.99511317614691,44.938097024616894,54.010466268409765,10.19162506132579,68148,5.368301458057186,25.9980755773268
37135,North Carolina,Orange,149678,33.79721802803351,52.20874143160651,43.16866874223333,16.099226339208165,90089,3.636035199091636,61.75701290862305
37137,North Carolina,Pamlico,12390,26.634382566585955,48.619854721549636,24.350282485875706,30.55690072639225,59717,5.1072961373390555,25.40237928621414
37139,North Carolina,Pasquotank,40834,46.19924572660038,51.826908948425334,37.713669980898274,18.641328304844002,66589,5.851007702859555,27.551093071281063
37141,North Carolina,Pender,65550,25.96796338672769,49.27231121281464,34.33714721586575,18.202898550724637,80396,4.822722073961113,30.605642308687774
37143,North Carolina,Perquimans,13244,29.673814557535483,52.129266082754455,28.594080338266384,28.94895801872546,67917,3.5602639805488017,21.690622173082723
37145,North Carolina,Person,39542,35.81002478377422,51.9523544585504,33.65282484446917,21.288756259167467,63300,5.582747017436525,19.338531097582685
37147,North Carolina,Pitt,177193,48.11984672080726,53.04724227255027,46.23376769962696,14.505087672763597,58188,7.798052987197724,33.82674469450983
37149,North Carolina,Polk,19891,13.357800010054799,52.088884420089485,24.97109245387361,32.61273942989292,67758,5.069422021310946,36.22291021671827
37151,North Carolina,Randolph,146348,25.03279853499877,50.36420039904884,36.33667696176237,18.372646021811025,61022,3.4827823015795154,17.885947526442827
37153,North Carolina,Richmond,42344,45.3405441148687,51.87511808048366,38.111656905346685,18.113546193085206,44883,9.790681971640783,16.041688307191578
37155,North Carolina,Robeson,116902,76.74804537133669,51.97601409727806,42.201159945937626,16.04164171699372,41978,5.963322829131653,14.680087036616785
37157,North Carolina,Rockingham,92131,30.07673855705463,51.223800892207834,33.341654817596684,21.139464458217105,57053,5.786993842134726,16.969424460431654
37159,North Carolina,Rowan,149875,32.15212677231026,50.4627189324437,37.20767306088407,17.743452877397832,65725,5.319282049856104,23.31553693316213
37161,North Carolina,Rutherford,64930,19.20991837363314,51.56168181118127,32.95241028800246,22.267056830432775,51410,6.349044065024026,21.46621235529407
37163,North Carolina,Sampson,59470,50.82562636623508,50.11770640659156,38.95913906171179,18.148646376324198,52432,5.27242118151209,16.237126350163276
37165,North Carolina,Scotland,33590,59.910687704674004,49.86603155701101,39.24084548972909,18.392378684132183,45730,10.941620928077553,16.645337805039496
37167,North Carolina,Stanly,64651,22.035235340520643,49.972931586518385,35.95458693601027,19.145875547168643,60704,4.054497701904136,19.890599497110593
37169,North Carolina,Stokes,45139,11.030372848312986,50.958151487627106,30.86023172866036,23.130773831941337,62969,3.1286099345398535,18.213529709907277
37171,North Carolina,Surry,71425,18.88694434721736,51.418970948547425,34.73853692684634,20.64683234161708,55656,4.3837184779006355,20.390967970549443
37173,North Carolina,Swain,14013,40.82637550845644,52.194390922714625,34.91044030543067,19.902947263255548,52349,7.6067073170731705,21.44009681323114
37175,North Carolina,Transylvania,33691,12.392033480751541,51.494464397019975,27.52960731352587,30.9459499569618,66184,2.7805152752358158,39.962186981517924
37177,North Carolina,Tyrrell,3423,42.94478527607362,48.02804557405784,26.70172363423897,30.82091732398481,41685,2.8203062046736505,13.02919708029197
37179,North Carolina,Union,250958,33.21551813450856,50.33989751273121,39.91345165326469,13.536926497660962,102900,4.186527090623868,40.4927329863498
37181,North Carolina,Vance,42322,62.780586928784075,52.516421719200416,38.51188507159397,19.287840839279806,50465,8.217699660807893,17.194728725641383
37183,North Carolina,Wake,1178653,43.81153740753215,51.02180200618842,38.948613374759155,12.889289723099164,105768,4.078853976661299,57.15542222410481
37185,North Carolina,Warren,18795,62.208034051609474,49.65682362330407,29.550412343708434,27.730779462623037,50638,7.202320887991927,18.89841225235352
37187,North Carolina,Washington,10812,55.466148723640394,48.834628190899004,29.9574546799852,28.024417314095448,41813,13.015873015873016,14.828415854121818
37189,North Carolina,Watauga,55123,11.532391197866588,50.127895796672895,48.58044736316964,17.116267256861928,51693,7.86493649537053,48.07611945096274
37191,North Carolina,Wayne,118652,49.84408185281327,50.19552978458012,40.22941037656339,17.076829720527257,59733,5.210458001112554,21.743636409595307
37193,North Carolina,Wilkes,65935,14.282247668158032,50.457268522029274,33.272161977705316,22.916508682793662,51721,5.0238600212089075,16.873848987108655
37195,North Carolina,Wilson,79290,55.67536889897844,52.33951317946778,37.732374826585954,19.291209484172025,56423,5.6346936530634695,21.73848959964626
37197,North Carolina,Yadkin,37574,18.36376217597274,49.57151221589397,34.21248735827966,20.963964443498163,62932,5.306076854334227,17.517785972361903
37199,North Carolina,Yancey,18797,9.19827632068947,50.69425972229611,29.233388306644677,27.05218917912433,58709,7.2954359752538815,25.061184532550172
38001,North Dakota,Adams,2145,13.37995337995338,49.603729603729604,32.82051282051282,26.75990675990676,62500,2.231237322515213,24.40318302387268
38003,North Dakota,Barnes,10773,10.56344565116495,49.12280701754386,35.570407500232065,23.363965469228628,68038,3.781058696435002,30.677290836653388
38005,North Dakota,Benson,5808,57.26584022038568,48.67424242424242,47.76170798898072,15.87465564738292,64033,3.440260344026034,21.86466165413534
38007,North Dakota,Billings,1024,7.8125,47.65625,35.9375,26.85546875,86806,2.0905923344947737,32.608695652173914
38009,North Dakota,Bottineau,6378,10.881153966760737,47.961743493258076,34.65036061461273,25.68203198494826,85000,1.6483516483516483,30.35236396074933
38011,North Dakota,Bowman,2906,8.362009635237444,49.48382656572608,35.54714384033035,24.50103234686855,72109,3.0997304582210243,26.992936427850655
38013,North Dakota,Burke,2156,13.49721706864564,48.93320964749536,38.45083487940631,21.01113172541744,91591,3.732809430255403,22.77027027027027
38015,North Dakota,Burleigh,100600,15.092445328031811,49.82107355864811,38.69880715705765,17.92047713717694,86851,2.267517854098392,39.11508070805315
38017,North Dakota,Cass,193400,18.80041365046535,49.303516028955535,45.42967942088935,13.00620475698035,75555,2.9808749556288583,42.64927697806342
38019,North Dakota,Cavalier,3633,8.009909165978534,48.142031379025596,32.28736581337738,27.883292045141758,69531,1.0338885697874785,22.118014849550605
38021,North Dakota,Dickey,4935,10.17223910840932,49.03748733535968,38.358662613981764,19.858156028368793,68654,4.119425547996976,28.925869894099847
38023,North Dakota,Divide,2167,11.905860636825105,47.94646977388094,26.02676511305953,25.657591139824643,91852,2.3126734505087883,26.73206621704476
38025,North Dakota,Dunn,4040,21.460396039603957,44.75247524752475,37.17821782178218,19.455445544554454,97689,3.420523138832998,25.213068181818183
38027,North Dakota,Eddy,2307,12.353706111833551,47.247507585609014,29.388816644993497,25.530992631122672,50850,2.53592561284869,30.517241379310345
38029,North Dakota,Emmons,3254,6.85310387215734,50.70682237246466,30.239704978488014,29.655808236017208,66538,2.2651565622918053,22.190437270126687
38031,North Dakota,Foster,3358,6.908874329958303,48.12388326384753,34.0381179273377,24.121500893388923,87831,0.9713977334052887,28.49162011173184
38033,North Dakota,Golden Valley,1653,9.316394434361763,49.84875983061101,30.73200241984271,28.97761645493043,68021,3.4313725490196076,22.561983471074377
38035,North Dakota,Grand Forks,72923,18.623753822525124,48.45659119893586,48.77062106605597,14.249276634258052,68075,2.330206747532289,37.99715256728208
38037,North Dakota,Grant,2269,7.668576465403265,50.859409431467604,29.660643455266637,29.704715733803436,57875,3.568075117370892,20.71759259259259
38039,North Dakota,Griggs,2245,6.414253897550115,49.220489977728285,31.536748329621382,29.665924276169264,61711,1.4184397163120568,26.008428657435278
38041,North Dakota,Hettinger,2432,5.838815789473683,49.8766447368421,30.098684210526315,26.932565789473685,73026,5.387755102040816,22.036727879799667
38043,North Dakota,Kidder,2377,5.637358014303739,41.9856962557846,33.024821203197305,27.55574253260412,65610,1.4746543778801844,26.189042745334135
38045,North Dakota,LaMoure,4118,4.638173870811069,47.741622146673144,32.83147158814959,26.760563380281692,80664,2.4525682554372974,25.33609100310238
38047,North Dakota,Logan,1819,7.641561297416166,48.98295766904893,34.79934029686641,28.97196261682243,62750,1.744186046511628,25.823353293413177
38049,North Dakota,McHenry,5207,6.049548684463224,48.16593047820242,34.41521029383522,22.143268676781258,80733,4.132869833912707,20.317199890620728
38051,North Dakota,McIntosh,2497,7.969563476171404,50.100120144173005,27.312775330396477,31.277533039647576,64419,3.0694668820678515,20.945945945945947
38053,North Dakota,McKenzie,14321,26.31101180085189,46.39340828154459,46.602890859576846,9.32895747503666,93404,1.270594805920134,19.055047916202362
38055,North Dakota,McLean,9823,11.921001730632186,48.24391733686247,30.428585971699075,26.275068716278124,83583,1.3522215067611076,26.142342841318193
38057,North Dakota,Mercer,8337,8.660189516612693,49.79009235936188,33.729159169965214,22.50209907640638,80946,2.5302826379542394,23.253847454760695
38059,North Dakota,Morton,33777,13.334517571128279,49.10738076205702,37.99626965094591,17.31059596767031,79382,1.5285599356395816,28.791199346826524
38061,North Dakota,Mountrail,9507,43.694120122015356,48.795624276848635,43.294414641842856,13.51635636899127,80717,1.0759919300605245,22.71505376344086
38063,North Dakota,Nelson,3016,8.388594164456231,49.37002652519894,30.53713527851459,28.282493368700266,67193,1.1088011088011087,29.427430093209058
38065,North Dakota,Oliver,1839,1.0331702011962984,47.63458401305057,34.3121261555193,27.243066884176184,77240,0.9950248756218906,22.96983758700696
38067,North Dakota,Pembina,6727,11.7585848074922,46.2613349189832,31.99048610078787,25.925375353054854,68393,3.356516480193529,24.57940090274928
38069,North Dakota,Pierce,3928,9.190427698574332,49.08350305498982,34.877800407331975,26.425661914460285,59365,1.0802469135802468,28.16194912217843
38071,North Dakota,Ramsey,11556,19.020422291450334,49.46348217376255,37.469712703357565,22.39529248875043,61006,1.244881244881245,25.715370979994933
38073,North Dakota,Ransom,5643,8.222576643629276,47.61651603756867,35.31809321283006,22.080453659401027,75736,2.880512091038407,22.887941840060165
38075,North Dakota,Renville,2304,5.9895833333333375,49.869791666666664,34.02777777777778,21.05034722222222,74301,0.9657594381035997,19.691358024691358
38077,North Dakota,Richland,16584,11.22768933912205,49.565846599131696,40.321997105643995,20.236372407139413,75432,1.6734509271822704,24.85666728315147
38079,North Dakota,Rolette,11924,81.78463602817847,50.763166722576315,46.637034552163705,13.18349547131835,59517,4.011589034989971,17.960339943342778
38081,North Dakota,Sargent,3804,10.38380651945321,46.03049421661409,32.86014721345952,23.869610935856993,77946,0.7736943907156673,18.21760916249105
38083,North Dakota,Sheridan,1303,3.530314658480427,48.58019953952417,26.86108979278588,32.00306983883346,62639,1.0558069381598794,18.867924528301888
38085,North Dakota,Sioux,3740,87.9144385026738,50.213903743315505,51.49732620320856,9.62566844919786,42083,17.015140591204037,16.258919469928646
38087,North Dakota,Slope,766,7.571801566579639,43.21148825065274,24.54308093994778,28.720626631853786,71250,2.67639902676399,29.28452579034942
38089,North Dakota,Stark,33302,15.35042940363942,47.61876163593778,41.80529697916041,13.996156387003783,84449,2.9937367120611387,30.007411524921253
38091,North Dakota,Steele,1804,5.931263858093128,47.61640798226164,30.09977827050998,29.98891352549889,77500,3.2687651331719128,28.853454821564164
38093,North Dakota,Stutsman,21549,10.292821012575992,48.76792426562717,35.97846767831454,20.427862081767135,61856,3.9885513802972947,25.86275550836209
38095,North Dakota,Towner,2079,16.835016835016837,50.841750841750844,29.485329485329487,23.03992303992304,67350,0.6610009442870632,23.5016835016835
38097,North Dakota,Traill,7970,10.740276035131746,48.05520702634881,37.94228356336261,20.28858218318695,87004,2.2339658899831853,30.857993672064023
38099,North Dakota,Walsh,10396,18.718737976144673,48.83609080415545,35.76375529049634,21.893035782993458,71944,1.9711902956785443,19.164004999305654
38101,North Dakota,Ward,68973,19.629420207907444,47.9100517593841,44.17670682730924,13.970684180766387,78238,3.568245290866956,29.58225425064745
38103,North Dakota,Wells,3890,4.9357326478149055,49.87146529562982,34.473007712082264,26.73521850899743,66114,1.9900497512437811,21.707137601177337
38105,North Dakota,Williams,39555,24.330678801668558,47.14195424093035,45.71861964353432,9.945645304007078,85595,4.360325826545281,24.399983700745693
39001,Ohio,Adams,27540,4.248366013071891,50.17429193899782,37.33115468409586,18.986928104575163,50264,6.445540116539668,14.886921271602304
39003,Ohio,Allen,101348,20.99597426688242,50.06808225125311,38.6578916209496,19.117298812014052,64038,5.740398439104539,20.10394553839397
39005,Ohio,Ashland,52256,6.075857317819966,50.38847213717085,36.83787507654623,20.259874464176363,69860,3.6309336686576548,22.588614094984315
39007,Ohio,Ashtabula,97167,13.26479154445439,48.87255961386067,35.41325758745253,20.268198050778558,57728,6.607142857142857,16.080394675385335
39009,Ohio,Athens,61737,11.399970844064333,50.22109917877448,46.772599899574,15.067139640734082,56001,6.516649323621228,34.91937034696849
39011,Ohio,Auglaize,46125,5.706233062330623,49.576151761517615,37.43956639566396,19.666124661246613,78660,2.7206645898234685,21.55314561136479
39013,Ohio,Belmont,65473,9.327509049531868,48.30693568341148,32.11552853848151,21.960197333251873,57017,5.42737195633921,18.937644341801384
39015,Ohio,Brown,43845,5.3232979815258314,50.18588208461626,35.85813661763029,19.140152811038888,71270,4.934637261750324,15.708937001465081
39017,Ohio,Butler,392876,25.416161842413388,50.60858896954765,41.28147303474888,15.867092924994147,81590,5.070573718688242,32.84852589139473
39019,Ohio,Carroll,26659,5.442814809257657,49.49923102892082,33.058254248096326,22.333921002288157,64835,5.628424373235929,16.10077238090301
39021,Ohio,Champaign,38804,8.26718894959283,50.043809916503456,35.1999793835687,19.31501907019895,75556,4.775848142164782,18.965894184521208
39023,Ohio,Clark,135158,18.2852661329703,50.93890113792746,36.578670888885604,20.276269255242013,63132,6.710784004043211,20.207441870391516
39025,Ohio,Clermont,211181,9.355008263053966,50.44866725699755,35.94641563398223,18.38517669676723,85510,4.158759124087592,31.574037772580404
39027,Ohio,Clinton,42012,8.278587070360855,50.392744930019994,38.00580786441969,18.573264781491,70407,4.546543381401811,19.334389857369256
39029,Ohio,Columbiana,100704,7.995710200190653,49.435970765808705,32.796115347950426,21.95245471877979,58180,4.461677489859824,17.068094370883596
39031,Ohio,Coshocton,36744,5.742434138907038,50.32658393207054,36.60189418680601,20.07946875680383,55577,5.386940749697702,16.696979281986398
39033,Ohio,Crawford,41711,5.993622785356378,50.773177339310976,35.11064227661768,21.246194049531297,58044,4.717808753289795,17.23892485509948
39035,Ohio,Cuyahoga,1245873,43.4806757992187,52.0109192509991,35.798672898441495,19.489787482351733,64468,6.627501433343017,36.54939193730138
39037,Ohio,Darke,51594,5.384347017095015,50.11241617242315,36.88025739427065,20.475249059968213,64486,2.805220148798634,16.486181613085165
39039,Ohio,Defiance,38343,15.251806066296325,49.29191769032157,36.4708030148919,20.188821949247583,73064,5.160792384872653,19.006855800916632
39041,Ohio,Delaware,226834,20.84960808344428,49.96473191849547,37.247943429997264,15.061675057531058,133540,2.970089264095818,59.430408457093264
39043,Ohio,Erie,74581,20.423432241455597,50.74885024335957,33.100923827784555,23.70979203818667,71993,5.334208798424163,29.03446743919144
39045,Ohio,Fairfield,163453,19.07704355380446,49.96726887851554,37.729500223305784,16.619456357485028,90966,3.8390295282025204,32.278662906615416
39047,Ohio,Fayette,28876,9.229117606316661,50.99390497298795,37.98656323590525,17.90414184790137,63275,3.720204945422143,14.408612969764048
39049,Ohio,Franklin,1333048,42.00426391247727,50.88188872418698,41.345472931207276,13.028713144612947,75176,4.557198367106281,42.10153496051046
39051,Ohio,Fulton,42240,12.83854166666667,50.06155303030303,36.29498106060606,19.434185606060606,72864,3.8576499159349895,20.159660122657346
39053,Ohio,Gallia,29068,7.406770331636158,50.95637814779138,37.10609605063988,19.918811063712674,56830,3.512668641000329,20.48581363705085
39055,Ohio,Geauga,95481,7.29464500790733,49.80572050983965,34.661346236424,22.296582566164997,107860,2.969954636994243,40.86264756996464
39057,Ohio,Greene,169688,18.729668568195745,50.36950167365989,38.50655320352647,18.59353637263684,87309,4.298927031060864,41.670130949906465
39059,Ohio,Guernsey,38223,6.67922455066321,50.24723334118201,35.71671506684457,20.05075478115271,58478,5.250270485735436,15.601468897214287
39061,Ohio,Hamilton,830774,37.690635479685206,51.416510386699635,39.6519390351648,16.581525180133227,72470,5.020830521232032,41.83018495850825
39063,Ohio,Hancock,74866,13.120775786071114,50.6999171853712,37.364090508374964,18.646648678973097,73141,3.139684998709011,30.265459209452366
39065,Ohio,Hardin,30475,7.347005742411817,49.99835931091058,44.587366694011486,16.14109926168991,62484,4.600694444444445,19.518630195993968
39067,Ohio,Harrison,14306,6.263106388927719,49.93009925905215,32.96518943100797,22.81560184537956,54414,4.553091397849462,11.540697674418604
39069,Ohio,Henry,27567,12.152210976892663,50.17956252040483,36.30790437842348,19.922370950774475,80099,3.868857122537515,19.49918971195567
39071,Ohio,Highland,43517,5.623089826964178,50.96628903646851,37.07746397959418,19.148838384998967,65785,3.0940294899685763,16.259508729600213
39073,Ohio,Hocking,27799,5.370696787654228,49.537753156588366,34.253030684557,20.20576279722292,62960,5.422993492407809,13.466875220747768
39075,Ohio,Holmes,44418,2.6565806654959667,49.62852897473997,46.80534918276374,14.473861947858977,76140,2.237554501461358,11.058938432064911
39077,Ohio,Huron,58319,12.500214338380289,50.3283663986008,37.47663711654864,18.5325537131981,67878,4.5363293769591095,16.684242241639048
39079,Ohio,Jackson,32650,4.6952526799387435,50.52986217457887,37.464012251148546,17.93874425727412,57106,3.804236068270615,15.901360544217688
39081,Ohio,Jefferson,64518,11.567314547878116,50.81527635698565,34.44775101522056,22.494497659567873,59055,4.996306493855349,20.31314829777477
39083,Ohio,Knox,63142,7.05394190871369,50.58914826898103,39.1308479300624,19.20433309049444,73878,2.4791197136417873,24.654874892148403
39085,Ohio,Lake,232216,15.771092431184764,50.787198125882796,32.8771488614049,21.664312536603852,80925,3.8801177415038803,31.56846051060106
39087,Ohio,Lawrence,56819,6.2479100300955714,51.04278498389623,34.88093771449691,19.102764920185148,58325,2.708418056120374,18.521818766862204
39089,Ohio,Licking,181837,14.916656126090954,50.555717483240485,37.227296974763114,17.476091224558257,84426,3.2369942196531793,29.345683085614038
39091,Ohio,Logan,46089,8.53782898305453,49.36101889821867,35.8154874265009,19.37989541973139,71551,4.071931476747836,18.707957469233392
39093,Ohio,Lorain,317129,24.473006252975914,50.42490595309795,35.37582497974011,19.834830620977584,73347,4.298320159996933,28.535975694584685
39095,Ohio,Lucas,428018,33.87848174609479,51.43148185356691,38.44300940614647,17.571457275161325,62224,6.2985055182297,29.36732573085022
39097,Ohio,Madison,44423,13.785651576885849,44.90916867388515,33.858586768115615,16.48695495576616,87045,3.4861707531052315,24.219307222377275
39099,Ohio,Mahoning,226491,26.288020274536294,50.90356791219077,34.45699829132283,22.471533085199855,56942,6.378564450853608,26.96684596094958
39101,Ohio,Marion,65020,13.741925561365731,46.16118117502307,36.031990156874805,18.671178099046447,59371,6.323435163426618,14.744834507887331
39103,Ohio,Medina,183660,8.738974191440708,50.29238810846129,33.86420559729936,19.794729391266472,94968,2.904106289888813,36.24169285949174
39105,Ohio,Meigs,21896,4.210814760686887,50.26032151991231,33.02429667519181,21.186518085495067,46873,5.388733705772812,12.191711161962878
39107,Ohio,Mercer,42484,5.802184351755956,49.34563600414273,39.20064024103192,19.164862065718857,76782,1.6006166681781082,21.94370685077005
39109,Ohio,Miami,110296,10.079241314281573,50.25204903169652,35.57155291216363,19.38601581199681,76817,3.1301599701720435,26.819813726000312
39111,Ohio,Monroe,13227,4.66470099039843,48.824374385726166,32.44877901262569,23.72420049897936,60134,5.416951469583049,12.069684957229294
39113,Ohio,Montgomery,536096,32.34756461529278,51.56893541455262,38.09840028651585,18.580813884080463,66139,5.717727289574145,31.303135737317255
39115,Ohio,Morgan,13651,9.750201450443186,49.263790198520255,33.30891509779504,22.518496813420263,59351,3.4791776489193462,14.352653560150758
39117,Ohio,Morrow,35404,6.284600610100554,49.55937182239295,34.37747147215004,19.319850864309117,75283,2.9218365829950255,19.384957686042352
39119,Ohio,Muskingum,86411,9.453657520454573,51.17404034208608,37.65839997222576,18.598326601937252,60780,4.265205801071192,20.581113801452787
39121,Ohio,Noble,14282,7.940064416748349,38.95112729309621,27.615179946786164,29.708724268309762,56098,1.4256619144602851,15.702404628457783
39123,Ohio,Ottawa,39994,9.658948842326353,50.04750712606891,28.41176176426464,27.679151872780917,76101,3.104759946540557,29.52471607693823
39125,Ohio,Paulding,18791,10.036719706242348,50.14102495875685,36.421691235165774,19.291150018625938,67731,3.617929562433298,16.920122887864824
39127,Ohio,Perry,35535,4.342197833122274,49.624314056563954,36.43168706908681,18.339665118896864,67460,3.7016369047619047,16.15057680631451
39129,Ohio,Pickaway,60131,9.379521378323997,47.86050456503301,36.84455605261845,16.397532055013222,74040,3.5466704012324066,21.69943987605768
39131,Ohio,Pike,27044,5.583493566040532,50.395651530838634,36.69945274367697,19.061529359562194,52736,5.354215989801493,16.31646655231561
39133,Ohio,Portage,161956,13.961199338091824,50.674257205660794,39.343401911630316,18.339549013312258,75766,5.3437898960423125,32.50461254612546
39135,Ohio,Preble,40765,5.0141052373359525,50.21464491598185,35.172329203973995,20.355697289341347,69223,3.1557699881843244,18.490000696815553
39137,Ohio,Putnam,34314,9.223640496590313,49.88925802879291,38.04278137203474,18.919391502010843,84928,1.7967889642381034,26.363439462854664
39139,Ohio,Richland,125099,16.136020271944616,48.80854363344231,36.608605984060624,20.1432465487334,59509,5.400565338764331,17.890830192988467
39141,Ohio,Ross,76492,11.578988652408096,47.892590074779065,35.301730899963395,17.90644773309627,61303,3.818622899757405,17.39823106081415
39143,Ohio,Sandusky,58778,18.103712273299532,49.87410255537786,35.254687127836945,20.25247541597196,62295,4.319469688869881,18.350406640596887
39145,Ohio,Scioto,72627,7.992895204262873,50.39998898481281,36.60071323337051,18.823578008178778,50609,5.852347142758668,18.168177061738632
39147,Ohio,Seneca,54770,12.183677195545005,49.819244111740005,38.42614570020084,19.240460105897387,66025,3.584398605461941,20.593697015367226
39149,Ohio,Shelby,47929,8.462517473763276,49.31461119572701,39.005612468442905,18.128898996432223,73978,4.069603132948443,21.370213296744417
39151,Ohio,Stark,373713,16.217257628179915,51.07395247154902,35.717515847722716,20.504237208767154,67934,3.8802868573693314,25.921271596616897
39153,Ohio,Summit,537864,26.593711421474573,51.32858863950739,35.345923876667705,19.448596671277496,71622,5.064150623116857,35.76952248399027
39155,Ohio,Trumbull,200929,15.434805329245648,50.8060061016578,34.218554812894105,22.36163022759283,56435,4.703825088533533,20.879532098902317
39157,Ohio,Tuscarawas,92385,8.113871299453379,50.02651945662175,36.87611625263842,20.181847702549113,65044,4.497036145652271,19.800106359683422
39159,Ohio,Union,67324,15.453627235458377,51.46307408947775,37.65819024419226,13.203315311033213,112322,2.583779605807983,39.17093720142448
39161,Ohio,Van Wert,28826,8.30847151876778,50.20814542426976,36.44626378963436,19.98196072989662,67917,3.4177043854899836,17.09188758222045
39163,Ohio,Vinton,12630,4.148851939825815,49.23990498812351,33.88756927949327,19.612034837688043,55336,5.533962613362947,13.44139375895909
39165,Ohio,Warren,250008,18.177818309814086,49.434818085821256,37.02761511631628,15.770695337749192,110132,3.0624560760228556,45.581724913332714
39167,Ohio,Washington,58978,6.3633897385465765,49.97287124012344,33.90416765573604,22.235409813828884,63603,4.754698388118533,21.89458251554778
39169,Ohio,Wayne,116588,7.671458469139192,50.21443030157478,39.580402785878476,19.029402682951932,73574,3.296015451749052,25.096665369144933
39171,Ohio,Williams,36719,9.18325662463575,50.3308913641439,35.82613905607451,20.06590593425747,61048,4.045155221072436,13.670150987224158
39173,Ohio,Wood,132064,14.517960988611577,50.421007996123095,42.89738308698813,16.688878119699538,74216,4.486402705368466,36.53326025569231
39175,Ohio,Wyandot,21598,5.917214556903416,51.11584405963515,34.836558940642654,20.80285211593666,69768,1.91549812116213,19.590201615551322
40001,Oklahoma,Adair,19575,61.01149425287357,49.68582375478927,41.077905491698594,15.78544061302682,48041,6.862275449101796,12.317082713827373
40003,Oklahoma,Alfalfa,5696,19.39957865168539,35.95505617977528,26.790730337078653,20.52317415730337,64615,4.291845493562231,20.104616784171025
40005,Oklahoma,Atoka,14379,33.24292370818554,44.432853466861395,35.322345086584605,18.87474789623757,54785,4.588466345295483,16.938396954017378
40007,Oklahoma,Beaver,5028,35.68019093078759,49.50278440731901,38.94192521877486,20.027844073190135,64276,2.618943692710607,21.987951807228914
40009,Oklahoma,Beckham,22148,25.22123893805309,45.168864005779305,38.933538016976705,15.116489073505509,53328,7.864154349543044,12.945640086347876
40011,Oklahoma,Blaine,8570,29.731621936989495,48.5414235705951,36.884480746791134,19.649941656942826,61642,8.403835307388606,18.096216401301145
40013,Oklahoma,Bryan,48253,32.431144177564086,51.21546846828176,39.73431703728266,17.300478726711294,57225,4.599520600606033,26.498217330646412
40015,Oklahoma,Caddo,26447,46.12621469353802,43.17691987749083,39.30502514462888,15.733353499451734,55353,5.830388692579505,15.811327022089353
40017,Oklahoma,Canadian,168985,29.94171080273397,50.41335029736367,40.2112613545581,13.658016983755955,87751,4.452222133839388,31.899253366951058
40019,Oklahoma,Carter,48555,33.54546390690969,51.19349191638348,39.58603645350633,17.094017094017094,60723,3.8151721696025493,19.923607688516512
40021,Oklahoma,Cherokee,47942,55.127028492762086,51.11176004338576,41.82762504693171,17.78607484043219,53218,5.143948696957293,29.17785614909244
40023,Oklahoma,Choctaw,14297,42.06476883262222,51.933972161992024,37.462404700286775,20.927467300832344,44081,4.7820925894522635,15.22342064714946
40025,Oklahoma,Cimarron,2218,33.58881875563571,47.11451758340848,34.67087466185753,27.231740306582505,62188,0.36496350364963503,33.44198174706649
40027,Oklahoma,Cleveland,300047,32.826190563478384,50.11814815678877,42.617656567137814,14.90999743373538,77068,4.821341009100114,36.21989934185056
40029,Oklahoma,Coal,5320,35.827067669172926,49.3421052631579,39.30451127819549,20.714285714285715,50423,7.520510483135825,18.339002267573694
40031,Oklahoma,Comanche,121825,46.17525138518367,48.20603324440796,43.3810794171968,13.800123127436898,60761,7.068937082543085,24.256986356950854
40033,Oklahoma,Cotton,5485,25.907019143117594,49.99088422971741,36.2260711030082,19.98176845943482,58425,3.4779050736497545,23.101433882103027
40035,Oklahoma,Craig,14302,38.889665781009654,48.447769542721296,36.25367081527059,19.025311145294364,51922,5.127756387819391,15.304994472917294
40037,Oklahoma,Creek,72830,26.958670877385693,50.4997940409172,37.20170259508444,18.52121378552794,62338,3.2555301296720063,18.724415423630663
40039,Oklahoma,Custer,28259,34.20149332955873,50.394564563501895,47.10003892565201,14.558193849746983,59738,4.211655824559051,31.697390471630353
40041,Oklahoma,Delaware,41279,37.89335981976307,50.58019816371521,31.83701155551249,25.68133917972819,56676,5.158893933140734,19.88640116240671
40043,Oklahoma,Dewey,4360,19.197247706422015,50.11467889908257,40.57339449541284,19.56422018348624,62569,3.4718569174118885,22.395464209780297
40045,Oklahoma,Ellis,3683,16.888406190605487,50.28509367363562,34.10263372250883,23.241922345913657,61016,5.298416565164434,21.439688715953306
40047,Oklahoma,Garfield,62146,29.894120297364267,49.91149872879992,41.4234222637016,16.744440511054613,66182,4.868372390142218,23.266174941834564
40049,Oklahoma,Garvin,25860,28.054911059551436,50.47950502706883,38.51121423047177,18.05877803557618,58556,3.365553602811951,18.319511633264224
40051,Oklahoma,Grady,56606,21.312228385683497,49.79154153269971,37.63205313924319,16.968165918807195,75419,5.467667857403223,22.838706333575203
40053,Oklahoma,Grant,4131,14.766400387315414,48.027112079399664,34.03534253207456,22.730573710965867,60758,4.297520661157025,23.122187608168918
40055,Oklahoma,Greer,5489,27.637092366551286,41.956640553834944,33.521588631809074,17.070504645654946,59406,7.258064516129032,14.026106987458409
40057,Oklahoma,Harmon,2406,47.46467165419784,50.58187863674148,36.907730673316706,21.44638403990025,43333,7.213438735177865,13.377723970944311
40059,Oklahoma,Harper,3203,29.160162347798934,51.48298470184202,32.46955978769903,20.01248829222604,64053,2.6143790849673203,29.342105263157897
40061,Oklahoma,Haskell,11683,32.34614396987075,50.26106308311221,36.89976889497561,20.12325601301036,49806,6.568914956011731,15.491905354919053
40063,Oklahoma,Hughes,13389,39.9955187093883,44.835312570020164,36.85114646351482,18.92598401673015,51581,4.944245739532927,16.022920203735143
40065,Oklahoma,Jackson,24678,38.949671772428886,49.82575573385201,42.434557095388605,15.61714887754275,62799,5.593116164720344,24.82434127979925
40067,Oklahoma,Jefferson,5380,24.256505576208177,50.57620817843866,36.784386617100374,20.929368029739777,48668,5.2395879982086875,16.035145524437123
40069,Oklahoma,Johnston,10278,33.26522669780113,48.997859505740415,38.98618408250633,18.69040669390932,52688,4.46668293873566,20.48723216906369
40071,Oklahoma,Kay,43625,28.806876790830948,49.71232091690545,39.73180515759312,19.365042979942693,58423,5.799498746867168,19.23755491749403
40073,Oklahoma,Kingfisher,15430,27.54374594944913,49.48801036941024,40.395333765392095,17.167854828256644,71975,2.1069265209375825,24.292779426310585
40075,Oklahoma,Kiowa,8383,28.259572945246337,51.52093522605273,36.16843612072051,20.326851962304666,44962,5.181200453001132,16.704132803043404
40077,Oklahoma,Latimer,9518,39.22042445891994,49.35910905652448,36.98255936121034,22.11599075436016,41405,5.691744153282615,10.592377162100107
40079,Oklahoma,Le Flore,49053,31.612745397834995,49.55252482009255,38.89670356553116,17.93570219966159,51565,5.209283470153036,15.420816128248724
40081,Oklahoma,Lincoln,34219,20.21683859843947,49.94885882112277,36.219644057395016,19.383967971010257,62216,3.863141934207924,16.140484341321162
40083,Oklahoma,Logan,51938,25.491932688975318,50.115522353575415,36.818899457044935,17.49586044899688,83899,3.601391446695314,31.40488853683377
40085,Oklahoma,Love,10261,32.53094240327453,49.624792905174935,38.07621089562421,18.107396939869407,66580,5.238193441946793,16.62348877374784
40087,Oklahoma,McClain,45273,24.56872749762552,50.08945729242595,38.50639453979193,15.581030636361628,84552,4.703322082074969,28.706500328299413
40089,Oklahoma,McCurtain,30863,41.15931698149888,50.601043320480834,40.42380844376762,17.849852574279883,51929,4.750294927251278,16.33682960617455
40091,Oklahoma,McIntosh,19400,33.97422680412371,50.876288659793815,32.2319587628866,25.515463917525775,46281,5.293941211757648,15.850306575516246
40093,Oklahoma,Major,7628,18.48453067645517,50.786575773466176,36.0907184058731,21.276874672260096,71266,2.6420454545454546,20.097946882652103
40095,Oklahoma,Marshall,15792,37.01241134751773,49.107142857142854,35.910587639311046,22.5177304964539,57245,4.706954145156392,18.156015381798206
40097,Oklahoma,Mayes,39604,37.95576204423795,49.684375315624685,37.08716291283709,18.998081001918997,60305,6.266391384409352,18.04412248929865
40099,Oklahoma,Murray,13753,30.95324656438595,49.2474369228532,37.3082236602923,20.65003999127463,66322,2.482495225970719,19.626464070908515
40101,Oklahoma,Muskogee,66444,46.44211666967672,50.853350189633375,39.762807777978445,17.226536632352055,53619,5.655341556661617,18.81858826717247
40103,Oklahoma,Noble,10897,20.987427732403418,51.11498577590162,36.41369184179132,21.657336881710563,66365,2.625686952981885,18.185441020191288
40105,Oklahoma,Nowata,9435,35.53789083200848,50.87440381558029,36.02543720190779,19.936406995230524,54333,4.5183714001986095,16.776265484018964
40107,Oklahoma,Okfuskee,11278,39.91842525270438,45.832594431636814,36.01702429508778,18.21244901578294,48363,3.5448686167575607,14.30200152014188
40109,Oklahoma,Oklahoma,806199,47.88073416116865,50.88619559190721,42.1935527084504,14.452138988016607,66679,4.833940029844024,35.85675318627218
40111,Oklahoma,Okmulgee,36899,39.24767608878289,50.24255399875335,38.80050949890241,18.477465513970568,54029,7.259575017761415,17.686470778172424
40113,Oklahoma,Osage,45997,37.948127051764246,49.598886883927214,34.087005674283105,21.379655194904014,62847,5.335939408746641,22.73128289373612
40115,Oklahoma,Ottawa,30341,37.64872614613889,50.66082199004647,41.22474539402129,18.127286510002968,49947,3.014128728414443,14.995671877386831
40117,Oklahoma,Pawnee,15795,25.666350110794557,49.427033871478315,36.3849319404875,20.09496676163343,58738,4.406729194580914,16.867690058479532
40119,Oklahoma,Payne,82972,26.519789808610128,48.91650195246589,53.09019910331196,13.15262980282505,49809,5.734854792105392,39.702727212404056
40121,Oklahoma,Pittsburg,43561,32.38906361194647,49.163242349808314,36.57859094143844,20.144165652762794,55310,5.737749496927177,20.200690903109063
40123,Oklahoma,Pontotoc,38235,37.2852098862299,51.14162416633974,40.25369425918661,17.010592389172224,63017,3.656867575409208,30.2847863112449
40125,Oklahoma,Pottawatomie,73463,30.434368321467954,51.91456923893661,39.138069504376354,16.66008739093149,61398,5.2859428428020205,20.439381611065908
40127,Oklahoma,Pushmataha,10790,31.075069508804454,51.23262279888786,33.493975903614455,22.68767377201112,47940,4.413825315273237,15.645994832041342
40129,Oklahoma,Roger Mills,3359,19.94641262280441,50.223280738314976,35.72491813039595,22.35784459660613,66094,3.1901041666666665,24.893071000855432
40131,Oklahoma,Rogers,98610,31.02220870094311,49.87323800831559,37.85113071696583,17.239630869080216,80067,4.737780659803842,26.684488007722578
40133,Oklahoma,Seminole,23494,37.63514088703499,50.81722993104623,39.26108793734571,18.408955477994382,48062,6.266652456570394,15.886415963161934
40135,Oklahoma,Sequoyah,39860,39.39036628198696,50.43401906673357,37.78223783241345,18.63773206221776,51093,4.708178325303409,15.151180348396126
40137,Oklahoma,Stephens,43551,22.55746136713279,51.08263874537898,35.82696149342151,20.76186539918716,61620,5.226444009934999,20.61607466772204
40139,Oklahoma,Texas,20774,62.57822277847309,46.79888321940888,45.68210262828536,12.193126022913257,60069,3.425357873210634,22.109275730622617
40141,Oklahoma,Tillman,6910,41.707670043415334,49.7684515195369,36.830680173661364,20.274963820549928,48939,5.870307167235495,16.83848797250859
40143,Oklahoma,Tulsa,680794,42.69323760197652,50.88249896444446,41.25168553189364,15.124398863679762,69009,5.368404683603357,34.35753690840462
40145,Oklahoma,Wagoner,86609,33.27598748397973,49.99942269279174,37.31136486970176,17.0848295211814,81207,4.220659015179563,27.715462877322793
40147,Oklahoma,Washington,53326,29.809098751078277,50.845741289427295,37.68893222818137,20.258410531448074,60162,4.357226010310993,30.063877443796144
40149,Oklahoma,Washita,10815,18.307905686546466,49.75496994914471,36.40314378178456,19.713361072584373,63501,5.680918448139351,20.282447881640888
40151,Oklahoma,Woods,8596,18.275942298743598,46.370404839460214,43.89250814332247,17.4616100511866,53275,4.645191409897293,32.52455228191797
40153,Oklahoma,Woodward,20158,24.159142772100406,47.52951681714456,39.03661077487846,16.688163508284553,61417,6.184132034201631,20.747252747252748
41001,Oregon,Baker,16840,12.173396674584325,48.06413301662708,29.899049881235154,28.09976247030879,60936,5.6252768344898865,26.141407736207988
41003,Oregon,Benton,96303,23.753154107348685,49.60593127939939,44.662160057319085,17.982825041795166,77702,6.981968666863731,54.19852392404013
41005,Oregon,Clackamas,423975,23.45633586886019,50.319948110148005,33.64396485641842,19.88867268117224,103517,4.430353855594191,40.54396428127189
41007,Oregon,Clatsop,41363,19.553707419674595,50.30341126127215,29.70045693010662,25.07313299325484,71822,4.711009650306112,28.73508200906248
41009,Oregon,Columbia,53493,15.697380965733831,48.98024040528667,32.43041145570449,20.10356495242368,87458,4.108401937999764,19.848620910840282
41011,Oregon,Coos,64827,17.947768676631647,50.23369892174557,29.185370293242013,28.120998966480016,62143,5.998783063101757,22.64763538348444
41013,Oregon,Crook,26277,14.17208966015907,50.56893861551927,30.21653917874948,25.2616356509495,81965,5.946766845176245,21.302107250369918
41015,Oregon,Curry,23381,17.75373166246097,51.91822419913605,21.590180060733076,36.653693169667676,62244,5.76036866359447,22.067024547870954
41017,Oregon,Deschutes,206334,16.506731803774464,50.263165547122625,31.498444269970047,21.26164374266965,92758,4.397889452760017,44.9683472389053
41019,Oregon,Douglas,112072,15.786280248411732,50.306945535013206,30.954208009136984,26.495467199657362,61310,5.378042184964846,19.30520913277053
41021,Oregon,Gilliam,1971,20.040588533739225,46.57534246575342,27.600202942668695,32.42009132420091,66917,2.7946537059538277,20.961281708945258
41023,Oregon,Grant,7209,13.122485781661808,49.66014703842419,27.132750728256347,32.33458177278402,59450,5.206638464041653,17.68270944741533
41025,Oregon,Harney,7499,15.44205894119216,49.4732631017469,31.217495666088812,26.37685024669956,55208,3.7158145065398336,18.2674882203697
41027,Oregon,Hood River,23905,38.167747333193894,50.15268772223384,34.896465174649656,18.0798996025936,88947,3.8379368228292385,40.98321909714016
41029,Oregon,Jackson,222645,23.1718655258371,50.96723483572503,33.381841047407306,23.50827550585012,73999,5.361477074184257,31.70650051148517
41031,Oregon,Jefferson,25203,42.67745903265484,48.02999642899655,36.30520176169504,19.90239257231282,76260,8.063646170442286,21.16642958748222
41033,Oregon,Josephine,88179,17.127660780911558,51.2015332448769,30.468705700903843,27.216230621803376,60098,6.400505230786128,19.694139444469755
41035,Oregon,Klamath,70247,25.579740060073743,49.775791136988055,35.38514100246274,22.34259114268225,58830,7.17555626530395,22.684848484848487
41037,Oregon,Lake,8267,21.228982702310397,44.635296963832104,28.958509737510585,25.23285351397121,62787,4.136110296274567,21.124061951141627
41039,Oregon,Lane,384207,21.83848810667166,50.64691689636056,36.83196818381758,20.846314616860184,71544,6.432258394235192,34.032488696905325
41041,Oregon,Lincoln,50964,21.711404128404364,51.87975826073307,25.796640766030922,31.840122439368965,63165,7.998695611664958,28.64025292951597
41043,Oregon,Linn,130706,18.74206233837773,50.11552644867106,36.28907624745612,19.50560800575337,76329,6.0025441246621085,21.569224081721362
41045,Oregon,Malheur,31954,39.813481880202794,45.12111159792201,41.45646867371847,17.124616636414846,54519,5.237904838064774,15.182621150632608
41047,Oregon,Marion,349244,39.317497222572186,49.77322445052742,39.71063210821088,16.71553412513887,77351,5.34102833158447,26.039527173866727
41049,Oregon,Morrow,12300,47.46341463414634,49.447154471544714,42.26829268292683,16.54471544715447,75448,2.4037592626061812,10.113650874728643
41051,Oregon,Multnomah,801477,34.78452906321704,50.260955710519454,33.66222611503512,14.750766397538545,88766,5.713400648825727,48.86493750929797
41053,Oregon,Polk,89662,26.106934933416614,50.790747473846224,40.02141375387566,19.029243157636458,85118,5.654604430743748,31.207946708726947
41055,Oregon,Sherman,1938,14.60268317853457,49.27760577915377,33.126934984520126,21.207430340557277,60161,1.0139416983523448,16.035634743875278
41057,Oregon,Tillamook,27496,18.733633983124818,49.27625836485307,28.338667442537098,27.978615071283095,69105,4.4816461766501,26.196149447197865
41059,Oregon,Umatilla,79940,38.535151363522644,47.852139104328245,40.62171628721541,16.377282962221667,67728,5.0395443625664695,18.31412293402027
41061,Oregon,Union,26144,14.171511627906973,50.39397184822521,38.33384332925337,21.358629130966953,65661,5.732586068855084,26.089922128119134
41063,Oregon,Wallowa,7553,10.803654177148147,51.19819939097047,28.041837680391897,29.3790546802595,67112,3.8251366120218577,38.21622568775188
41065,Oregon,Wasco,26552,29.157878879180476,49.53299186501958,34.99924676107261,21.41081651099729,64175,7.663667390629848,22.449627161669046
41067,Oregon,Washington,603947,39.97569323135971,50.06515472384166,36.95456720540047,14.770832539941418,107772,4.501203841552374,47.50191383739662
41069,Oregon,Wheeler,1485,16.700336700336706,52.255892255892256,21.54882154882155,38.92255892255892,55284,2.6402640264026402,18.80548829701372
41071,Oregon,Yamhill,108734,27.287692901944194,49.555796714918976,37.027976529880256,18.84415178325087,90063,4.797749391727494,29.586492717314535
42001,Pennsylvania,Adams,106115,13.188521886632431,50.21250530085285,34.67370305800311,21.797106912312113,84092,3.3643892339544514,25.76119921441836
42003,Pennsylvania,Allegheny,1238177,24.507239271929613,51.202130228553756,34.34686640116882,20.181767227141194,78548,5.037282518641259,45.753849025743136
42005,Pennsylvania,Armstrong,64622,5.05245891492061,49.87620315062982,30.8424375599641,24.01813623843273,65008,4.3341341471333035,18.9897313556685
42007,Pennsylvania,Beaver,166324,13.7087852624997,50.96738895168466,32.03085543878213,22.62150982419855,71089,5.259957433870477,28.7147166294725
42009,Pennsylvania,Bedford,47513,4.605055458506091,50.06208827057858,31.63976174941595,23.974491191884326,59992,3.911602209944751,16.079899411327656
42011,Pennsylvania,Berks,433015,33.38221539669527,50.406336962922765,37.549507522834084,18.036326686142512,79777,5.427305169667251,27.700404230428198
42013,Pennsylvania,Blair,121277,8.398954459625486,50.663357437931346,34.02623745640146,21.494595018016607,62382,4.390619650804519,24.415228262623003
42015,Pennsylvania,Bradford,59858,5.875572187510436,50.03508302983728,34.62695044939691,22.40803234321227,63675,6.343918868902214,20.56296923909718
42017,Pennsylvania,Bucks,647461,20.05618871252477,50.544048212942556,32.885532873794716,20.539615513521277,114764,4.398583569405099,44.762650096279124
42019,Pennsylvania,Butler,197254,7.7539618968436645,50.1814918835613,33.23177223275574,20.630760339460796,89843,4.4064150205358885,39.3615522270287
42021,Pennsylvania,Cambria,131538,9.819975976523898,50.12924021955632,33.16684152108136,23.939850081345316,58418,4.651280153416546,23.90404157775759
42023,Pennsylvania,Cameron,4427,7.589789925457424,48.610797379715386,27.061215269934493,29.45561328213237,50573,7.798165137614679,12.588235294117647
42025,Pennsylvania,Carbon,65382,12.069070998134046,49.79046220672356,31.00394604019455,22.628552200911567,67554,7.460265000150227,19.19709235090038
42027,Pennsylvania,Centre,158576,17.249142367066895,47.31926647159722,44.585561497326204,15.936837856926648,74291,4.250247486062627,46.22252677009931
42029,Pennsylvania,Chester,547840,24.58491530373832,50.40668808411215,36.690639602803735,17.72707359813084,127208,3.773213158659289,57.13417691962758
42031,Pennsylvania,Clarion,37179,5.920008607009331,50.4559025256193,37.19303908120175,20.597649210575863,62649,5.065138656143575,23.58247932576267
42033,Pennsylvania,Clearfield,78635,8.044763782030905,47.893431678005975,31.590258790614865,21.78673618617664,62152,5.905122714544556,20.236617994526508
42035,Pennsylvania,Clinton,37798,6.42891158262342,49.981480501613845,39.57087676596645,20.014286470183606,60816,5.644407804341852,21.504904697344283
42037,Pennsylvania,Columbia,65362,9.47951409075609,51.58807870016217,38.29901165814999,20.33903491325235,64644,5.981754729688361,26.620617572879507
42039,Pennsylvania,Crawford,82716,7.144929638763964,50.605686928768314,34.45040862710963,22.707819527056433,60476,5.012647210814046,21.07246376811594
42041,Pennsylvania,Cumberland,268323,19.300991715208905,50.15112383209788,36.428856266514615,19.00172553228758,87494,3.6770985080624907,40.004712358696175
42043,Pennsylvania,Dauphin,289593,39.39908768513051,51.15213420213886,37.33170345968307,18.03254912929525,76242,4.509209231325446,34.428135589851635
42045,Pennsylvania,Delaware,579222,37.60837813480842,51.55588012886251,37.74252359199063,17.431313037142925,89546,6.857358416296272,41.9399411862957
42047,Pennsylvania,Elk,30506,5.490723136432174,49.01986494460106,30.91195174719727,24.146069625647414,66380,5.6530466878197245,20.593429883433416
42049,Pennsylvania,Erie,269052,18.25111874284525,50.30960557810386,36.6929069473559,19.72815663886535,63354,5.400211470336269,30.302119828525132
42051,Pennsylvania,Fayette,125997,10.92327595101471,49.81547179694755,32.103938982674194,22.664825352984593,58236,6.255645489807123,19.086909282586948
42053,Pennsylvania,Forest,6715,21.69769173492182,28.622486969471332,20.78927773641102,24.9590469099032,52191,2.4568740198640877,12.292020373514431
42055,Pennsylvania,Franklin,157379,15.669180767446733,50.558206622230415,35.23786528062829,20.190114310041366,77003,3.9863427311989605,24.73017784447819
42057,Pennsylvania,Fulton,14531,6.778611244924648,48.475672699745374,32.36528800495493,22.813295712614412,65836,2.909193616720802,17.7271021021021
42059,Pennsylvania,Greene,34835,8.890483708913443,47.595808812975456,34.3361561647768,20.648772785991103,68041,5.631410909584947,21.67045590522915
42061,Pennsylvania,Huntingdon,43653,10.71633106544796,46.71156621538039,32.85913911987721,22.126772501317205,65557,4.644736142849551,19.222652681974235
42063,Pennsylvania,Indiana,83042,8.337949471351846,50.13607572071964,39.710026251776206,20.56308855759736,60208,6.738859655812298,26.989091042881586
42065,Pennsylvania,Jefferson,43864,4.543589275943827,49.76746306766369,33.76801021338683,22.24375341966077,58686,4.1642399534071055,18.380290668026518
42067,Pennsylvania,Juniata,23379,8.062791393986057,49.843876983617776,35.09132127122631,21.198511484665726,66318,2.1106323102629494,14.995131450827653
42069,Pennsylvania,Lackawanna,216146,20.368639715747694,50.838322245149115,35.08693198116088,20.546297410083923,66223,4.906081951071726,30.633175181525075
42071,Pennsylvania,Lancaster,557931,20.87121884247335,50.82330969241716,38.12317293715531,19.61425337541739,86959,3.370767211221916,32.43720430899742
42073,Pennsylvania,Lawrence,85024,11.259173880316142,51.3490308618743,33.317651486639065,23.407508468197214,61931,5.674684261060095,23.37876169671677
42075,Pennsylvania,Lebanon,144186,21.641490852093824,50.6297421386265,36.31906010292261,20.477022734523462,78425,4.316666435631212,24.268747743048593
42077,Pennsylvania,Lehigh,378792,40.898171027899224,50.792519377389176,37.42766478700712,17.689919533675475,80079,5.884053267340791,34.178618417267295
42079,Pennsylvania,Luzerne,327675,25.839322499427787,50.13565270466163,34.82719157701991,20.11810482948043,63691,5.801008068238465,25.313026443822416
42081,Pennsylvania,Lycoming,113489,11.934196265717379,50.65072385869996,35.31267347496233,20.59670981328587,63917,5.139101467542991,24.78659223471099
42083,Pennsylvania,McKean,39904,8.284883720930235,48.002706495589415,33.89133921411387,21.025461106655975,62905,4.877914347131125,20.843124188966435
42085,Pennsylvania,Mercer,109257,12.111809769625747,50.41873747219858,33.48343813211053,23.12986810913717,59976,5.33905302801442,25.625015928030788
42087,Pennsylvania,Mifflin,46041,6.707065441671556,50.902456506157556,35.18385786581525,22.002128537607785,63953,2.656485757395638,14.931819584130315
42089,Pennsylvania,Monroe,167515,39.590484434229765,49.88269707190401,33.900844700474586,19.568993821448824,83565,6.9007249558026125,27.393211844723236
42091,Pennsylvania,Montgomery,867573,28.540307270973166,50.97853437117107,35.03808901383515,18.800262341036433,113915,4.4593475186799765,53.023411098896624
42093,Pennsylvania,Montour,18103,10.998177097718608,50.9363088990775,32.01679279677401,21.769872396840302,76976,2.918956043956044,38.68263473053892
42095,Pennsylvania,Northampton,318580,28.019335802624145,50.461422562621635,35.39362169627723,20.322368008035657,89184,4.573143446950939,34.712080000357304
42097,Pennsylvania,Northumberland,90560,11.262146643109539,49.04262367491166,32.18197879858657,22.310070671378092,60583,3.687502939654767,19.361334435344503
42099,Pennsylvania,Perry,46239,6.522632409870455,49.36957979195052,33.01758256017647,20.49352278379723,79444,3.1344705169278724,20.217027382518236
42101,Pennsylvania,Philadelphia,1579706,66.80489913946013,52.688285035316696,39.97408378521067,14.693746811115487,61953,8.148526237462411,35.39873470024884
42103,Pennsylvania,Pike,60621,23.06791375925834,49.20077200969961,28.857986506326192,24.301809603932632,81323,7.469929633609484,29.675615939673666
42105,Pennsylvania,Potter,16188,5.454657771188531,49.83320978502594,31.27625401531999,25.920434890042007,59020,3.822441430332922,18.15356182795699
42107,Pennsylvania,Schuylkill,143558,13.76307833767536,48.333077919725824,33.256941445269504,21.054904637846725,68313,5.628123082317875,19.885884158036056
42109,Pennsylvania,Snyder,39668,6.183825753756178,50.08571140465867,37.60209740849047,20.570737118080064,66876,2.432103769760843,20.62738353398639
42111,Pennsylvania,Somerset,72799,6.677289523207741,47.68609458921139,30.40014285910521,23.906921798376352,61446,4.919622652599406,17.940540342387916
42113,Pennsylvania,Sullivan,5888,6.81046195652174,47.12975543478261,21.535326086956523,31.453804347826086,69764,5.833956619296933,21.510673234811165
42115,Pennsylvania,Susquehanna,38219,6.242968157199302,49.43091132682697,30.17347392658102,25.178576100892226,68487,5.871298405466971,19.452237340440455
42117,Pennsylvania,Tioga,40945,5.045793137135179,49.730125778483334,33.10294297227989,23.48272072292099,64899,4.550176605028049,22.270608648317626
42119,Pennsylvania,Union,42456,14.040418315432445,46.14188807235726,36.84049368758244,19.87704918032787,76404,2.1726925668088928,26.500857632933105
42121,Pennsylvania,Venango,49801,6.684604726812715,50.22589907833176,30.262444529226322,24.790666854079234,61522,5.601714185761763,19.069441449212853
42123,Pennsylvania,Warren,37920,5.8016877637130815,49.48839662447257,31.247362869198312,24.746835443037973,60480,4.398296680860993,19.920617893155974
42125,Pennsylvania,Washington,210042,10.336504127745883,50.536559354795706,32.65394540139591,21.979889736338446,78958,4.780651889992389,32.923720204741024
42127,Pennsylvania,Wayne,51262,12.576567437868203,46.531543833638956,27.786664585853067,25.568647341110374,62381,6.009044911118076,23.421198528299985
42129,Pennsylvania,Westmoreland,352500,8.610212765957447,50.61191489361702,30.577304964539007,24.295602836879432,74109,4.77920188056193,32.78327247580581
42131,Pennsylvania,Wyoming,25967,6.870258404898522,49.50129009897177,32.89944930103593,22.93295336388493,72460,4.986544245686243,22.139926466670218
42133,Pennsylvania,York,462924,21.100871849374847,50.24755683438318,35.62679835134925,18.81799172218334,84829,4.487714342695966,27.611144407050542
44001,Rhode Island,Bristol,50490,11.68944345414934,51.186373539314715,34.038423450188155,21.140819964349376,114490,3.0450624628197502,53.00858799910774
44003,Rhode Island,Kent,171456,16.295142777155657,51.10990574841359,31.405725083986564,20.42331560283688,94345,4.708655832098971,34.67610911154471
44005,Rhode Island,Newport,84657,17.637053049363903,50.549865929574636,30.720436585279423,25.521811545412664,103514,5.799636528850522,54.09064524732128
44007,Rhode Island,Providence,664854,43.48503581237384,50.85913599075887,37.511243069907074,16.32117728102711,78787,6.556424905479139,32.26304707993925
44009,Rhode Island,Washington,130344,11.107530841465662,51.215245811084515,34.46265267292702,23.339777818695143,106638,4.418232418636173,52.37329217525516
45001,South Carolina,Abbeville,24420,31.53153153153153,50.91318591318591,34.4963144963145,22.923832923832922,52935,4.02293265960548,20.350248526181943
45003,South Carolina,Aiken,174160,36.456706476802935,51.55661460725769,35.05684428112081,20.76022048690859,70609,6.075702075702075,31.937498988525835
45005,South Carolina,Allendale,7661,77.18313536091894,45.933951181307926,32.17595614149589,22.438323978592873,32328,8.493248045486851,14.257881686149487
45007,South Carolina,Anderson,210478,24.93087163504024,51.6296239987077,37.115518011383614,18.43660620112316,66651,5.255046236452222,26.484609661329877
45009,South Carolina,Bamberg,13042,62.98113786229106,51.92455144916424,35.454684864284616,23.899708633645147,44370,14.976174268209666,17.93761793761794
45011,South Carolina,Barnwell,20521,49.48101944349691,51.732371716777934,38.102431655377416,19.136494322888748,46626,7.048269970098248,13.888295980078263
45013,South Carolina,Beaufort,195289,32.68796501595072,50.50668496433491,32.41145174587406,28.385111296591205,86573,2.623543780533634,45.98777145266709
45015,South Carolina,Berkeley,246802,39.92755326131879,50.20542783283766,39.644330272850304,14.835779288660545,84358,3.1866327284670333,30.96637313225925
45017,South Carolina,Calhoun,14182,45.13467776054153,50.994218022845864,30.693837258496686,24.41122549710901,58682,5.847688123300091,24.451351605915043
45019,South Carolina,Charleston,420264,35.522195572306934,51.52832505282394,35.22880855842994,17.852587897131325,88494,3.453053960608623,50.335477623296676
45021,South Carolina,Cherokee,56647,30.29463166628418,50.7970413261073,37.922573128321005,17.531378537257048,50288,6.262038602146311,18.408101213636012
45023,South Carolina,Chester,32182,42.268970231806605,51.54434155739233,35.718724752967496,19.23124728108881,52458,5.562940316363153,13.988346750878442
45025,South Carolina,Chesterfield,43784,41.58825141604239,51.28585784761557,36.08624154942445,19.02978256897497,49235,7.498003194888179,13.615620314231696
45027,South Carolina,Clarendon,30986,50.739043438972445,50.49377138062351,32.27263925643839,24.937068353449945,52401,6.845946374742186,18.22018994020401
45029,South Carolina,Colleton,38783,43.511332284763945,52.406982440760125,36.06992754557409,20.444524662867753,51114,9.873093491675398,17.424242424242426
45031,South Carolina,Darlington,62558,46.85891492694779,52.408964480961664,37.24703475175038,19.85996994788836,48581,6.6539453690943144,19.86285502478803
45033,South Carolina,Dillon,27862,55.502117579498965,52.78156629100567,39.84638575838059,17.981480152178595,46605,8.953393295175797,13.792171280276817
45035,South Carolina,Dorchester,167201,39.42440535642729,51.197660301074755,38.259938636730645,15.195483280602389,78198,4.944675788221297,29.80608785765725
45037,South Carolina,Edgefield,27476,43.47066530790508,45.59251710583782,32.24268452467608,19.72994613480856,73029,4.7783488596209445,23.305949713716704
45039,South Carolina,Fairfield,20550,61.08029197080291,51.27493917274939,30.92457420924574,24.043795620437955,47885,5.457181319250285,15.219107777339126
45041,South Carolina,Florence,137117,50.88938643640103,53.0226011362559,38.220643683861226,18.091848567281957,58305,5.601758158360739,24.38493922068973
45043,South Carolina,Georgetown,64811,34.17938312940705,52.324451096264525,28.101711129283608,30.709293175541188,68713,4.3814709991760115,32.772253015976524
45045,South Carolina,Greenville,548166,34.75936121539826,51.35780037433916,38.179857926248616,16.725590423338915,76932,4.358348422707962,41.26143335266605
45047,South Carolina,Greenwood,69489,42.3131718689289,52.950826749557486,38.33700297888875,19.369972225819915,52830,5.469479787405379,24.670024867691133
45049,South Carolina,Hampton,18254,59.422592308535116,48.19217705708338,35.52645995398269,19.661444067053797,44711,9.486314210723659,12.065553004512706
45051,South Carolina,Horry,383016,24.49323265868789,51.57982956325584,29.74993211771832,26.364172776072017,66880,4.880265526940976,27.14811343677323
45053,South Carolina,Jasper,32166,53.799042467201396,49.54921345520114,33.041099297394766,23.089597711869676,65613,4.569522013490969,26.0125786163522
45055,South Carolina,Kershaw,68314,34.15844482829288,51.07005884591738,35.726205463009045,18.91852328951606,68231,4.745051365572539,24.033602829711974
45057,South Carolina,Lancaster,104475,32.781048097631015,50.94711653505623,33.303661162957646,21.76118688681503,78869,4.291044776119403,33.5744777052276
45059,South Carolina,Laurens,68666,34.23674016252585,51.29612908863193,36.143069350187865,19.15940931465354,57623,4.485687323057565,17.593655431493268
45061,South Carolina,Lee,16166,66.75739205740443,49.41234690090313,35.011753061981935,20.753433131263144,44760,6.657088122605364,11.577841953268575
45063,South Carolina,Lexington,304887,29.689688310751194,51.23931161381102,36.60569325684598,17.084690393490046,77408,4.464600719724427,34.05711911540441
45065,South Carolina,McCormick,9760,43.924180327868854,46.95696721311475,19.18032786885246,39.467213114754095,55798,4.35905715208266,23.993598424227503
45067,South Carolina,Marion,28664,61.42199274351102,53.118894780909855,35.63703600334915,21.64038515210717,36301,7.2395369545859305,14.461888960427913
45069,South Carolina,Marlboro,25975,61.75553416746872,47.314725697786336,34.40615976900866,19.09143407122233,34301,9.915590358995221,8.956257658905642
45071,South Carolina,Newberry,38435,40.26798490958762,50.73240535969819,37.15623780408482,20.431898009626643,61780,4.449248975876195,23.088953310955144
45073,South Carolina,Oconee,80469,16.89221936397868,50.53871677291876,31.73768780524177,24.872932433607975,62388,5.879877689567144,28.650393860509144
45075,South Carolina,Orangeburg,83253,66.88407624950452,53.11400189782951,37.883319520017295,20.918165111167166,45675,8.308266488413548,19.37983121764414
45077,South Carolina,Pickens,134629,17.31499156942412,50.0642506443634,42.84218110511108,17.326133299660547,61064,3.634946613670018,28.539861807723334
45079,South Carolina,Richland,422117,60.63295247526159,51.96639794180287,43.665855675085346,14.08803720295558,63784,6.449945490771023,40.71362914060087
45081,South Carolina,Saluda,19131,42.86236997543254,50.29533218336731,34.713292561810675,20.59484606136637,51009,3.221016561964592,20.42594385285576
45083,South Carolina,Spartanburg,347852,34.744661522716555,51.197348297551834,39.05597782965169,16.292848682773133,66234,4.33112466797046,25.05368312949304
45085,South Carolina,Sumter,104725,56.36190021484842,51.72021962282167,40.402005251850085,17.766531391740273,56693,6.867883607446232,23.548576923628953
45087,South Carolina,Union,26885,35.75599776827227,52.82127580435187,33.72884508090013,21.610563511251627,41621,7.935153583617748,14.977291494632535
45089,South Carolina,Williamsburg,30282,67.82246879334257,51.1359883759329,33.254078330361274,22.676837725381414,46213,3.9589677832986054,17.403489738721632
45091,South Carolina,York,293673,33.72764946045431,51.36222941843479,37.165486782918414,15.368454028800741,89095,4.149585233943453,39.30049359325921
46003,South Dakota,Aurora,2642,13.739591218773661,46.896290688872064,39.59121877365632,19.682059046177137,72885,1.2435991221653255,21.38364779874214
46005,South Dakota,Beadle,19309,31.8659692371433,49.30343363198509,40.31798643119789,18.442177223056607,67681,1.905748316934231,27.164658634538153
46007,South Dakota,Bennett,3345,65.65022421524664,51.59940209267563,52.6457399103139,15.30642750373692,53750,10,18.281430219146483
46009,South Dakota,Bon Homme,7044,13.912549687677455,40.03407155025554,32.70868824531516,21.493469619534356,64435,2.198581560283688,19.5995379283789
46011,South Dakota,Brookings,35353,12.525103951574124,49.099086357593414,52.66879755607728,13.396317144231041,70064,3.746907034287734,42.50807544024175
46013,South Dakota,Brown,37877,15.302162262058772,50.40525912823085,39.90020328959527,17.770678776038228,70898,3.2860416361952125,33.79750391267707
46015,South Dakota,Brule,5283,18.815067196668554,48.11660041643006,37.630134393337116,21.010789324247586,73720,1.4806378132118452,28.707865168539325
46017,South Dakota,Buffalo,1808,82.52212389380531,44.13716814159292,58.79424778761062,9.18141592920354,47045,10.802469135802468,9.90566037735849
46019,South Dakota,Butte,10676,11.998875983514424,49.79393031097789,37.39228175346572,20.12926189584114,75652,1.795890174408565,19.856591285162715
46021,South Dakota,Campbell,1593,11.36220966729441,47.83427495291902,24.92153170119272,26.930320150659135,68929,3.1325301204819276,36.029411764705884
46023,South Dakota,Charles Mix,9281,36.256868871888805,49.36967999138024,43.90690658334231,18.952699062601013,64038,5.846968238691049,25.66573230553609
46025,South Dakota,Clark,3917,9.267296400306357,49.83405667602757,39.23921368394179,23.51289251978555,70726,3.9551357733175916,19.719407638347622
46027,South Dakota,Clay,15219,15.848610289769372,50.101846376240225,57.401931795781586,12.195282213023194,56850,6.993494423791821,45.37792994469318
46029,South Dakota,Codington,28767,9.629088886571424,49.0735912677721,37.835019292939826,19.553655229950987,72727,1.9159770846594526,21.374707021298278
46031,South Dakota,Corson,3806,70.09984235417761,50.341565948502364,50.07882291119285,13.163426169206517,46406,23.54515050167224,18.98854961832061
46033,South Dakota,Custer,8892,12.269455690508323,50.83220872694557,20.748987854251013,33.70445344129555,84112,2.2563386834147474,31.599071418817427
46035,South Dakota,Davison,19952,11.758219727345631,50.626503608660784,37.95609462710505,20.82999198075381,66208,0.8639910813823858,22.62370031708576
46037,South Dakota,Day,5437,16.976273680338426,50.06437373551591,32.94096008828398,26.650726503586537,66033,2.0923805763916303,21.989664082687337
46039,South Dakota,Deuel,4328,6.146025878003691,48.38262476894639,36.80683918669131,22.088724584103513,83112,2.1286441462285977,25.050985723997282
46041,South Dakota,Dewey,5205,78.9817483189241,50.009606147934676,53.12199807877041,9.951969260326608,54104,13.910133843212238,18.797814207650273
46043,South Dakota,Douglas,2828,8.168316831683164,50.03536067892504,36.73974540311174,24.504950495049506,86442,0.4679144385026738,24.947698744769873
46045,South Dakota,Edmunds,4048,6.225296442687744,49.18478260869565,34.46146245059288,22.92490118577075,81630,1.0954616588419406,28.245067497403948
46047,South Dakota,Fall River,7258,16.12014329016258,50.454670708184075,24.979333149627998,32.81895839074125,67917,2.479338842975207,29.41988950276243
46049,South Dakota,Faulk,2126,4.938852304797747,50.423330197554094,36.50047036688617,24.082784571966133,57750,5.27363184079602,22.63489838822705
46051,South Dakota,Grant,7563,10.736480232711887,47.99682665608886,34.959672087795845,23.363744545815152,75028,2.7442630707357463,25.308524776912854
46053,South Dakota,Gregory,4016,13.794820717131472,48.87948207171315,34.68625498007968,26.593625498007967,62917,2.2896963663514187,22.190305206463197
46055,South Dakota,Haakon,1722,9.988385598141692,50.46457607433217,35.48199767711963,29.094076655052266,65625,0,21.54696132596685
46057,South Dakota,Hamlin,6373,8.834144045190651,48.47010826926095,48.18766671897066,14.2946806841362,87101,0.502828409805154,24.47097124253934
46059,South Dakota,Hand,3140,7.802547770700641,48.56687898089172,37.197452229299365,24.171974522292995,74635,0.7756563245823389,28.38468720821662
46061,South Dakota,Hanson,3472,8.23732718894009,48.76152073732719,40.63940092165899,16.30184331797235,81071,1.8032786885245902,22.52821670428894
46063,South Dakota,Harding,1148,8.797909407665506,44.250871080139376,33.01393728222997,20.73170731707317,80441,0.8658008658008658,30.392156862745097
46065,South Dakota,Hughes,17664,19.82563405797102,50.022644927536234,36.59986413043478,18.048007246376812,81395,0.9551310528653931,39.047773805654856
46067,South Dakota,Hutchinson,7404,9.19773095623987,50.297136682874125,37.19611021069692,21.785521339816317,73977,1.6495402920497566,28.769323429030315
46069,South Dakota,Hyde,1191,13.937867338371113,48.11083123425693,26.61628883291352,28.295549958018473,73472,3.7209302325581395,20.281995661605208
46071,South Dakota,Jackson,2802,63.38329764453962,51.07066381156317,44.25410421127766,12.419700214132762,35417,7.176470588235294,12.433706540954626
46073,South Dakota,Jerauld,1772,10.609480812641081,51.128668171557564,30.812641083521445,30.756207674943568,73750,1.7418032786885247,21.34746404239213
46075,South Dakota,Jones,1004,19.820717131474108,53.08764940239044,41.235059760956176,24.40239043824701,65119,2.127659574468085,27.37341772151899
46077,South Dakota,Kingsbury,5244,8.714721586575136,49.12280701754386,36.97559115179252,23.093058733791,74000,1.001155179052753,23.093983920155253
46079,South Dakota,Lake,10972,11.155668975574184,47.220196864746626,35.86401749908859,24.298213634706524,76808,2.9541595925297113,34.629894627292835
46081,South Dakota,Lawrence,27233,11.203319502074693,49.70807476223699,32.221936621011274,25.017442073954392,73384,1.747455811462239,32.931747151930644
46083,South Dakota,Lincoln,70638,10.99408250516719,50.55635776777372,41.36725275347547,14.674820917919533,99166,1.6806104173311416,44.44659567602452
46085,South Dakota,Lyman,3724,42.88399570354458,47.6906552094522,42.29323308270677,18.31364124597207,67143,4.010025062656641,24.54583861427968
46087,South Dakota,McCook,5751,7.355242566510167,48.40897235263432,40.25386889236655,18.814119283602853,83852,1.8425460636515913,29.911551862771375
46089,South Dakota,McPherson,2145,3.2167832167832144,50.76923076923077,33.333333333333336,33.14685314685315,66906,1.0773751224289911,26.472450918302727
46091,South Dakota,Marshall,4344,16.298342541436462,47.05340699815838,36.55616942909761,23.22744014732965,78156,0.3239241092086997,25.423728813559322
46093,South Dakota,Meade,30546,14.977411117658612,47.60688797223859,38.70228507824265,16.709225430498265,74790,3.199948698217263,27.76535515485989
46095,South Dakota,Mellette,1943,65.31137416366444,50.90066906845085,41.48224395265054,16.417910447761194,54076,12.471131639722863,19.145569620253163
46097,South Dakota,Miner,2300,4.0000000000000036,50.26086956521739,32.65217391304348,25.91304347826087,76140,0.2544529262086514,16.696805304400243
46099,South Dakota,Minnehaha,203289,21.435985223007638,48.97903969226077,40.99287221640128,13.924019499333461,76880,2.459616627180702,35.15761333679872
46101,South Dakota,Moody,6397,26.074722526184146,49.71080193840863,38.48679068313272,20.21259965608879,78427,2.7950310559006213,30.41549953314659
46102,South Dakota,Oglala Lakota,13491,92.95826847527981,52.064339189089026,54.22133274034542,7.508709510043733,41417,16.3818123186069,11.798540965207632
46103,South Dakota,Pennington,113512,22.217034322362395,48.98512932553386,36.53974910141659,20.147649587708788,74517,3.151527828618243,34.63665984693491
46105,South Dakota,Perkins,3001,7.9640119960013305,52.182605798067314,34.48850383205598,26.857714095301567,66908,4.858044164037855,24.860853432282003
46107,South Dakota,Potter,2388,6.742043551088772,52.17755443886097,32.99832495812395,30.737018425460636,72045,2.607232968881413,27.20045428733674
46109,South Dakota,Roberts,10221,43.547598082379416,48.9482438117601,41.43430192740436,20.907934644359653,65130,5.991285403050109,18.56360316494218
46111,South Dakota,Sanborn,2384,9.815436241610742,47.105704697986575,37.625838926174495,20.21812080536913,78750,0.5654281098546042,21.29514321295143
46115,South Dakota,Spink,6219,7.428847081524359,49.39700916546069,32.91525968805274,24.473388004502333,70139,1.3350700097688049,28.21990689425848
46117,South Dakota,Stanley,3015,12.072968490878944,45.87064676616915,31.442786069651742,24.378109452736318,87712,0.48484848484848486,28.240109140518417
46119,South Dakota,Sully,1526,13.499344692005245,44.82306684141547,33.42070773263434,23.13237221494102,72578,0,24.058769513314967
46121,South Dakota,Todd,9244,91.91908264820424,50.01081782778018,55.79835569017741,7.853742968411943,42075,18.663981201745553,16.556432686153187
46123,South Dakota,Tripp,5611,20.067724113348785,48.76136161112101,34.646230618428085,24.594546426661914,58987,1.8188707843880259,17.732631050915476
46125,South Dakota,Turner,8882,6.969151092096371,49.81986039180365,36.98491330781356,20.31074082413871,75771,2.160559203558568,27.298280423280424
46127,South Dakota,Union,17081,11.591827176394819,48.410514606873136,36.09273461741116,19.48363678941514,89636,2.9609544468546636,37.01232899847999
46129,South Dakota,Walworth,5271,21.83646366913299,49.060899260102445,32.30885979889964,22.993739328400682,65026,3.4792806880375293,29.560410634377465
46135,South Dakota,Yankton,23414,13.060562056889037,48.001195865721364,35.40616725036303,21.376099769368754,72821,1.377503591650469,31.426126291338104
46137,South Dakota,Ziebach,2377,72.90702566259992,50.14724442574674,44.34160706773243,11.737484223811528,53958,23.494486853265478,15.227736233854522
47001,Tennessee,Anderson,79153,13.63056359203062,50.849620355514006,35.066264070850124,20.18622162141675,66183,3.742668029919819,27.540050217491245
47003,Tennessee,Bedford,52237,27.241227482435825,49.25627428833968,40.97095928173517,14.849627658556196,67225,4.21691403834261,17.1727718321297
47005,Tennessee,Benton,16006,10.34612020492316,50.61227039860052,31.656878670498564,24.20342371610646,51746,5.286940804338003,12.819854514334617
47007,Tennessee,Bledsoe,15032,13.45130388504524,42.163384779137836,29.99600851516764,20.835550824906864,54720,1.8231687641174572,12.36314637022065
47009,Tennessee,Blount,139333,11.532085004988046,50.94629412989026,33.193859315452904,20.936892193521995,77365,3.5384856649986456,28.63276122422795
47011,Tennessee,Bradley,111065,18.80880565434655,51.29338675550353,37.580695988835366,17.327690991761582,66552,6.571387272792975,24.443046600618544
47013,Tennessee,Campbell,39761,4.34093709916753,50.33072608837806,33.52531374965418,21.09604889213048,51557,4.955088929867348,12.666021029330382
47015,Tennessee,Cannon,14818,8.105007423403965,48.920232150087735,35.73356728303415,17.714941287623162,59443,2.8000605418495534,16.833763009643846
47017,Tennessee,Carroll,28641,16.26689012255159,50.514995984777066,37.299675290667224,20.173876610453547,51787,4.519543973941368,18.104458598726115
47019,Tennessee,Carter,56712,7.187191423331917,51.03681760473974,31.31259698123854,22.750035265904923,50135,6.235078784020373,20.630182421227197
47021,Tennessee,Cheatham,41829,10.90391833417007,49.747782638839084,34.1772454517201,15.974563102154008,89852,4.34395980614468,26.57185879203614
47023,Tennessee,Chester,17611,16.22281528590086,51.9845551076032,40.094259269774575,18.363522798251093,59341,4.1277770474562905,22.03842508830878
47025,Tennessee,Claiborne,32466,6.040165095792527,50.50514384278938,34.72247890100413,20.027105279369188,49379,4.495960660344222,18.21523207111719
47027,Tennessee,Clay,7670,6.179921773142116,51.36897001303781,29.674054758800523,24.954367666232073,39972,10.047846889952153,11.489810260014055
47029,Tennessee,Cocke,36813,8.024339227990108,51.11781164262624,32.71941977018988,22.005813163827995,48016,4.2325091404846,10.98679794137391
47031,Tennessee,Coffee,59710,14.714453190420363,50.7821135488193,38.00535923630883,17.737397420867527,61505,3.5612230318616946,21.38632891429698
47033,Tennessee,Crockett,13944,28.994549627079746,50.74584050487665,37.27768215720023,19.32730923694779,62165,2.8905911258852437,16.56210790464241
47035,Tennessee,Cumberland,63553,7.162525765896177,51.2454172108319,27.03570248454046,32.41861123786446,60375,5.056202409250232,19.058136942997834
47037,Tennessee,Davidson,715388,46.83793969146812,51.58976667207166,40.59741007676953,12.923057138224292,77853,4.487473311467935,48.390752402117
47039,Tennessee,Decatur,11579,9.940409361775625,49.48613869936955,32.31712583124622,23.80170999222731,45375,7.161857990587272,14.026884862653418
47041,Tennessee,DeKalb,20959,12.958633522591722,50.064411470012885,35.86526074717305,18.765208263753042,53153,5.642600042345967,20.821529745042493
47043,Tennessee,Dickson,55983,12.789596841898431,50.820784881124624,36.41998463819374,16.817605344479574,75003,3.3707471062784986,22.025756336876533
47045,Tennessee,Dyer,36508,23.055220773529093,52.035170373616744,37.96154267557795,17.730360468938315,58154,4.680066603235014,21.111867665318222
47047,Tennessee,Fayette,43267,34.42115237941156,50.4356669054938,29.939676890008553,22.96900640210784,88456,4.7570616245203645,27.286086024797186
47049,Tennessee,Fentress,19309,5.950592987725933,50.62924025066032,32.70495623802372,23.29483660469211,51149,4.653986240388507,14.55963368390928
47051,Tennessee,Franklin,43990,12.625596726528753,50.63423505342123,36.506024096385545,20.870652421004774,63494,2.846474638735331,23.87592299578059
47053,Tennessee,Gibson,50869,25.170536082879558,51.74860917258055,37.68503410721657,17.535237571015745,62755,4.979748454487316,20.528079500808875
47055,Tennessee,Giles,30620,17.106466361855,51.43043762246897,34.24559111691705,21.10711952971914,62307,4.399179574227315,20.061657387383242
47057,Tennessee,Grainger,24266,6.737822467650211,50.00824198466991,31.331904722657217,22.50886013352015,50538,4.6777546777546775,15.949900243848369
47059,Tennessee,Greene,71628,9.060702518568153,50.63522644775786,33.47713184788072,22.11146479030547,56194,5.732664837763693,18.704288243898684
47061,Tennessee,Grundy,13819,6.245024965627033,49.931254070482666,34.75649468123598,20.710615818800203,47593,8.962347534028638,14.30168733482415
47063,Tennessee,Hamblen,65669,23.07329181196607,50.84286345155248,37.76515555284838,17.892765231692273,55454,5.261239770731869,20.029882032870237
47065,Tennessee,Hamilton,376192,31.664416042871725,51.492854712487244,36.469143416127935,18.36455852330725,76183,4.368736247185619,37.47081345127402
47067,Tennessee,Hancock,6852,4.69935785172213,50.350262697022764,33.69819030939872,22.48978400467017,34960,6.291007333076032,10.754678182192063
47069,Tennessee,Hardeman,25433,46.8879015452365,44.426532457830376,35.05681594778437,18.680454527582274,46069,9.786476868327401,12.201490507534135
47071,Tennessee,Hardin,27249,9.189328048735735,51.400051378032224,33.5608646188851,23.468751146831078,49956,4.724612736660929,15.091750114369948
47073,Tennessee,Hawkins,57964,6.438479055965773,50.71941204885791,32.168242357325234,21.78938651576841,56936,7.305135212301669,16.164364284541595
47075,Tennessee,Haywood,17475,56.949928469241776,52.82975679542203,35.38769670958512,20.972818311874107,50472,5.868338557993731,14.45264951716303
47077,Tennessee,Henderson,27980,14.249463902787706,51.39742673338099,35.907791279485345,18.313080771979987,55136,6.100618418853418,16.060792770589444
47079,Tennessee,Henry,32412,14.09046032333704,50.5800320868814,32.62680488707886,23.960261631494507,50613,4.832205098660522,19.12651882063047
47081,Tennessee,Hickman,25436,11.640981286365781,47.82591602453216,35.11558421135398,17.797609687057715,68247,2.420037231342021,13.857142857142858
47083,Tennessee,Houston,8353,10.008380222674484,50.48485574045253,34.71806536573686,20.12450616544954,59576,3.8755458515283845,13.633333333333333
47085,Tennessee,Humphreys,19214,10.315395024461328,50.197772457583014,34.67263453731654,20.7661080462163,60616,6.918165989553105,15.703022339027594
47087,Tennessee,Jackson,12029,7.756255715354565,49.380663396791086,30.326710449746447,23.293706875051956,47951,7.642725598526703,15.002214348981399
47089,Tennessee,Jefferson,56864,10.368598761958358,50.851153629713,33.44998593134496,20.68795723128869,66114,4.59189046866772,20.84546689963114
47091,Tennessee,Johnson,18196,12.72807210375907,46.471752033413935,28.69311936689382,23.483183117168608,53129,3.1600114909508763,17.53956834532374
47093,Tennessee,Knox,494148,20.916607979795533,51.02155629487522,39.938844232901886,16.268810154042917,74222,3.524582952402447,40.96581611280713
47095,Tennessee,Lake,6579,35.79571363429093,37.422100623195014,30.399756801945585,16.400668794649643,28814,4.910456383593298,9.411993013778382
47097,Tennessee,Lauderdale,24784,41.567140090380896,47.82520981278244,38.4724015493867,16.668011620400257,49879,5.5713533438651925,11.978338925186886
47099,Tennessee,Lawrence,45385,7.9453563952847865,50.77668833314972,38.446623333700565,17.761374903602512,54706,4.8955770993102785,15.176905704840769
47101,Tennessee,Lewis,12992,8.582204433497543,49.23029556650246,36.129926108374384,20.558805418719214,56285,3.670618807860971,10.267565803785077
47103,Tennessee,Lincoln,35946,15.35636788516107,49.88872197184666,35.628442663996,20.07733822956657,64667,4.733238904627006,20.642803225934607
47105,Tennessee,Loudon,58580,14.800273130761354,50.51724137931034,30.08364629566405,27.523045407989073,84185,2.780181332530755,29.449491030264298
47107,Tennessee,McMinn,54884,14.151665330515273,50.399023394796295,35.48757379199767,20.295532395597988,61470,4.861971155766849,18.620582684900345
47109,Tennessee,McNairy,25970,11.043511744320366,50.58529072006161,35.7450904890258,20.831728917982286,53473,5.814985795454546,13.042291950886767
47111,Tennessee,Macon,26240,11.425304878048781,50.58689024390244,39.19207317073171,15.392530487804878,59177,3.416820036808834,12.523343330881104
47113,Tennessee,Madison,99295,46.62873256458029,52.26547157460094,39.03318394682512,17.890125383956896,60042,7.025775394552435,26.591687480370307
47115,Tennessee,Marion,29250,9.969230769230775,50.075213675213675,33.38461538461539,20.91965811965812,61824,7.10240318383591,17.149168154901776
47117,Tennessee,Marshall,36049,16.999084579322588,50.52567338899831,37.56830980054925,16.893672501317653,71049,3.9162575475424637,23.105675862349166
47119,Tennessee,Maury,107791,23.662457904648814,51.276080563312334,36.932582497611115,17.113673683331633,76130,2.387978142076503,27.995153968021512
47121,Tennessee,Meigs,13343,10.807164805516,50.29603537435359,32.90114666866522,21.04474256164281,61375,5.469593378913278,13.500931098696462
47123,Tennessee,Monroe,47695,13.066359157144358,50.38263968969493,33.231994968026,22.281161547332005,56895,4.345636739010021,17.11446235627203
47125,Tennessee,Montgomery,234153,40.69903012133093,50.17915636357424,46.56143632582115,10.005423804093905,75613,5.08311362913932,31.081788455393987
47127,Tennessee,Moore,6674,8.136050344620916,52.21756068324843,31.570272700029967,22.130656278094097,66469,4.493337465137899,24.074835526315788
47129,Tennessee,Morgan,21361,8.632554655680913,44.75914048967745,33.41603857497308,18.809980806142036,65954,5.084541062801932,13.559645882427871
47131,Tennessee,Obion,30453,20.81896693265032,51.682921222868025,35.07372015893344,21.078383082126557,54613,4.17469968856592,18.296471461028425
47133,Tennessee,Overton,23065,5.7793193149794035,49.67266420984175,34.77563407760676,20.528939952308694,48959,3.1655992680695335,14.975172580840498
47135,Tennessee,Perry,8697,10.980797976313672,48.37300218466138,34.79360699091641,21.92710129929861,55972,5.818181818181818,14.168674698795181
47137,Tennessee,Pickett,5079,5.060051191179371,48.35597558574523,28.568615869265603,27.97794841504233,49030,6.764705882352941,18.946275629379706
47139,Tennessee,Polk,17898,10.934182590233544,49.48038887026483,31.355458710470444,21.030282713152307,62522,5.28429772812853,16.56377051648848
47141,Tennessee,Putnam,82558,14.972504178880296,50.11991569563216,42.42835340003391,16.50112648077715,58912,3.734791127452166,29.785955689072473
47143,Tennessee,Rhea,33992,12.82654742292304,49.87938338432572,35.80842551188515,19.80171805130619,55033,5.831518780620577,18.62092219506027
47145,Tennessee,Roane,55208,9.728662512679321,50.64121141863498,31.04984784813795,23.300970873786408,71885,4.901608589789646,22.12577113457365
47147,Tennessee,Robertson,75539,21.253921815221275,49.84577503011689,37.751360224519786,14.895616833688559,83047,3.30672748004561,22.402308198752955
47149,Tennessee,Rutherford,360646,36.2962572716736,50.67129539770301,43.64695574053227,11.173838057263909,85470,3.579684694069907,35.764614687848386
47151,Tennessee,Scott,22113,3.554470221136885,50.42282820060598,37.335504002170666,17.2794283905395,44711,7.451062934119133,12.850929221035983
47153,Tennessee,Sequatchie,16809,9.869712653935391,49.69361651496222,33.267892200606816,21.78594800404545,58750,6.631221385319746,20.644420759203083
47155,Tennessee,Sevier,99652,14.878778147954886,50.25087303817284,34.20101954802713,20.360855778107815,62581,3.338070985826523,21.831830993776684
47157,Tennessee,Shelby,919173,67.25817664356981,52.512965459168186,41.44703989346946,14.801348603581697,63767,7.202457273097344,34.281778586730134
47159,Tennessee,Smith,20389,9.971062827995492,49.507087154838395,36.05375447545245,16.670753837853745,66293,2.662163504519718,18.45167584140478
47161,Tennessee,Stewart,14027,9.424680972410348,49.81820774221145,33.07906180936765,20.90967419975761,63114,2.7311615663047055,17.647641696393183
47163,Tennessee,Sullivan,160624,8.400986153999401,51.03720490088654,32.52378224922801,22.238893316067337,58807,5.430050985769246,26.837737127371277
47165,Tennessee,Sumner,204424,21.372735099596916,50.949986302978125,36.766720150275894,16.64726255234219,90301,3.564623617682721,33.571257113003206
47167,Tennessee,Tipton,61553,26.221305216642566,50.5596802755349,37.89742173411531,15.62393384562897,74127,5.52756930879682,20.69088403696752
47169,Tennessee,Trousdale,11957,20.88316467341307,38.722087480137155,37.23341975411893,12.335870201555574,72747,0.636465743167353,14.315376629369018
47171,Tennessee,Unicoi,17756,9.861455282721332,51.26154539310656,30.964181121874297,23.744086505969815,52218,4.336609336609337,21.262408123058272
47173,Tennessee,Union,20431,5.961529048994175,49.76751015613529,34.26655572414468,18.83901913758504,62727,2.62783313259608,14.184931506849315
47175,Tennessee,Van Buren,6437,5.359639583656984,48.9203044896691,32.126767127543886,24.00186422246388,54931,2.327272727272727,13.709160794362587
47177,Tennessee,Warren,42166,16.68405824598017,50.01897263197837,37.21007446758051,17.91016458758241,55487,5.895679934091962,14.107541659508676
47179,Tennessee,Washington,136261,14.098678271845944,50.77681801836182,37.63586059107155,18.898290780193893,62809,4.7264885798530125,34.29810792465637
47181,Tennessee,Wayne,16168,11.54131618010885,43.351063829787236,29.743938644235527,19.730331519049976,52294,3.3908660455170305,13.81791720569211
47183,Tennessee,Weakley,33016,15.283498909619574,50.66937242549067,41.7312818027623,18.327477586624667,51880,4.001058131075987,22.685776453337116
47185,Tennessee,White,28160,8.128551136363637,50.45454545454545,34.11931818181818,21.232244318181817,52188,5.568576739675099,15.124722153618178
47187,Tennessee,Williamson,260351,19.07578615023564,50.52256376968016,38.02750901667365,14.75085557574198,135594,2.426866648811118,62.69268984271047
47189,Tennessee,Wilson,158805,20.666225874500178,50.585309026793865,36.64746072226945,15.900003148515475,95839,3.22572937325273,37.834636342099024
48001,Texas,Anderson,58439,44.89638768630538,38.88328000136895,34.867126405311524,15.169664094183679,62068,5.952274953254385,15.392798884134375
48003,Texas,Andrews,18610,61.18753358409457,51.08006448146158,45.96990865126276,9.70445996775927,72242,3.319548451995082,17.683630873079316
48005,Texas,Angelina,87275,41.827556574047556,50.93898596390719,40.386135777714124,16.8685190489831,60960,6.387687355396841,17.94412669714723
48007,Texas,Aransas,24876,32.79064158224795,50.8803666184274,28.662164335102105,28.35664897893552,69466,4.08997955010225,28.810944250154293
48009,Texas,Archer,8867,14.46938085034397,49.32897259501522,33.630314649825195,21.78865456185858,72159,3.03886925795053,25.366777094178893
48011,Texas,Armstrong,1822,16.630076838638864,54.11635565312843,35.51042810098792,25.192096597145994,72750,1.2401352874859075,27.174749807544263
48013,Texas,Atascosa,51008,69.04799247176913,50.2430991217064,41.713064617314934,15.228983688833123,70770,4.092671053817723,15.749641429399738
48015,Texas,Austin,31170,39.618222649983956,48.8418350978505,36.560795636830285,21.03304459416105,75789,4.345218260579807,25.07215343077926
48017,Texas,Bailey,6913,70.14320844785186,49.45754375813684,44.79965282800521,19.68754520468682,61420,0,15.201508366721658
48019,Texas,Bandera,22021,27.01058080922756,50.7470142137051,26.04786340311521,29.76249943236002,75813,8.743062992892611,27.236268526591108
48021,Texas,Bastrop,106582,55.555347056726276,49.35354937982023,40.814584076110414,15.389090090259144,86226,4.276633012536656,24.994971119859766
48023,Texas,Baylor,3485,23.414634146341463,49.26829268292683,31.248206599713058,27.259684361549496,45370,4.49438202247191,25.31298904538341
48025,Texas,Bee,31083,72.30640543062124,37.13605507833864,40.34037898529743,12.707911076794389,57673,5.208067398519275,13.969239452518698
48027,Texas,Bell,386897,57.59930937691426,50.22137674885047,46.21824413215921,11.927463898660367,68865,6.767816523227728,27.162855186008052
48029,Texas,Bexar,2067341,73.79730774942306,50.35966490288733,42.42754339995192,12.875669761302078,72341,5.7849664969460886,31.844532689431503
48031,Texas,Blanco,12446,24.52193475815523,51.16503294231078,27.51888156837538,26.394022175799453,92425,5.923694779116466,35.40507111935683
48033,Texas,Borden,713,9.817671809256668,55.539971949509116,49.509116409537164,17.251051893408135,65625,0.33444816053511706,36.89095127610209
48035,Texas,Bosque,18687,25.129769358377484,50.98731738641837,32.396853427516454,25.60603628190721,68914,3.5808188305997244,20.372431189257366
48037,Texas,Bowie,92115,39.12609238451935,49.70743092873039,38.912229278619115,17.548716278564836,59803,4.429020821890448,23.621946335602722
48039,Texas,Brazoria,391255,58.36602727121698,49.57227383675608,40.11245862672681,12.8366410652899,97993,4.681939386393584,33.135575193858415
48041,Texas,Brazos,242311,47.04202450569722,49.561513922190905,54.40817792011093,10.198463957476136,58553,4.720355778991637,43.008886581803814
48043,Texas,Brewster,9503,48.68988740397769,50.00526149636957,32.274018730927075,26.46532673892455,56212,3.037237362180154,45.46714721375104
48045,Texas,Briscoe,1301,31.28362797847809,47.732513451191394,29.13143735588009,24.596464258262873,45417,1.023890784982935,23.108384458077712
48047,Texas,Brooks,6943,92.7985020884344,49.143021748523694,33.55898026789572,21.561284747227422,47764,19.9438202247191,16.962127316680096
48049,Texas,Brown,38347,30.085795498996013,50.23861058231413,34.8032440608131,21.023808902912876,57470,5.2661190502981885,20.1689662805283
48051,Texas,Burleson,18857,37.52452670095986,51.30190380230153,33.31388874158137,22.11380389245373,70000,4.957362137578169,23.46780736042481
48053,Texas,Burnet,52652,29.273341943325992,50.59067081972195,33.201018005014056,23.600243105675,78732,2.6263102108114476,28.539863745166638
48055,Texas,Caldwell,48669,65.64959214284247,49.55104892231194,39.965892046271755,15.299266473525241,69758,3.411728638374283,19.342763339572276
48057,Texas,Calhoun,19868,59.17555868733642,47.92631367022347,36.72740084558083,19.201731427420977,79959,7.374015374394989,20.056333959266215
48059,Texas,Callahan,14241,18.973386700372163,50.76188469910821,34.1127729794256,20.96060669896777,72436,4.716705607476635,23.99680574965063
48061,Texas,Cameron,426120,91.3219280953722,50.62940016896649,46.38317844738571,14.296207641040082,52601,5.912531084441561,22.077634442026735
48063,Texas,Camp,12798,47.1245507110486,50.46100953273949,41.053289576496326,18.7607438662291,58843,5.680041688379364,22.247568735742586
48065,Texas,Carson,5801,18.238234787105668,50.4568177900362,37.752111704878466,20.61713497672815,85231,1.1788480970023576,26.362710137544575
48067,Texas,Cass,28568,25.595071408569027,51.207644917390084,34.65065807896948,22.514701764211704,53813,6.388415672913117,18.908767421172286
48069,Texas,Castro,7344,70.31590413943356,48.910675381263616,45.38398692810458,18.736383442265794,56776,3.743161531816873,18.59892569382274
48071,Texas,Chambers,51498,38.48498970833819,49.84077051535982,43.149248514505416,12.604372985358655,109804,7.270152248318187,21.934337865980645
48073,Texas,Cherokee,51886,41.22499325444243,49.14042323555487,39.69471533747061,18.36140770149944,61261,5.204616026324326,18.939415784768883
48075,Texas,Childress,6743,45.098620791932376,40.79786445202432,38.41020317366157,17.11404419397894,58654,0.5462348809988294,11.844863731656185
48077,Texas,Clay,10495,13.053835159599814,49.995235826584086,30.85278704144831,23.392091472129586,80114,1.9517795637198623,22.359767891682786
48079,Texas,Cochran,2550,67.01960784313725,48.15686274509804,41.13725490196079,14.431372549019608,45313,4.808548530721282,8.233815210559396
48081,Texas,Coke,3353,24.783775723232925,49.62719952281539,30.778407396361466,27.02057858634059,43333,5.578800557880056,22.97077922077922
48083,Texas,Coleman,7833,23.55419379548066,49.94255074684029,32.15881526873484,26.209625941529428,49159,7.672112018669778,16.824727783631893
48085,Texas,Collin,1163337,50.43293559819726,50.23316545420631,39.577009929195064,11.579963501547702,121600,4.169384962000956,56.21674622629338
48087,Texas,Collingsworth,2588,45.40185471406492,50.618238021638334,37.75115919629057,24.26584234930448,61280,1.1146496815286624,25.590778097982707
48089,Texas,Colorado,21006,46.786632390745496,48.91935637436923,35.93259068837475,23.37427401694754,66377,2.8755682418860347,22.93217535153019
48091,Texas,Comal,183826,35.98348438196991,50.19910132407821,34.93901841959244,18.705732594953925,101889,3.9397224631396357,43.346570536299495
48093,Texas,Comanche,13950,33.82078853046595,49.96415770609319,35.54838709677419,23.92831541218638,59635,6.206693203597228,21.364526435123157
48095,Texas,Concho,3328,40.47475961538461,35.45673076923077,26.26201923076923,19.801682692307693,65795,1.529051987767584,14.05607476635514
48097,Texas,Cooke,43046,28.732054081680058,49.911722343539466,37.85020675556382,18.90071086744413,73932,4.479669193659545,23.653846153846153
48099,Texas,Coryell,84748,45.627035446264216,49.603530466795675,44.83763628640204,11.352480294520225,71301,7.088101322075325,19.349204890155345
48101,Texas,Cottle,1368,53.289473684210535,51.53508771929825,35.16081871345029,23.172514619883042,59063,12.596006144393241,21.064060803474487
48103,Texas,Crane,4610,74.38177874186552,47.54880694143167,43.7527114967462,15.596529284164859,62212,4.567969179966979,12.607449856733524
48105,Texas,Crockett,2822,67.15095676824947,42.80652019844082,31.396172927002127,19.029057406094967,81022,3.010752688172043,10.67632850241546
48107,Texas,Crosby,5041,61.57508430866891,48.91886530450307,39.21840904582424,19.18270184487205,52188,8.246128087065719,15.386949924127466
48109,Texas,Culberson,2195,82.55125284738041,45.876993166287015,33.758542141230066,29.202733485193622,58777,1.2004801920768307,15.760869565217392
48111,Texas,Dallam,7298,59.18059742395177,44.75198684571115,50.06851192107427,11.167443135105508,71500,2.3424878836833605,11.928104575163399
48113,Texas,Dallas,2621179,73.62641010018774,50.38347247555394,43.25309335989645,11.790686557461356,76547,4.99507595017047,35.73577210089225
48115,Texas,Dawson,12134,64.82610845557937,42.46744684358002,42.038898961595514,13.90308224822812,54360,6.392132759680393,12.727040163724737
48117,Texas,Deaf Smith,18460,78.95991332611051,48.36944745395449,48.08234019501625,13.19068255687974,60799,3.4526412705719878,11.434433874277188
48119,Texas,Delta,5438,22.103714600956238,54.76278043398308,36.48400147112909,20.41191614564178,66575,4.281098546042003,14.921533316182146
48121,Texas,Denton,979561,47.56712445677196,50.480980765873696,39.20705295535449,11.548540621768323,111498,4.016276980670191,49.44349334439458
48123,Texas,DeWitt,20016,47.347122302158276,47.24720223820943,34.787170263788965,20.283772981614707,63730,3.722829350306233,16.869377473911477
48125,Texas,Dickens,1747,37.14939896966227,51.97481396680023,31.53978248425873,26.73153978248426,49335,9.240506329113924,18.001586042823156
48127,Texas,Dimmit,8380,91.80190930787589,46.49164677804296,40.94272076372315,16.20525059665871,38808,8.417169684775319,9.794007490636703
48129,Texas,Donley,3257,22.62818544673012,52.655818237642,40.09824992324225,25.115136628799508,58750,1.6783216783216783,16.559040590405903
48131,Texas,Duval,9742,84.35639499076166,47.515910490659,40.453705604598646,16.99856292342435,49038,10.980061780398765,6.843639711523706
48133,Texas,Eastland,18011,23.085891954916438,50.44694908666926,36.77197268336017,21.931042140913885,53549,4.693359138744405,21.82230869001297
48135,Texas,Ector,164654,71.32471728594507,48.700912215919445,47.61074738542641,9.87403889368008,71536,5.882940222139024,17.631208403821024
48137,Texas,Edwards,1290,46.74418604651163,45.42635658914729,44.57364341085271,18.449612403100776,40313,0,26.11731843575419
48139,Texas,Ellis,213160,47.34940889472696,50.497279039219364,41.298555075999246,13.03621692625258,99595,4.455072411750982,30.10187077047921
48141,Texas,El Paso,870779,88.9831978033462,50.260284182324106,44.746830137153054,13.111363503253983,59806,6.00263374238801,25.948940603111353
48143,Texas,Erath,43794,27.839430058912185,51.20107777321094,47.12974380052062,14.835365575192949,65115,5.692666402709955,32.052519791465535
48145,Texas,Falls,17291,50.44821005147186,53.073853449771555,35.81053727372622,19.322190735064485,57247,5.957385128279461,19.499297694786417
48147,Texas,Fannin,37326,24.81648180892675,46.32159888549536,35.61056636124953,18.129453999892835,72295,4.9907688642725265,19.484240687679083
48149,Texas,Fayette,25042,30.508745307882755,50.335436466735885,31.598913824774378,26.890823416660012,75854,2.2697962342017024,27.452789233774688
48151,Texas,Fisher,3655,35.78659370725035,48.94664842681259,35.841313269493845,20.82079343365253,65533,4.663518299881936,17.143919672740797
48153,Texas,Floyd,5216,63.22852760736196,51.13113496932515,37.921779141104295,19.075920245398773,58462,6.0444078947368425,14.91031390134529
48155,Texas,Foard,991,17.45711402623612,51.059535822401614,28.254288597376387,31.886982845610493,61563,6.261510128913444,20.615796519410978
48157,Texas,Fort Bend,893767,71.25895227727138,50.751705981536574,40.34720458464007,12.563565224493631,114041,5.052495742402163,50.22994203257741
48159,Texas,Franklin,10632,23.024830699774267,49.96237772761475,34.03875094055681,22.338224228743417,72360,4.389850986709625,27.76511596728784
48161,Texas,Freestone,20049,36.76991371140706,47.62831063893461,34.91944735398274,20.135667614344854,59960,3.042647994907702,16.53648582084301
48163,Texas,Frio,18582,85.44290173285975,38.897858142288236,45.91002044989775,12.38833279517813,66010,5.566418980576196,11.947765623675062
48165,Texas,Gaines,22232,43.6173083843109,49.23083843109032,51.64177761784815,9.675242893127024,74132,2.433794360458883,11.718816246926142
48167,Texas,Galveston,358990,46.047522215103484,50.6649210284409,38.09549012507312,15.767570127301596,86105,5.696974400478951,34.7946852986656
48169,Texas,Garza,5118,62.99335677999218,34.42751074638531,36.83079327862446,14.908167252833138,46314,11.470281543274243,10.218563724098779
48171,Texas,Gillespie,27524,26.420578404301697,50.68667344862666,30.358959453567795,30.159133846824588,76162,2.7234246465937226,37.1851278828023
48173,Texas,Glasscock,1068,33.80149812734082,43.91385767790262,38.48314606741573,14.887640449438202,101250,0.78125,29.246487867177525
48175,Texas,Goliad,7141,39.574289315221954,49.600896233020585,32.27839238201933,24.534378938524018,59359,5.248899424314256,21.417653802063434
48177,Texas,Gonzales,19851,59.37736134199789,49.82620522895572,38.592514231021106,18.114956425368998,58672,4.313081554460865,11.923047676982739
48179,Texas,Gray,21045,40.59871703492516,46.538370159182705,39.215965787598,16.66904252791637,59614,5.566057550934677,16.227412327690878
48181,Texas,Grayson,143337,28.919260204971497,51.082414170800284,38.34320517382113,18.05256144610254,72182,3.1154767473175435,23.880443078446337
48183,Texas,Gregg,125480,45.338699394325786,51.12368504941026,41.96525342684093,16.07825948358304,66550,3.603542922574344,22.911014650027127
48185,Texas,Grimes,31340,43.24505424377792,45.44033184428845,36.70070197830249,18.58647096362476,69803,5.063291139240507,19.71220367124804
48187,Texas,Guadalupe,183642,52.99822480696137,50.134500822251994,38.636586401803505,14.813604730943903,92375,4.763260167496853,31.429609592635956
48189,Texas,Hale,32131,68.58174348759765,48.03460832218107,44.393265071115124,14.238585789424544,51897,5.276917784657723,15.31437125748503
48191,Texas,Hall,2820,46.38297872340426,50.638297872340424,34.57446808510638,24.397163120567377,48459,9.04,21.44578313253012
48193,Texas,Hamilton,8406,18.463002617178205,50.49964311206281,33.96383535569831,24.922674280275995,58219,5.433306166802499,26.784200711985086
48195,Texas,Hansford,5119,52.95956241453409,48.81812854073061,43.36784528228169,14.104317249462786,69441,6.199770378874857,36.427432216905906
48197,Texas,Hardeman,3501,37.84632962010854,50.071408169094546,35.646958011996574,21.679520137103683,63333,2.4130190796857462,16.80395387149918
48199,Texas,Hardin,57642,17.58786995593491,50.6765899864682,38.03823600846605,17.711044030394504,75808,5.434079933072214,20.98314606741573
48201,Texas,Harris,4838303,73.44287862913919,50.29465909844836,42.80103995140445,11.722043865380073,74983,6.7314516395462185,34.24016351558508
48203,Texas,Harrison,70155,39.493977620982115,51.304967571805285,39.91875133632671,17.50979972917112,66103,5.561519651696785,22.672520057957225
48205,Texas,Hartley,5215,43.47075743048897,43.81591562799616,33.72962607861937,15.95397890699904,75841,1.6477272727272727,20.7218576476527
48207,Texas,Haskell,5421,34.587714443829555,45.28684744512083,33.351780114370044,22.689540675152188,60653,4.8807749627421755,22.807017543859647
48209,Texas,Hays,268638,49.54809073921038,50.15485523269232,44.155331710331374,12.15836925528034,89097,4.42933859017062,43.15441705141689
48211,Texas,Hemphill,3234,37.78602350030922,44.74335188620903,33.54978354978355,23.00556586270872,61563,5.860349127182045,21.939855993223212
48213,Texas,Henderson,84862,26.138907873960072,50.77301972614362,34.70222243171266,22.549551035799297,65179,4.906096348639136,20.67467714019438
48215,Texas,Hidalgo,891977,94.01329854917783,50.619130313898225,49.276719018539715,11.719472587297654,54338,7.610963804383639,20.633487144404757
48217,Texas,Hill,37328,32.4367766823832,50.12858979854265,36.82222460351479,20.413630518645522,64591,4.193183845833581,17.990799937626694
48219,Texas,Hockley,21363,56.11103309460282,50.57342133595469,42.18040537377709,15.372372794083228,63140,4.65946267472985,18.91891891891892
48221,Texas,Hood,65894,19.226333201808966,50.86199046954199,31.922481561295413,25.55619631529426,88160,5.6314049045607835,32.94629294379591
48223,Texas,Hopkins,37784,29.549544780859627,50.86279906838874,38.38132542875291,18.722210459453738,70888,4.00571459970328,21.875490657874078
48225,Texas,Houston,22051,42.02983991655708,46.07500793614802,30.946442338215952,22.212144573942226,56531,6.712074303405573,14.803236484001472
48227,Texas,Howard,32290,56.8689996903066,44.28925363889749,38.46082378445339,13.384948900588418,69649,5.37016264722378,15.68769202964034
48229,Texas,Hudspeth,3403,72.49485747869527,37.7314134587129,41.78665883044373,10.872759330002939,48600,8.022130013831259,9.585958595859587
48231,Texas,Hunt,108972,34.963109789670746,50.55977682340418,40.803142091546455,15.505818008295709,71938,5.91705873425406,22.619297288983965
48233,Texas,Hutchinson,20184,32.35235830360682,50.054498612762586,39.02100673801031,17.954815695600477,67228,3.5979747926316925,16.771488469601678
48235,Texas,Irion,1409,31.653655074520938,49.96451383960255,33.99574166075231,21.930447125621008,70357,0.4341534008683068,28.31858407079646
48237,Texas,Jack,8882,25.33213240261203,45.62035577572619,36.534564287322674,16.8543120918712,68079,9.580318379160637,14.498864742134284
48239,Texas,Jackson,15152,43.149419218585,49.023231256599786,37.58579725448786,19.759767687434003,65414,5.284117016388421,16.59209900047596
48241,Texas,Jasper,32727,26.90744645094265,50.81125676047301,35.264460537171146,21.12628716350414,56723,13.26097894055919,14.027588030496673
48243,Texas,Jeff Davis,1865,34.530831099195716,46.916890080428956,18.01608579088472,33.88739946380697,59286,0,35.905820797907126
48245,Texas,Jefferson,253878,63.66680058925941,48.44571014424251,40.11493709577041,15.465302231780619,60026,6.31300835001533,19.734654165929594
48247,Texas,Jim Hogg,4727,91.9822297440237,43.283266342288975,56.97059445737254,9.58324518722234,42211,6.308654848800834,14.80927449513837
48249,Texas,Jim Wells,38850,81.63449163449164,50.12870012870013,42.35263835263835,16.265122265122265,51896,6.0962958442667965,16.319612590799032
48251,Texas,Johnson,195597,35.44277263966217,49.72264400783243,40.658087802982664,14.026800002045022,84859,3.6211958319550117,25.21618439417686
48253,Texas,Jones,20304,44.3360914105595,35.62352245862884,34.41193853427896,16.03132387706856,59464,5.5325232308792,11.993842446958034
48255,Texas,Karnes,14968,65.31934794227685,41.26135756280064,37.31961517904864,15.152324959914484,60214,2.9406425848611364,14.300421151146466
48257,Texas,Kaufman,172604,51.2195545873792,50.70855831846307,43.8002595536604,10.662557067043638,89485,5.30671971099984,26.49523019493986
48259,Texas,Kendall,48567,30.82339860399036,50.95435172030391,34.45961249408034,20.361562377746207,114962,4.736164736164736,48.89652943077963
48261,Texas,Kenedy,145,91.0344827586207,46.89655172413793,19.310344827586206,39.310344827586206,38882,0,13.008130081300814
48263,Texas,Kent,734,20.98092643051771,46.45776566757493,20.980926430517712,37.32970027247956,72889,8.474576271186441,26.28099173553719
48265,Texas,Kerr,53489,32.86657069677877,51.22922470040569,31.062461440670045,29.06018059787994,69395,3.2944571359865336,31.322587991194556
48267,Texas,Kimble,4389,30.029619503303717,50.763271815903394,29.84734563681932,31.237183868762816,69455,1.2682926829268293,27.1055753262159
48269,Texas,King,211,30.805687203791464,51.18483412322275,36.492890995260666,30.805687203791468,46645,0,38.88888888888889
48271,Texas,Kinney,3157,60.24707000316756,40.95660437123852,25.688945201140324,26.480836236933797,70000,0.9305210918114144,11.815336463223787
48273,Texas,Kleberg,30579,79.19487229798227,50.11282252526244,51.672716570195234,13.250923836619902,61292,7.687998879708724,23.21773203111293
48275,Texas,Knox,3307,42.99969761112791,50.831569398246145,36.58905352283036,18.717871182340488,56667,1.2794612794612794,13.506379234491861
48277,Texas,Lamar,50669,28.711835639148198,51.37263415500602,38.09035110225187,19.538573881465986,61880,4.043487351034916,21.574825986078885
48279,Texas,Lamb,12828,64.03960087309011,49.32179607109448,41.9940754599314,17.12659806672903,60760,2.0602758385833475,14.32259650848291
48281,Texas,Lampasas,22715,30.508474576271183,50.16949152542373,33.392031697116444,20.968523002421307,81736,4.478985581347786,24.269132890571658
48283,Texas,La Salle,6839,80.46498026027197,40.941658137154555,43.73446410293903,16.040356777306624,57716,1.8165706690296854,11.807341594575638
48285,Texas,Lavaca,20552,28.537368625924486,50.870961463604516,35.35908913974309,24.08524717789023,63240,3.0529595015576323,22.22609665946021
48287,Texas,Lee,17971,40.12019364531746,49.757943353180124,35.256802626453734,19.909854766011907,76371,6.510832383124288,20.88334133461354
48289,Texas,Leon,16263,29.133616183975896,50.1014572957019,34.686097276025336,24.589559121933224,61449,4.169193450576107,18.5512520578806
48291,Texas,Liberty,103380,51.34648868253046,50.381118204681755,46.04855871541884,11.515767072934803,68703,7.112618463462741,11.852804777333079
48293,Texas,Limestone,22283,45.321545572858234,49.239330431270474,35.42610959027061,20.899340304267827,60573,3.723887375113533,18.53289222547398
48295,Texas,Lipscomb,2918,43.89993145990404,53.35846470185058,43.145990404386566,18.574366004112406,72560,6.495589414595028,22.35228539576366
48297,Texas,Live Oak,11620,52.839931153184175,45.989672977624785,31.87607573149742,20.44750430292599,57150,5.882352941176471,15.924537145535506
48299,Texas,Llano,22424,17.900463788797715,52.31448448091331,24.69675347841598,37.00945415626115,67530,4.36486915986863,32.35824597001466
48301,Texas,Loving,33,6.060606060606055,18.181818181818183,6.0606060606060606,81.81818181818181,51250,0,0
48303,Texas,Lubbock,318884,48.52266027771854,50.68332058052458,47.40313091908029,13.269402039613151,64155,4.939927925543115,33.441824317628225
48305,Texas,Lynn,5752,45.51460361613352,48.36578581363004,40.959666203059804,15.907510431154382,73679,3.7037037037037037,26.77144379328716
48307,Texas,McCulloch,7514,35.98615916955017,50.85174341229705,34.56215065211605,23.662496672877296,54043,9.040641415537738,23.928438315318672
48309,Texas,McLennan,266067,45.90911311812438,50.91950523740261,45.020990953406475,15.323583909316074,66643,4.453327456359671,28.685496582741475
48311,Texas,McMullen,700,62.71428571428572,60.57142857142857,46.57142857142857,17.285714285714285,43875,0,20.051413881748072
48313,Texas,Madison,13648,47.71395076201641,42.26992966002344,40.174384525205156,15.452813599062134,74596,7.135250266240681,18.35381102533435
48315,Texas,Marion,9737,30.46112765738934,50.20026702269693,30.224915271644242,26.887131560028756,49672,8.683068017366136,15.595579205894392
48317,Texas,Martin,5218,54.8677654273668,41.70180145649674,39.07627443464929,10.92372556535071,93734,5.36964980544747,20.937129300118624
48319,Texas,Mason,3955,20.17699115044248,48.74841972187105,27.054361567635905,35.19595448798989,74180,3.032300593276203,38.84576442794465
48321,Texas,Matagorda,36329,58.6418563681907,51.05563048803986,39.01015717470891,18.18657271050676,58628,8.684733091928512,22.15529334103474
48323,Texas,Maverick,58082,97.1471368065838,49.944905478461486,49.531696566922626,12.008883991598086,49568,7.658598517426383,14.270916570481518
48325,Texas,Medina,53547,58.34687284068202,47.76924944441332,37.56886473565279,17.728350794629016,78074,3.0483045702887868,23.11951754385965
48327,Texas,Menard,1955,29.66751918158568,50.63938618925831,26.08695652173913,33.40153452685422,53043,10.7981220657277,23.976221928665787
48329,Texas,Midland,174801,57.713628640568416,49.07351788605328,45.39218883187167,10.744789789532096,92874,3.3603540492155095,31.03448275862069
48331,Texas,Milam,25567,38.40106387139672,49.95110885125357,35.90565963937889,21.85629913560449,66141,4.956122022565817,20.550799729668846
48333,Texas,Mills,4511,26.889824872533808,48.57016182664598,32.32099312790955,25.892263356240303,67620,3.191996188661267,27.890743550834596
48335,Texas,Mitchell,9018,53.24905744067421,36.49367930805057,39.08848968729208,14.604125083167,60550,5.3039779834876155,11.499176276771005
48337,Texas,Montague,21046,16.411669675947927,50.57493110329754,34.956761379834646,21.823624441699135,64545,7.062944965532829,18.866402205338535
48339,Texas,Montgomery,684432,41.34654720994927,50.28651494962246,40.420377773102366,13.74234401664446,97701,4.550141789120907,38.78960935069553
48341,Texas,Moore,21373,71.79619145651056,47.166986384690965,48.31797127216581,11.201048051279653,61762,3.2988675529295914,12.29559748427673
48343,Texas,Morris,12076,38.08380258363696,52.33521033454787,35.99701888042398,21.886386220602848,58645,7.114323758797793,15.954973693870059
48345,Texas,Motley,1183,21.301775147928993,47.675401521555365,30.684699915469146,29.585798816568047,61154,0.9463722397476341,19.269102990033225
48347,Texas,Nacogdoches,65162,42.90844357140665,51.754089806942694,47.69344096252417,15.717749608667628,53555,7.020860906283481,28.190261307587367
48349,Texas,Navarro,54711,49.487306026210454,50.58763319990496,42.422913125331284,16.678547275684963,63111,4.428662623683371,18.229076914239762
48351,Texas,Newton,12093,25.81658810882329,49.12759447614322,32.63044736624494,23.4763913007525,42618,8.26478652565609,6.805633802816901
48353,Texas,Nolan,14454,46.22249896222499,49.07983949079839,39.38702089387021,19.530925695309257,50747,5.9844404548174746,16.04990484246141
48355,Texas,Nueces,352955,70.69144791828987,50.31434602144749,40.22665778923659,16.085903302120666,66897,5.158097495925322,23.807860262008735
48357,Texas,Ochiltree,9786,60.68873901491927,49.97956264050685,46.33149397097895,11.690169630083794,70183,0.2846106932303314,20.697204445941395
48359,Texas,Oldham,2249,37.661182747887956,44.464206313917295,48.110271231658515,11.738550466874166,79900,1.7201834862385321,21.41732283464567
48361,Texas,Orange,85307,23.232560047827256,50.72854513697586,39.45514436095514,16.14052774098257,72104,6.028748660970081,17.709891424850863
48363,Texas,Palo Pinto,29295,26.987540535927636,50.93701996927803,36.494282300733914,20.508619218296637,67674,6.099159534274038,17.812902586463185
48365,Texas,Panola,22726,28.86561647452257,49.95599753586201,36.39443808853296,20.298336706855583,64894,2.478675363773206,17.033603707995365
48367,Texas,Parker,165168,20.861183764409574,49.900707158771674,37.52785043107624,15.95648067422261,104443,3.9763364118128255,32.33455948001857
48369,Texas,Parmer,9731,69.5714726132977,47.04552461206453,42.81163292570137,15.640735792827048,69735,2.648440837249039,16.947232113952733
48371,Texas,Pecos,14896,77.9001074113856,43.91783029001074,39.72878625134264,13.715091299677766,72750,2.5539965316096485,14.06537976525366
48373,Texas,Polk,52800,29.09090909090909,46.20643939393939,32.691287878787875,19.130681818181817,62259,8.078364403965656,16.17025715925095
48375,Texas,Potter,115975,57.78486742832507,48.637206294460015,42.77301142487605,14.322914421211468,53249,3.832806354592427,18.565996156998697
48377,Texas,Presidio,5930,81.77065767284992,46.23946037099494,38.31365935919056,19.51096121416526,43802,6.704980842911877,28.02043422733078
48379,Texas,Rains,12775,18.17612524461839,49.07240704500978,30.637964774951076,24.65753424657534,65413,3.257153140183552,20.87866108786611
48381,Texas,Randall,146070,33.544875744506065,50.716779626206616,40.217019237351955,15.891695762305744,83864,2.9092274428059093,33.683667680882884
48383,Texas,Reagan,3232,77.87747524752476,48.36014851485149,49.96905940594059,10.272277227722773,57813,4.96850944716585,13.592233009708737
48385,Texas,Real,2802,20.949321912919338,48.46538187009279,29.800142755174875,37.901498929336185,39605,0,21.122599704579027
48387,Texas,Red River,11611,27.172508827835674,49.8923434674016,31.2634570665748,25.837567823615537,48491,2.041250265787795,15.416274694261526
48389,Texas,Reeves,12664,88.4317751105496,42.7037271004422,44.04611497157296,12.594756790903348,64297,2.3565389458535706,7.3979916105249774
48391,Texas,Refugio,6707,59.38571641568511,50.916952437751604,35.798419561652004,22.528701356791412,60181,4.508912967493883,14.014447884416924
48393,Texas,Roberts,832,10.9375,50.60096153846154,35.69711538461539,17.78846153846154,67868,0.5128205128205128,20.508166969147005
48395,Texas,Robertson,17167,45.179705248441785,50.614551173763616,36.45366109395934,20.83066348226248,72236,7.924625709860609,22.038054968287526
48397,Texas,Rockwall,123617,37.028078662319906,50.20425993188639,40.04708090311203,12.630139867493954,127981,4.293739363544631,44.4904159668017
48399,Texas,Runnels,9874,39.993923435284586,49.25055701843225,35.85173182094389,21.399635406117074,62632,4.902368093061903,19.13336261162348
48401,Texas,Rusk,52842,38.57537564815866,47.093221301237655,37.84111123727338,17.45770409901215,68658,4.458088627869728,17.53078953155927
48403,Texas,Sabine,10023,15.474408859622867,49.91519505138182,26.818317868901527,30.53975855532276,66585,4.729038854805726,14.322316167050985
48405,Texas,San Augustine,7874,31.88976377952756,51.981203962407925,30.391160782321563,26.80975361950724,50408,9.51061865189289,13.769751693002258
48407,Texas,San Jacinto,28441,31.169790091768924,49.56928378045779,34.299075278647024,21.553391230969375,65364,6.766352017375324,16.221612178687298
48409,Texas,San Patricio,70181,62.14360011969051,49.22272409911515,40.57508442455936,15.441501261025063,69704,4.4749403341288785,17.532439352514864
48411,Texas,San Saba,5696,37.37710674157303,47.436797752808985,36.850421348314605,22.524578651685392,55819,3.091944670463792,24.005819592628516
48413,Texas,Schleicher,2381,58.16883662326753,53.21293574128517,32.71734565308694,22.889542209155817,86694,5.444126074498567,18.372093023255815
48415,Texas,Scurry,16488,51.01892285298399,47.992479378942264,41.71518680252305,15.550703541969918,60039,2.4369016536118364,12.99918129718912
48417,Texas,Shackelford,3175,18.83464566929134,51.08661417322835,34.89763779527559,20.094488188976378,73047,7.471264367816092,34.125935711140464
48419,Texas,Shelby,24155,40.26909542537776,50.527841026702546,39.79714344856137,18.45166632167253,49776,4.068604097189137,15.093746067698502
48421,Texas,Sherman,2295,47.88671023965142,46.1437908496732,40.3921568627451,18.387799564270153,61250,1.929530201342282,30.221932114882506
48423,Texas,Smith,241740,42.5345412426574,51.570282121287335,40.29329031190535,17.439397700008275,74192,4.448894380299093,28.589342083920794
48425,Texas,Somervell,9691,23.12454855020122,49.67495614487669,31.56536993086369,20.08048704984006,79825,3.168237417284941,29.299638989169672
48427,Texas,Starr,66067,97.71444140039657,51.1662403317844,51.04969197935429,11.380870934051796,37639,10.440731187619155,13.57832199790317
48429,Texas,Stephens,9351,31.772002994332162,44.71179552988985,34.74494706448508,20.36145866752219,58008,5.448871819491119,17.218852076528233
48431,Texas,Sterling,1468,37.19346049046322,51.566757493188014,46.93460490463215,15.66757493188011,64954,2.142857142857143,24.492234169653525
48433,Texas,Stonewall,1227,21.760391198044005,49.877750611246945,31.866340668296658,27.95436022819886,56875,3.565365025466893,16.86320754716981
48435,Texas,Sutton,3277,68.14159292035397,53.738175160207504,42.02014037229173,19.255416539517853,78906,1.878787878787879,18.31230969986951
48437,Texas,Swisher,6937,58.483494305895924,43.203113737927055,38.633415020902405,16.24621594349142,36165,4.293628808864266,15.469018932874354
48439,Texas,Tarrant,2167390,57.97138493764389,50.879352585367656,42.169060482884944,12.31384291705692,84207,4.703530437610943,34.77146185981786
48441,Texas,Taylor,145863,39.04005813674475,50.744877042156,45.94173985177872,14.95375797837697,67139,2.5913129318854886,29.277405395759676
48443,Texas,Terrell,835,49.221556886227546,47.18562874251497,22.275449101796408,37.964071856287426,44886,0,26.865671641791046
48445,Texas,Terry,11629,62.309742884168884,45.326339324103536,42.65199071287299,16.183678734198985,44100,4.471873735329826,9.841141626278944
48447,Texas,Throckmorton,1639,15.619280048810246,55.70469798657718,35.204392922513726,26.47956070774863,59216,8.251231527093596,22.421142369991475
48449,Texas,Titus,31363,57.625227178522465,50.24710646302969,43.822338424257886,15.186684947230813,58425,3.086119413359283,16.306402984311923
48451,Texas,Tom Green,119577,48.60550105789575,50.01128979653278,41.26295190546677,16.972327454276325,68370,3.657184435743737,25.46680234037141
48453,Texas,Travis,1330015,53.10293492930531,48.93689168919148,38.61618102051481,11.007770589053507,99611,4.556961392028257,56.56094906977361
48455,Texas,Trinity,14046,23.102662679766482,51.11775594475296,31.46091413925673,27.160757511035172,52018,6.5151784129238415,16.789739603575594
48457,Texas,Tyler,20238,23.618934677339652,45.16256547089633,33.61498171756102,22.423164344302798,55396,7.068635493573968,12.408366399892394
48459,Texas,Upshur,42567,22.832240937815683,50.35356026969249,36.688044729485284,18.472055817887096,66208,5.801335559265443,18.21168257879068
48461,Texas,Upton,3191,57.4428078972109,51.394547163898466,35.03603885929176,19.147602632403636,49167,3.5266457680250785,8.705457825890843
48463,Texas,Uvalde,24881,74.43832643382501,50.13866002170331,43.70403118845706,16.47039909971464,53801,4.297566887293745,19.786646102435576
48465,Texas,Val Verde,47741,84.62956368739658,48.342095892419515,46.720847908506315,13.923043086655076,66100,5.9443631039531475,22.533030553261767
48467,Texas,Van Zandt,62649,19.759293843477156,51.08780666890134,35.36369295599291,20.353078261424763,69475,3.473491773308958,19.750062942024673
48469,Texas,Victoria,91413,57.6143436929102,50.769584194808175,40.65504906304355,17.09275485981206,70896,4.384551647946971,19.895609966920993
48471,Texas,Walker,80209,47.01716764951564,40.96049071799923,39.83468189355309,13.867521101123316,52324,8.903524820100012,21.57004428139996
48473,Texas,Waller,61552,61.85989082401871,50.17546139849233,48.64667273199896,11.604821939173382,80397,6.779604159677961,27.902526872643367
48475,Texas,Ward,11144,63.63065326633166,48.55527638190955,44.04163675520459,13.54989231873654,65952,2.9074074074074074,12.40845654276634
48477,Texas,Washington,36647,38.565230441782404,50.39975987120364,37.71932218189756,23.096024231178543,77825,2.9847332609068555,30.734850010066438
48479,Texas,Webb,269294,96.4232400276278,50.34200539187653,49.97252073941492,10.30138064717372,63058,5.489917891767162,21.37814799209153
48481,Texas,Wharton,41794,56.7019189357324,50.10288558166244,40.498636167870984,18.15810881944777,66924,4.862642871465811,20.732421160459502
48483,Texas,Wheeler,4862,31.48909913615796,48.56026326614562,36.11682435211847,20.67050596462361,60167,4.761904761904762,17.019400352733687
48485,Texas,Wichita,129996,37.4580756330964,48.193021323733035,42.55130927105449,15.389704298593802,63524,3.6912583379306887,25.06939337145026
48487,Texas,Wilbarger,12616,45.505707038681045,50.95909955611921,38.348129359543435,19.808180088776158,54102,9.289883268482491,17.24925748229381
48489,Texas,Willacy,20139,90.23784696360296,45.71726500819306,42.976314613436614,14.73260837181588,54180,7.525784880426159,14.049460225097619
48491,Texas,Williamson,672688,46.70947006636062,50.160103941203054,38.38971410222867,12.919510976857028,111340,3.8790050861643453,48.42771825968515
48493,Texas,Wilson,52781,45.2340804456149,49.63339080350884,36.18536973532142,17.125480760122013,94565,3.569995988768552,25.887989426730545
48495,Texas,Winkler,7454,68.43305607727395,47.26321438154011,44.15079152133083,12.516769519720954,86900,3.5959374142190503,10.62553556126821
48497,Texas,Wise,75005,27.134191053929733,49.48736750883275,37.85880941270582,15.542963802413173,93421,5.308423086083252,22.15121423655491
48499,Texas,Wood,46961,19.437405506697047,49.9116287983646,31.03852132620685,27.58459146951726,60300,6.263406263406264,21.53970732835907
48501,Texas,Yoakum,7571,68.98692378813895,46.915863162065776,48.448025359926035,12.825254259675075,84925,6.862745098039215,20.09205983889528
48503,Texas,Young,18029,24.887680958455817,47.84513838815242,36.74080647845138,21.22691219701592,68010,3.53895036704284,23.987886515779408
48505,Texas,Zapata,13841,95.21710859041977,50.48768152590131,48.276858608482044,14.088577414926666,39239,7.349329302852825,15.179233621755253
48507,Texas,Zavala,9412,93.95452613684658,47.43943901402465,46.15384615384615,15.692732681682958,36749,3.9690721649484537,11.088082901554404
49001,Utah,Beaver,7273,16.37563591365324,47.73820981713186,43.984600577478346,15.261927677712086,79360,1.6682707731793391,23.480176211453742
49003,Utah,Box Elder,61246,14.554419880481994,48.767266433726284,46.20383371975313,13.004930934265095,84550,3.2476826608505998,26.698398961488536
49005,Utah,Cache,140046,18.68957342587435,49.802921897090954,55.963754766291075,9.994573211659027,81665,2.594535668052054,42.2310265409081
49007,Utah,Carbon,20517,18.1118097187698,49.87571282351221,39.455086026222155,19.393673539016426,58377,5.888876566485528,18.793332349904116
49009,Utah,Daggett,783,9.195402298850574,40.61302681992337,29.50191570881226,21.0727969348659,66000,6.6455696202531644,17.615658362989322
49011,Utah,Davis,370924,20.14617549686728,49.31738037980826,46.432153217370676,11.028674337600155,110884,2.729893386596118,39.25072998240899
49013,Utah,Duchesne,20185,15.209313846916029,49.57146395838494,45.73693336636116,13.044339856328957,78445,4.309855960077123,18.470597992867212
49015,Utah,Emery,10046,11.148715906828588,49.23352578140553,41.37965359347004,18.614373880151305,74291,3.58974358974359,18.289085545722713
49017,Utah,Garfield,5219,10.327648974899406,47.28875263460433,36.17551255029699,22.41808775627515,61875,4.089657884388518,28.324154209284032
49019,Utah,Grand,9754,22.360057412343657,49.087553824072174,35.29833914291573,20.07381587041214,67106,1.6046681254558717,37.48925193465176
49021,Utah,Iron,62252,16.95527854526763,49.98232988498361,49.6465976996723,13.806785324166292,66247,3.9253943582790436,31.63551664140989
49023,Utah,Juab,12586,9.31987923089147,47.82297791196567,49.1816303829652,12.410614969013189,101786,2.204928664072633,20
49025,Utah,Kane,8170,12.558139534883717,48.83720930232558,31.872705018359852,24.700122399020806,77092,3.689738755723135,28.757846052196896
49027,Utah,Millard,13315,18.63312054074352,48.666917010889975,45.362373263236954,17.13105520090124,73639,5.532258064516129,24.32399061612545
49029,Utah,Morgan,12802,7.897203561943444,48.015935010154664,47.242618340884235,12.357444149351664,130929,2.3175542406311638,38.36623553437713
49031,Utah,Piute,1694,9.445100354191261,48.878394332939784,34.946871310507674,29.929161747343567,48393,5.864661654135339,19.61970613656007
49033,Utah,Rich,2631,8.171797795515012,46.97833523375142,37.8563283922463,21.094640820980615,79009,0,24.390243902439025
49035,Utah,Salt Lake,1196523,33.38606946962156,49.41258964516353,43.539071125252086,11.881510008583204,97494,3.817111342972127,39.3500626899402
49037,Utah,San Juan,14483,55.18884209072705,49.34751087481875,43.89283988124007,16.219015397362426,64481,12.48571894891464,20.473064735174287
49039,Utah,Sanpete,29719,16.292607422860794,46.77479053803964,45.37837746895925,14.620276590733202,70083,5.109489051094891,22.936083383885734
49041,Utah,Sevier,22085,9.110255829748704,48.806882499434,42.24134027620557,16.961738736699118,74884,4.3726610202875715,22.763185991885543
49043,Utah,Summit,42970,17.060740051198508,48.703746800093086,37.14451943216197,15.28508261577845,138114,1.7716286328932382,59.82743392893539
49045,Utah,Tooele,79347,22.177271982557624,49.017606210694794,47.03391432568339,9.169848891577502,106587,3.5844863431070326,22.94443739156193
49047,Utah,Uintah,37056,20.021049222797927,49.43059153713299,45.83873056994819,11.941386010362693,73746,5.9718755707067634,16.76878716885925
49049,Utah,Utah,705400,22.393819109724976,49.25092146299971,56.997590019846896,7.894244400340233,100671,3.757583754614854,44.386255103779135
49051,Utah,Wasatch,36642,19.36302603569674,48.45259538234812,42.66688499536051,13.560940996670487,117608,2.015193078708588,51.34212024346455
49053,Utah,Washington,196431,18.72667756107743,50.17385239600674,39.77783547403414,22.299433388823555,80632,3.6024046107169845,35.220034075734084
49055,Utah,Wayne,2584,9.287925696594424,48.56811145510836,32.6625386996904,25.541795665634673,76607,2.142857142857143,27.712684666327053
49057,Utah,Weber,269648,26.030973713878836,49.35211831721355,44.25473209517593,12.41210763662256,90005,3.004177344051673,28.490546255198684
50001,Vermont,Addison,37664,10.43171197960917,50.05575615972812,34.12807986406117,22.567969413763805,89639,3.7657908641145106,43.57021677662583
50003,Vermont,Bennington,37269,9.248973677855588,51.07461965708766,32.00246853953688,24.384877512141458,73325,4.406305482326357,41.830886974525825
50005,Vermont,Caledonia,30475,8.07219031993437,49.532403609515995,31.94749794913864,23.091058244462673,69970,2.184769038701623,33.242299426934096
50007,Vermont,Chittenden,169758,14.541288186712853,51.089786637448604,39.730086358227595,16.914666760918482,96759,3.2411801930074353,56.774693642927446
50009,Vermont,Essex,5982,7.405549983283189,49.364760949515215,27.54931461049816,27.599465061852225,59294,4.787234042553192,21.529745042492916
50011,Vermont,Franklin,50638,8.104585489158344,49.86373869426123,35.04482799478652,17.73569256289743,81313,3.163145761687011,30.196035059584702
50013,Vermont,Grand Isle,7450,9.771812080536913,47.61073825503356,27.71812080536913,23.55704697986577,97396,3.0591775325977935,44.04244216385458
50015,Vermont,Lamoille,26148,8.409821018815967,49.85084901330886,33.47483555147621,18.712712253327215,74908,3.2818026988078084,44.274809160305345
50017,Vermont,Orange,29761,7.241020127011866,50.07896240045697,30.1468364638285,23.571116561943484,82232,2.3117076808351977,38.3886894075404
50019,Vermont,Orleans,27606,7.328117075997975,49.27551981453307,31.88437296239948,23.92595812504528,70103,5.281840124946756,30.473241928350287
50021,Vermont,Rutland,60425,7.3082333471245375,50.15473727761688,30.601572196938353,24.71328092676872,68616,4.085263511245384,35.252117610537056
50023,Vermont,Washington,60017,8.949131079527472,50.174117333422195,31.604378759351516,21.602212706399854,83449,2.726331180699403,48.11520924563225
50025,Vermont,Windham,45923,9.929664873810506,50.419179931624676,30.087320079263115,25.57977484049387,72217,4.758187122488392,44.02159638114694
50027,Vermont,Windsor,57990,7.8548025521641645,50.653560958785995,29.329194688739438,25.513019486118296,77594,4.370945087285132,42.945049954586736
51001,Virginia,Accomack,33335,41.92590370481476,50.91345432728364,32.31138443077846,25.708714564271787,58993,3.397321723068804,21.714756801319044
51003,Virginia,Albemarle,114919,26.561317101610705,51.968778008858415,37.357617104221234,20.4222104264743,104392,3.4028445788099493,61.11820561125791
51005,Virginia,Alleghany,14859,9.03829329026179,50.38024093142204,31.381654216299886,26.28036880005384,56188,2.277227722772277,14.648702414323175
51007,Virginia,Amelia,13462,27.90075768830783,50.72054672411232,32.97429802406775,22.180953795869854,76717,3.782101167315175,18.591434950274
51009,Virginia,Amherst,31485,26.266476099730028,51.63728759726854,33.91456249007464,21.78497697316182,68724,4.65482200222907,24.694278318307596
51011,Virginia,Appomattox,16610,23.666465984346775,51.06562311860325,34.79831426851295,21.125827814569536,62853,5.1194539249146755,19.198024859526647
51013,Virginia,Arlington,236254,42.037383494036085,49.67196322601945,38.969075655861914,11.903713799554717,142114,3.2980949968672095,77.07945268483385
51015,Virginia,Augusta,78033,12.020555406046164,48.76526597721477,31.450796457908833,22.587879486883754,82049,2.417914203044408,25.078283134093386
51017,Virginia,Bath,4100,8.14634146341463,50.24390243902439,26.829268292682926,27.24390243902439,56184,1.321079839172889,16.68777707409753
51019,Virginia,Bedford,80894,14.967735555170968,50.68484683660098,31.748955423146338,23.26501347442332,78937,3.0680405965202984,33.68621246802208
51021,Virginia,Bland,6199,7.0817873850621105,44.71688982093886,25.600903371511535,24.939506371995485,61216,2.2920203735144313,18.357487922705314
51023,Virginia,Botetourt,34004,9.560639924714742,50.41759792965534,29.99353017292083,24.32654981766851,81213,2.4016793233314813,28.482911042702657
51025,Virginia,Brunswick,15841,58.746291269490555,46.41121141342087,30.97026702859668,22.340761315573513,53084,3.3413563641512107,16.586816454650585
51027,Virginia,Buchanan,19415,6.798866855524077,48.12258562966778,29.060005150656707,23.86299253154777,42886,3.8578317556706554,11.456167415654974
51029,Virginia,Buckingham,16976,39.137606032045234,44.091658812441096,30.549010367577758,20.829406220546655,60828,4.734256364448415,14.508094645080947
51031,Virginia,Campbell,55312,23.170378941278567,51.354136534567544,33.396008099508244,21.281096326294474,66165,3.70569858881827,26.096442295772903
51033,Virginia,Caroline,32098,38.824848900243005,49.766340581967725,35.805969219266,16.68016698859742,87407,5.2587695789410995,21.84803662616658
51035,Virginia,Carroll,29157,6.831978598621258,50.46129574373221,29.742428919298966,26.15495421339644,54484,5.544991252757283,16.907665110375778
51036,Virginia,Charles City,6627,55.39459785725065,50.384789497510184,25.60736381469745,26.889995473064737,75417,3.904170363797693,17.261110051497234
51037,Virginia,Charlotte,11422,31.798284013307654,49.30835230257398,34.153388198213975,22.728068639467693,58000,2.394731590500898,20.044215180545322
51041,Virginia,Chesterfield,377869,43.56351010535398,51.65096898660647,37.829512344225115,16.098436230545506,101931,4.639563100748927,43.786202135170235
51043,Virginia,Clarke,15216,18.020504731861198,52.3527865404837,30.711093585699263,23.021819137749738,117111,2.709883103081828,39.8125
51045,Virginia,Craig,4856,4.48929159802306,47.28171334431631,32.80477759472817,18.842668863261945,69057,2.1706956092747904,19.150779896013866
51047,Virginia,Culpeper,54397,35.65453977241392,50.03217089177712,38.31645127488648,16.63694689045352,100049,2.5861112138813867,27.345512573598196
51049,Virginia,Cumberland,9818,35.933998777755136,49.53147280505195,31.055204726013443,23.548584233041353,55325,3.28879753340185,20.86587203726538
51051,Virginia,Dickenson,13733,2.563169008956523,48.787591931843004,30.51044928274958,24.590402679676693,47254,2.2580645161290325,10.070532915360502
51053,Virginia,Dinwiddie,28191,37.8063921109574,50.129473945585474,32.99989358305842,19.208257954666383,83704,4.602068819928225,19.361160101900843
51057,Virginia,Essex,10623,46.785277228654806,55.765791207756756,30.236279770309704,24.249270450908405,56520,3.858232391206819,16.581632653061224
51059,Virginia,Fairfax,1147837,53.20607368467822,50.062334634621465,37.54365820234057,14.979043191672686,153637,4.244617526172814,64.98564327004567
51061,Virginia,Fauquier,74577,25.188731110127783,50.24605441355914,35.88639929200692,17.167491317698484,130189,2.8573582629674306,41.684239300218685
51063,Virginia,Floyd,15593,7.830436734432123,50.381581478868725,30.28281921374976,24.42121464759828,62191,3.557862750063307,24.370611406062682
51065,Virginia,Fluvanna,28092,25.049836252313828,53.919265271251604,32.68902178556173,21.703687882671222,96768,4.202990998653342,37.282514659232916
51067,Virginia,Franklin,55130,14.369671685107932,50.827135860692906,31.251587157627426,24.605477961182658,68849,2.357009420088239,25.148156413498974
51069,Virginia,Frederick,95008,22.550732569888854,49.78001852475581,35.68962613674638,18.767893230043786,97606,4.237704918032787,31.869090034426257
51071,Virginia,Giles,16557,6.293410642024522,50.993537476596,32.445491332970946,21.634354049646674,65691,2.1484375,17.628099173553718
51073,Virginia,Gloucester,39526,17.492283560188227,50.07842938825077,31.407175024034814,20.91534686029449,84306,2.9666385135135136,25.265436552932684
51075,Virginia,Goochland,26410,22.434683831881863,49.86747444149943,27.38356683074593,25.1230594471791,118931,1.655912306615875,45.843816289280255
51077,Virginia,Grayson,15287,12.762477922417737,47.11192516517302,28.926538889252306,26.002485772224766,47730,3.5867061533399145,15.46575925138239
51079,Virginia,Greene,21155,21.21484282675491,50.943039470574334,35.47151973528717,19.50839045142992,89808,1.8050862528899163,31.538049303322612
51081,Virginia,Greensville,11275,64.78048780487805,35.55654101995565,31.716186252771617,16.301552106430155,54668,6.305858987090367,14.69256434699714
51083,Virginia,Halifax,33639,40.56898243110675,51.81485775439222,33.21145099438152,25.642855019471448,52013,4.244031830238727,19.65818988537858
51085,Virginia,Hanover,112879,19.321574429256106,50.489462167453645,34.60076719318917,19.19931962543963,112805,2.7227434055954545,42.70322100402468
51087,Virginia,Henrico,335744,50.52212399923752,52.34821768966832,36.248451200914985,16.952797369424324,88783,3.8801449510519768,46.50941198890465
51089,Virginia,Henry,49980,32.2609043617447,51.936774709883956,31.460584233693478,24.875950380152062,50760,4.061931632700648,15.472880893976559
51091,Virginia,Highland,2296,5.09581881533101,54.79094076655052,25.174216027874564,34.75609756097561,65625,11.946050096339114,30.835240274599542
51093,Virginia,Isle of Wight,39974,31.240306199029366,50.32771301345875,32.92890378746185,20.080552359033373,95241,3.8849212379071063,30.808326951194044
51095,Virginia,James City,81013,28.260896399343316,51.68800069124708,30.869119770900966,26.985792403688297,109985,2.746387047701836,51.04788411240024
51097,Virginia,King and Queen,6695,33.756534727408514,50.679611650485434,28.28976848394324,23.808812546676624,70469,5.1509769094138544,18.61126920887877
51099,Virginia,King George,27896,31.20877545167766,49.25795813019788,38.45354172641239,14.292371666188702,116884,3.712004482420507,34.70531710442024
51101,Virginia,King William,18593,23.648684988974345,51.02457914268811,37.040821814661435,16.828914107459795,86056,2.2936233316856156,22.95758502101643
51103,Virginia,Lancaster,10936,32.58046817849305,52.194586686174105,23.628383321141186,39.90490124359912,69713,9.549071618037136,41.27055643162875
51105,Virginia,Lee,21900,8.415525114155253,46.8310502283105,30.28767123287671,23.123287671232877,41827,9.52061232711159,14.077846489632595
51107,Virginia,Loudoun,432998,49.00877140310117,49.93579647019155,39.270620187622114,10.830073118120637,181765,3.308309413409877,64.55172899499965
51109,Virginia,Louisa,39980,23.911955977988995,49.959979989995,31.628314157078538,21.020510255127565,86689,5.840579710144928,29.658516735053748
51111,Virginia,Lunenburg,12016,42.57656458055925,46.54627163781625,30.767310252996005,23.244007989347537,54842,3.5622317596566524,11.603591317195136
51113,Virginia,Madison,14044,16.22045001424096,51.11079464540017,32.12759897465109,23.205639418968953,84323,4.330708661417323,27.008160456198997
51115,Virginia,Mathews,8540,15.398126463700235,50.40983606557377,24.988290398126463,33.313817330210775,75880,4.448742746615087,28.398384925975773
51117,Virginia,Mecklenburg,30516,39.700484991479875,51.06173810460086,30.43976930135011,26.923581072224408,57045,2.6174095124139996,20.68197694725812
51119,Virginia,Middlesex,10847,22.374850188992347,50.03226698626348,26.320641652069696,34.14769060569743,75060,2.8808380619816676,33.82963988919668
51121,Virginia,Montgomery,99101,19.119887791243272,48.209402528733314,49.64127506281471,14.084620740456705,72715,2.930192473427176,48.83542997455561
51125,Virginia,Nelson,14732,20.228074938908502,49.368721151235405,28.305729025251154,29.58865055661146,72589,3.2934573918180474,36.25267284390591
51127,Virginia,New Kent,25105,24.333798048197576,47.88289185421231,31.79047998406692,18.466440948018324,123314,2.2683611644746566,38.36701697655619
51131,Virginia,Northampton,12059,44.06667219504104,51.30607844763247,28.435193631312714,29.372253088979186,61632,3.339024852969076,31.969448990725585
51133,Virginia,Northumberland,12188,31.678700361010826,52.33016081391533,23.39186084673449,38.03741384968822,66480,3.829691371930615,33.60369609856263
51135,Virginia,Nottoway,15597,45.89985253574406,45.54080912996089,34.39122908251587,18.792075399115216,63261,2.8422084286180986,14.07079646017699
51137,Virginia,Orange,37822,25.149383956427474,50.01586378298345,34.32922637618317,20.36116545925652,94008,3.3566810344827585,29.550242063638716
51139,Virginia,Page,23727,8.024613309731532,50.339275930374676,32.3007544148017,22.278416993298773,57037,5.517117440920119,15.245092411893008
51141,Virginia,Patrick,17512,10.878254910918228,49.78300593878483,27.209913202375514,27.60963910461398,53038,2.5046137621935145,15.116192738881876
51143,Virginia,Pittsylvania,59856,26.77927024859663,50.242248062015506,30.43638064688586,24.51383319967923,54085,4.684926259337292,16.103095546522535
51145,Virginia,Powhatan,31555,15.259071462525753,48.25859610204405,30.289969893836158,19.828870226588496,110537,3.648837350494809,34.97433308087183
51147,Virginia,Prince Edward,21996,40.04364429896344,48.83160574649936,46.89034369885434,17.116748499727223,56315,1.544487968662563,27.2713130056005
51149,Virginia,Prince George,43146,48.60705511519029,43.75144856997172,45.0354609929078,13.204005006257823,84897,5.208771402823671,24.96270150285652
51153,Virginia,Prince William,488880,62.12772050400916,49.76845033546064,41.52675503190967,11.307069219440354,131402,4.799150875564466,44.92403041945327
51155,Virginia,Pulaski,33687,10.683646510523348,50.21224804820851,30.721049663074776,22.884198652299105,62028,3.2068062827225132,20.800631039242752
51157,Virginia,Rappahannock,7427,17.624882186616396,50.15484044701764,26.834522687491585,27.84435168978053,83380,9.198176454813623,33.321696631174724
51159,Virginia,Richmond,9095,39.92303463441451,43.36448598130841,29.114898295766906,20.835623969213852,66304,2.4892703862660945,16.90324449594438
51161,Virginia,Roanoke,97023,17.74527689310782,51.6454861218474,32.89632355214743,22.12671222287499,83709,2.7500774233508825,37.146974470550006
51163,Virginia,Rockbridge,22531,10.629798943677605,50.3439705294927,29.142070924504015,27.442190759398162,65469,3.859846355630504,32.766506391462414
51165,Virginia,Rockingham,85600,15.608644859813081,50.504672897196265,36.929906542056074,20.075934579439252,80693,2.7254243483425857,29.026440262701193
51167,Virginia,Russell,25538,3.3871094055916706,50.54037121152792,31.15749079802647,23.623619703970554,50012,3.613700638944171,13.06320565579825
51169,Virginia,Scott,21479,4.609153126309417,49.06187438893803,30.015363843754365,25.28516225150147,46349,2.8345092214382968,15.620753551575046
51171,Virginia,Shenandoah,44925,16.12465219810796,50.488592097941016,34.0189204229271,22.439621591541457,67191,4.767088492765455,21.594270590066948
51173,Virginia,Smyth,29420,6.624745071380012,50.75798776342624,32.34534330387491,22.984364377974167,49883,3.0531226978800032,16.805247597930524
51175,Virginia,Southampton,17964,39.56802493876642,48.62502783344467,29.9209530171454,22.038521487419285,70795,5.475817151127729,20.120589548905762
51177,Virginia,Spotsylvania,146603,39.0469499259906,50.40483482602675,38.84572621296972,15.157943561864355,112738,5.0652410293584635,34.94612767336358
51179,Virginia,Stafford,163466,48.49815863849363,49.44208581601067,41.38842328068222,11.407876867360796,137807,3.715166535694856,43.83447544769621
51181,Virginia,Surry,6549,46.06810200030539,49.51901053595969,28.431821652160636,25.515345854328906,78041,4.992526158445441,27.058823529411764
51183,Virginia,Sussex,10765,59.294008360427306,41.58848118903855,33.34881560613098,19.182535996284255,63530,4.082538273796317,16.498647651831817
51185,Virginia,Tazewell,39624,7.250656167978997,49.59872804360993,32.81344639612356,23.75075711689885,47313,3.833538335383354,16.59700452803901
51187,Virginia,Warren,41531,18.660759432712915,49.35349497965375,35.08945125328068,17.242541715826732,84682,4.88086642599278,24.98209474438116
51191,Virginia,Washington,53926,5.93034899677336,50.018543930571525,30.72914735007232,24.743166561584392,64552,2.966345758248992,26.67328945734509
51193,Virginia,Westmoreland,18826,37.67661744396048,52.045044087963454,29.66641878253479,26.64931477743546,63398,7.309833024118738,22.530907070426448
51195,Virginia,Wise,35448,10.028774542992558,47.441322500564205,33.697246671180324,19.877002933874973,52943,8.222173627815438,15.766553909561024
51197,Virginia,Wythe,28188,7.105860649921958,51.22747268341138,31.850432808287213,22.25060309351497,57745,3.999385890842097,19.431462298241385
51199,Virginia,York,71005,33.81029504964439,50.32462502640659,36.960777410041544,17.80156327019224,109956,4.208901933492693,49.989699641547524
51510,Virginia,Alexandria,156976,50.88038935888288,51.46646621139537,33.11525328712669,12.9624910814392,119681,3.2970128681094244,66.16250911254305
51520,Virginia,Bristol,16849,15.543949195797968,50.83387738144697,32.844679209448636,23.6571903377055,50404,6.31633445508672,24.828655352480418
51530,Virginia,Buena Vista,6593,15.319278022144701,51.448505991202794,43.9557106021538,18.807826482633097,57833,1.4320642682500873,23.299779032654065
51540,Virginia,Charlottesville,45437,35.816625217333886,51.85421572727073,45.152628914761095,13.464797411800955,74824,3.697303379817546,62.45268735806208
51550,Virginia,Chesapeake,252583,46.21371984654549,50.921479276119136,38.43489070919262,14.568280525609403,95373,4.914959582769201,36.88765179233117
51570,Virginia,Colonial Heights,18352,34.8245422842197,52.4411508282476,37.02048823016565,18.330427201394944,76505,3.581991455800197,28.040057224606578
51580,Virginia,Covington,5680,20.862676056338024,53.397887323943664,36.88380281690141,19.806338028169016,41944,2.750965250965251,9.481635842667362
51590,Virginia,Danville,42214,61.223764627848574,53.7878428957218,37.55862983844222,21.116217368645472,44423,5.555861461373272,19.637815878262067
51595,Virginia,Emporia,5547,81.66576527852894,53.5063998557779,42.978186407066886,18.171984856679288,51899,2.9474583511319947,16
51600,Virginia,Fairfax,25026,48.8531926796132,50.78318548709342,40.84152481419324,14.057380324462558,132348,3.2681645754304056,62.35841547786689
51610,Virginia,Falls Church,14710,31.985044187627466,49.428959891230456,36.67573079537729,15.39768864717879,143262,4.976133651551312,80.53254437869822
51620,Virginia,Franklin,8250,62.25454545454545,53.842424242424244,40.4969696969697,18.593939393939394,63245,7.926136363636363,27.311751028438565
51630,Virginia,Fredericksburg,28873,45.32261974855402,52.304921553008,47.712395663768916,11.429363072766945,86071,5.059431202937333,46.13359281094385
51640,Virginia,Galax,6726,23.208444840915853,55.69432054713054,35.994647636039254,21.082366934284863,38675,5.093378607809847,19.072164948453608
51650,Virginia,Hampton,137557,64.75715521565606,52.07005096069266,40.02268150657546,16.692716473898095,69621,6.339563628708479,28.52693098133242
51660,Virginia,Harrisonburg,51392,39.20065379825653,51.381537982565376,56.051525529265255,10.528876089663761,62254,6.855545200372786,37.45142235348982
51670,Virginia,Hopewell,22959,59.34056361339779,53.46487216342175,40.64201402500109,15.087765146565618,54729,9.240265044930561,13.72783422992628
51678,Virginia,Lexington,7525,21.76744186046512,46.67109634551495,59.44186046511628,16.916943521594686,84517,0.6377979187646862,50.6979506979507
51680,Virginia,Lynchburg,79497,40.12226876485905,53.15420707699661,52.03089424758167,14.32884259783388,57947,5.33076261691983,38.48702621622226
51683,Virginia,Manassas,42976,66.67907669396872,49.080882352941174,43.135703648548024,10.56403574087863,113590,3.7950421671351906,32.67900878835903
51685,Virginia,Manassas Park,16798,73.62781283486129,49.31539468984403,40.117871175139896,10.382188355756638,103250,5.541662498749625,26.89673574668683
51690,Virginia,Martinsville,13658,58.346756479718856,53.46317176746229,41.14072338556158,16.73012154048909,46727,2.908844917977338,22.055674518201286
51700,Virginia,Newport News,184216,60.75476614409172,51.45481391410084,42.922981717114695,14.068267685760194,69634,5.768286696121748,30.63693047959175
51710,Virginia,Norfolk,233596,58.822925050086475,49.3424544940838,45.085104196989676,13.031045052141303,66109,5.695042609731513,33.465699208443276
51720,Virginia,Norton,3577,8.442829186469103,52.08275090858261,33.268101761252446,21.274811294380765,41495,3.8297872340425534,13.670785173375846
51730,Virginia,Petersburg,33537,85.63377761874943,54.846885529415275,40.56117124370099,16.79935593523571,50698,10.046656298600311,25.395148153040108
51735,Virginia,Poquoson,12639,12.675053406123904,49.21275417358968,33.309597278265684,19.574333412453516,120972,3.1731502669717773,36.267921146953405
51740,Virginia,Portsmouth,97190,64.60026751723429,52.09589463936619,40.29118222039305,15.471756353534314,60491,6.554905091360653,24.318295625256066
51750,Virginia,Radford,16726,19.078082027980393,55.71565227789071,61.40141097692216,9.571923950735382,57348,8.101491208546628,37.93379604911906
51760,Virginia,Richmond,229359,58.62599679977677,52.57740049442141,39.864143111890094,14.058310334453848,64587,5.727718132567301,45.63515179014882
51770,Virginia,Roanoke,98355,44.74505617406335,52.99374714046058,37.53240811346652,17.75812109196279,55378,5.613730714418489,30.034744937270126
51775,Virginia,Salem,25618,18.436255757670384,52.43188383168085,38.761808103677104,19.57998282457647,66725,3.5974606160357396,33.04510399626081
51790,Virginia,Staunton,25948,21.650994296284875,54.15060891012795,35.06243255742254,21.28873130877139,65581,5.278454166993952,37.71749702799092
51800,Virginia,Suffolk,98796,54.2248674035386,51.37758613709057,37.609822260010525,15.284019595935058,92666,4.9580393302993615,33.34367337292091
51810,Virginia,Virginia Beach,456349,41.15139947715455,50.976555224181496,37.79738752577523,15.89025066341769,92968,3.964497041420118,40.93551065596458
51820,Virginia,Waynesboro,22841,28.41381725843877,51.62646118821418,36.87229105555799,17.86699356420472,59994,5.0867846709056534,25.689719163676855
51830,Virginia,Williamsburg,15798,32.78896062792759,53.658690973540956,55.86783137105963,17.49588555513356,75604,6.821144098479363,45.80073030777256
51840,Virginia,Winchester,27913,38.64507577114607,50.70397305914807,40.91641887292659,16.73413821516856,63974,6.419685201732078,31.313345715043777
53001,Washington,Adams,20800,68.89903846153847,49.07211538461539,51.35096153846154,12.158653846153847,66136,3.594695207073057,15.709385170199667
53003,Washington,Asotin,22467,12.925624248898382,50.86126318600614,32.055904215070996,25.19695553478435,72283,5.012309207287051,24.66650497210769
53005,Washington,Benton,212905,35.39231112468002,49.59160188816608,41.13618750146779,15.873746506657898,89874,5.322937436141614,33.201626460150294
53007,Washington,Chelan,80172,35.01846031033279,49.62580452028139,36.42543531407474,20.916279998004292,82381,3.7353002939941202,31.175437967971913
53009,Washington,Clallam,77813,19.794892884222428,50.71260586277357,26.10874789559585,32.214411473661215,70370,5.091915272565358,31.55474834740494
53011,Washington,Clark,516959,27.518236455889156,50.37053228592596,37.33236098027116,16.650450035689484,97536,5.290067566546246,33.33779917661015
53013,Washington,Columbia,4014,18.759342301943192,50.224215246636774,29.546586945690084,29.322371699053313,71810,3.871319520174482,24.918247220405494
53015,Washington,Cowlitz,112360,20.367568529725876,50.091669633321466,35.79743681025276,19.784620861516554,76531,5.909544982665073,17.619638740404834
53017,Washington,Douglas,44366,42.084028309967096,48.086372447369605,39.05468151287022,18.43754226209259,80363,3.9030159668835007,21.492316983157753
53019,Washington,Ferry,7387,28.65845404088263,49.4246649519426,26.045756057939624,30.6348991471504,55614,12.458162885831165,15.192544399507648
53021,Washington,Franklin,98902,62.89660471982366,48.47121392893976,48.32561525550545,10.370872176497947,86714,5.425356402555099,21.089830888310434
53023,Washington,Garfield,2353,13.599660008499793,46.74883127921802,28.984275393115173,26.051848703782404,64884,6.269270298047276,31.7762399077278
53025,Washington,Grant,101799,50.796176779732605,48.81580369158833,44.75878937907052,14.560064440711598,73267,6.507669678503888,18.427965565261424
53027,Washington,Grays Harbor,77053,23.958833530167546,48.76902910983349,31.981882600288113,23.334587881068874,64414,7.006667082061187,18.150842131280676
53029,Washington,Island,86836,24.605002533511446,49.702888203049426,32.13183472292597,26.784973973927865,90551,4.3012953595134364,36.619587581021925
53031,Washington,Jefferson,33577,15.436161658277992,51.2493671263067,18.214849450516724,40.72132709890699,74048,6.648936170212766,43.926870271784814
53033,Washington,King,2287171,47.056953765153544,49.31270989357595,36.20197178085941,14.030389507387074,124746,4.835897847565011,56.72607171549268
53035,Washington,Kitsap,277881,27.366750515508443,48.68666803415851,35.622082834018876,19.65265707263181,104158,4.665661136249372,37.938958996895536
53037,Washington,Kittitas,47172,20.749597218689054,49.81768845925549,43.078521156618336,17.04400915797507,73804,6.292738521654185,36.99634926482902
53039,Washington,Klickitat,23411,21.23360813292896,48.7463158344368,29.191405749434026,25.10785528170518,71042,5.224315401048747,31.17872868917241
53041,Washington,Lewis,85154,20.100054019775936,49.69232214575945,34.43878150174977,21.385959555628627,74796,5.331524857843393,21.54430754552483
53043,Washington,Lincoln,11489,11.297763077726518,49.046914439899034,32.631212464096095,26.216380886064933,71512,7.7716098334655035,24.178632270625457
53045,Washington,Mason,67982,25.06104557088641,48.04948368685829,31.761348592274427,24.224059309817303,83270,6.572719060523939,21.901896716608224
53047,Washington,Okanogan,43425,37.59585492227979,48.64709268854347,34.139320667818076,23.198618307426596,63207,4.516996947275832,24.71453702222933
53049,Washington,Pacific,23994,20.56764191047762,51.00858547970326,23.822622322247227,33.01241977160957,67081,5.154535387093526,24.877616914904696
53051,Washington,Pend Oreille,14050,15.266903914590745,48.2846975088968,30.320284697508896,27.338078291814945,67436,6.0794044665012406,20.933589990375363
53053,Washington,Pierce,930319,38.61632407808504,49.792383042805746,39.071329296725104,14.78374622038247,99564,5.152582840039764,30.890997199408414
53055,Washington,San Juan,18478,14.801385431323732,50.57906699859292,20.629938305011365,36.02121441714471,84800,3.6644388107858954,53.92438070404172
53057,Washington,Skagit,131328,29.117933723196877,50.210922270955166,34.02016325536062,22.60827850877193,89263,4.873426947184297,30.19940611427545
53059,Washington,Skamania,12402,17.061764231575548,49.79035639412998,26.971456216739234,24.383164005805515,93265,5.189456342668863,29.820346772508877
53061,Washington,Snohomish,844430,38.02363724642658,49.577348033584784,36.004050069277504,14.774818516632521,111246,4.474953601472424,38.24152719980954
53063,Washington,Spokane,549056,19.145588063876907,50.079226891246066,37.62803794148502,17.398407448420564,78582,5.331866061110171,33.09084150510725
53065,Washington,Stevens,48067,16.20446460149375,49.74306696902241,32.03653234027503,25.33546924085131,69327,5.300226197820275,22.177661920994584
53067,Washington,Thurston,299067,30.46942658334085,50.854825172954556,35.268016865785924,18.748975981970595,96563,5.150520360410701,38.49867403727636
53069,Washington,Wahkiakum,4658,15.135251180764275,49.162730785744955,27.07170459424646,34.134821811936455,62653,3.475609756097561,21.849678681195865
53071,Washington,Walla Walla,62161,32.291951545181064,49.25113817345281,39.50226025964833,19.962677563102268,74202,6.2297952586206895,29.765748270421167
53073,Washington,Whatcom,230503,24.295562313722595,50.439256755877366,38.57476909194241,18.901272434632087,81784,4.7804395332536185,39.34128055465774
53075,Washington,Whitman,47003,26.468523285747715,49.53088100759526,54.92415377741846,11.90775056911261,55406,6.977855663533535,49.776167996093115
53077,Washington,Yakima,257152,60.64273270283723,49.868949104031856,45.3883306371329,14.49220694375311,70656,7.326149183364203,19.15087532753579
54001,West Virginia,Barbour,15424,9.485217842323657,50.71317427385892,36.670124481327804,21.109958506224068,51394,8.493328994467946,12.514156285390712
54003,West Virginia,Berkeley,129514,20.33448121438609,49.88804299149127,37.34345321741279,15.265531139490712,80815,4.738540423462847,25.10553679345894
54005,West Virginia,Boone,21026,2.905925996385428,49.98573195091791,33.1208979358889,22.144012175401883,57093,8.889169083343841,11.520127118644067
54007,West Virginia,Braxton,12208,13.540301441677594,48.85321100917431,30.766710353866316,24.926277850589777,50331,9.357923497267759,14.384161015095165
54009,West Virginia,Brooke,21805,7.585416188947491,50.50676450355423,31.699151570740657,25.191469846365514,54316,6.26343560680086,23.396696790277343
54011,West Virginia,Cabell,92739,11.244460259437773,51.09285198244536,40.05758095299712,20.00237224899988,55832,5.134170217666705,32.564841498559076
54013,West Virginia,Calhoun,6048,4.414682539682535,50.925925925925924,29.265873015873016,26.405423280423282,43980,8.906098741529526,10.108225108225108
54015,West Virginia,Clay,7835,3.216336949585197,49.44479897894065,33.694958519463945,22.437779195915763,42318,11.863173216885007,11.331234956489538
54017,West Virginia,Doddridge,7711,8.286862923096871,43.37958760212683,29.775645182207235,21.63143561146414,57401,5.731577073691705,13.913192657402643
54019,West Virginia,Fayette,39519,8.550317568764388,49.910169791745744,32.49070067562438,22.44743034995825,53194,5.553772070626003,15.842927202532087
54021,West Virginia,Gilmer,7288,21.459934138309556,40.95773874862788,32.61525795828759,18.22173435784852,47981,6.790402897238569,18.528916339135318
54023,West Virginia,Grant,10983,4.151871073477187,48.80269507420559,31.594282072293545,25.239005736137667,62361,3.2806561312262454,13.967237344500555
54025,West Virginia,Greenbrier,32386,8.275180633607116,51.160995491879206,31.735935280676834,24.473537948496265,48218,4.158297998958566,22.171170794870722
54027,West Virginia,Hampshire,23465,6.839974430002127,48.29320264223311,29.725122522906457,24.33837630513531,63116,9.020719311962472,18.297081032345318
54029,West Virginia,Hancock,28431,8.019415426822828,51.02177200942633,30.786817206570294,24.624529562801168,61466,8.424801919023043,19.882214369846878
54031,West Virginia,Hardy,14243,11.28273537878256,48.80994172576002,32.1280629080952,23.190339113950714,49272,7.333635129017655,15.659209900047596
54033,West Virginia,Harrison,64984,8.182014034223805,50.90945463498707,34.54850424719931,20.34654684229964,60377,4.002702246242189,27.202858926610833
54035,West Virginia,Jackson,27705,4.39270889731096,50.00902364194189,34.1238043674427,21.248872044757263,58845,5.1461881774296385,19.608537325510824
54037,West Virginia,Jefferson,59260,20.506243671954106,50.17549780627742,34.711441106986165,17.31690853864327,98806,3.857910486180379,33.871006514579676
54039,West Virginia,Kanawha,176537,14.07466989922792,51.39885689685448,33.58729331528235,22.12227465063981,60943,5.584000592205101,29.692119283301743
54041,West Virginia,Lewis,16740,10.017921146953402,50.03584229390681,34.7610513739546,21.0752688172043,56477,8.602150537634408,18.873144965204997
54043,West Virginia,Lincoln,19902,3.713194653803642,50.5074866847553,34.57943925233645,21.00291427997186,46205,5.940745265729994,8.144410489659583
54045,West Virginia,Logan,31418,4.366923419695712,50.203704882551406,33.9359602775479,22.426634413393597,49723,8.51063829787234,14.7233026874116
54047,West Virginia,McDowell,17943,13.531739396979326,46.70902301733266,30.490999275483475,21.852533021233906,31559,8.225530876250915,6.773234200743494
54049,West Virginia,Marion,55909,8.975299146827886,49.93113809941154,37.4626625409147,20.09694324706219,67370,4.7845303867403315,27.195993908262565
54051,West Virginia,Marshall,29865,7.081868407835257,49.013895864724596,31.156872593336683,23.756906077348066,59169,4.310665180230398,20.48642330516094
54053,West Virginia,Mason,25043,4.584115321646765,51.37563390967536,32.77961905522501,22.75286507207603,49761,3.812316715542522,16.28914605385839
54055,West Virginia,Mercer,58563,11.411642163140545,51.734030018953945,34.880385226166695,22.869388521762886,53210,2.6528739467756735,22.852262612168307
54057,West Virginia,Mineral,26854,7.633872048856782,50.1936396812393,33.2874059730394,22.60743278468757,69375,6.560254053150594,23.73768472906404
54059,West Virginia,Mingo,22542,4.977375565610864,51.44618933546269,34.02093869221897,21.865850412563216,38119,11.506597115679657,9.528284157113324
54061,West Virginia,Monongalia,107163,14.225992180136803,48.33198025437884,45.82831760962272,13.409479017944626,65346,4.721007971200823,48.89560497391252
54063,West Virginia,Monroe,12386,5.877603746165027,49.78201194897465,32.42370418214113,25.108994025512676,56750,4.767801857585139,15.414710485133021
54065,West Virginia,Morgan,17426,6.903477562263283,49.11626305520487,28.859175943991737,25.169287271892575,72179,3.9003759398496243,18.03438696598844
54067,West Virginia,Nicholas,24277,3.727808213535444,49.39654817316802,32.013840260328706,23.927997693289946,54639,5.918106206014076,23.30525244529881
54069,West Virginia,Ohio,41582,10.191909961040835,51.202443364917514,34.82756962147083,22.78149199172719,57094,5.978206538038588,33.870308562087054
54071,West Virginia,Pendleton,6043,5.560152242263772,48.23763031606818,28.6612609630978,29.81962601356942,64931,6.343713956170704,18.4794797039695
54073,West Virginia,Pleasants,7521,5.5843637814120495,45.844967424544606,33.12059566547002,19.000132961042414,60932,8.545507755340942,14.064492621606849
54075,West Virginia,Pocahontas,7784,6.282117163412126,47.443473792394656,28.597122302158272,27.08119218910586,42119,11.900532859680284,19.654061387146008
54077,West Virginia,Preston,34160,12.719555035128804,46.653981264637004,31.57201405152225,20.450819672131146,61880,5.305466237942122,17.54868181642213
54079,West Virginia,Putnam,57177,6.355702467775504,50.47659023733319,34.4334260279483,19.684488518110427,79527,3.1123287671232878,29.052756021870845
54081,West Virginia,Raleigh,73195,13.082860851151034,49.44326798278571,34.37393264567252,22.143589042967417,52150,4.999297851425362,22.50331100404998
54083,West Virginia,Randolph,27576,10.073977371627507,46.75805047867711,32.9852045256745,22.81331592689295,52757,7.43358310626703,19.788944228019133
54085,West Virginia,Ritchie,8286,3.54815351194786,50.30171373400917,31.474776731836833,22.990586531498913,50582,2.361238883777982,14.428759028233747
54087,West Virginia,Roane,13786,4.968808936602354,50.29014942695488,31.25634701871464,23.59640214710576,45778,9.108000835596407,15.166485525145736
54089,West Virginia,Summers,11729,9.83886094296189,52.6813880126183,26.336431068292267,27.129337539432175,40699,2.1974965229485397,18.77236742218848
54091,West Virginia,Taylor,16487,5.131315581973672,49.65124037120155,32.52259355856129,21.331958512767635,57795,7.511086474501108,20.48792631316903
54093,West Virginia,Tucker,6654,3.125939284640822,49.2936579501052,24.97745716862038,28.19356777877968,53358,6.0719131614654005,23.603672532517216
54095,West Virginia,Tyler,8064,6.113591269841267,49.813988095238095,30.49355158730159,24.24355158730159,63693,6.967615309126595,15.909090909090908
54097,West Virginia,Upshur,23712,8.227901484480427,49.780701754385966,35.86791497975708,21.81174089068826,54338,5.715178013741411,18.16964829013022
54099,West Virginia,Wayne,38164,4.271040771407608,51.019285190231635,33.52898019075569,22.232994445026726,58878,4.886627724389172,19.184948423652475
54101,West Virginia,Webster,8144,6.827111984282908,49.00540275049116,31.090373280943027,25.110510805500983,43839,9.18955578162089,12.919379068602904
54103,West Virginia,Wetzel,14078,6.257991191930667,50.17047876118767,33.84713737746839,22.865463844296066,56836,5.421686746987952,17.087667161961367
54105,West Virginia,Wirt,5053,3.5622402533148634,50.26716801899862,32.35701563427667,23.095190975658024,49867,4.94949494949495,15.453029460811562
54107,West Virginia,Wood,83407,6.385555169230406,50.969343100698985,33.711798769887416,21.612094908101238,57810,5.353638433158019,24.11483413032974
54109,West Virginia,Wyoming,20629,3.238159872024815,50.3369043579427,32.6094333220224,23.44757380386834,48440,5.654328184202856,13.05738852229554
55001,Wisconsin,Adams,21123,12.40354116366047,45.59011504047721,22.690905647871986,32.20659944136723,59442,4.519392917369308,17.53774680603949
55003,Wisconsin,Ashland,16080,18.75,49.14179104477612,34.94402985074627,21.46766169154229,62462,3.7685572896840505,24.527967378778477
55005,Wisconsin,Barron,46797,9.182212534991564,49.8557599846144,33.56839113618394,23.565613180332072,65933,2.825146347671163,23.199689755981147
55007,Wisconsin,Bayfield,16575,16.30165912518854,49.073906485671195,25.683257918552037,31.28205128205128,71151,3.588580576307364,35.01387604070305
55009,Wisconsin,Brown,270892,22.69982133101014,50.04134489021455,38.847215864625014,16.36224030240834,79649,2.6015440279642132,33.51106995996841
55011,Wisconsin,Buffalo,13393,6.368998730680209,49.53333831105802,31.434331367132085,24.027477040244904,70479,2.8510028653295127,22.124073510001015
55013,Wisconsin,Burnett,16916,10.380704658311657,48.59895956490896,24.875857176637503,32.27713407424923,62819,4.8790487904879045,22.356721213479787
55015,Wisconsin,Calumet,52942,12.51180537191644,49.05368138717842,35.11012050923652,17.19617694835858,88810,2.1165644171779143,32.95759527643586
55017,Wisconsin,Chippewa,66799,7.645324031796886,48.02017994281351,34.25500381742242,19.742810521115587,74680,3.0609862853807996,24.23369247473482
55019,Wisconsin,Clark,34739,9.508045712311809,48.939232562825644,43.360488212095916,17.225596591726877,67400,3.732976653696498,12.99550280495155
55021,Wisconsin,Columbia,58272,9.747391543108186,48.82962657880285,33.082784184514004,19.60118066996156,85351,3.0635967007420146,25.974826368312513
55023,Wisconsin,Crawford,16042,7.349457673606786,48.117441715496824,31.19935170178282,25.134023189128538,64094,3.147939017504235,18.327131258457374
55025,Wisconsin,Dane,572674,24.22111009055763,49.955472048669925,41.50668617747619,15.064242483507195,89975,2.387057938299473,55.320029440036876
55027,Wisconsin,Dodge,88742,12.713258659935544,47.31919496968741,33.25820919068761,18.99776881296342,75929,3.7751481804083196,20.310564775823632
55029,Wisconsin,Door,30445,8.50385941862375,50.606010839218264,25.912300870422072,32.42240105107571,74795,2.4195174406882183,37.40202037137947
55031,Wisconsin,Douglas,44229,10.251192656401908,49.530850799249365,33.51194917361912,20.676479233082368,75099,3.1092178648280706,28.393830814768656
55033,Wisconsin,Dunn,45527,9.528411711731499,49.20596569068904,42.989874140619854,16.963560085224152,74824,4.392622596248378,29.56214590473526
55035,Wisconsin,Eau Claire,107116,12.765599910377535,50.46585010642668,42.38769184808992,16.970387243735765,74546,2.960655737704918,36.761846725283654
55037,Wisconsin,Florence,4646,5.144210073181233,49.095996556177354,23.611708996986657,29.294016358157556,61086,4.785643070787637,25.020177562550444
55039,Wisconsin,Fond du Lac,104137,14.019032620490313,50.21654167106792,35.59349702795356,19.795077638111334,74275,3.167685941333724,22.312154507609364
55041,Wisconsin,Forest,9369,22.26491621304302,48.756537517344434,30.80371437720141,25.360230547550433,61071,2.8891202498698596,16.141108711303094
55043,Wisconsin,Grant,51770,7.0330307127680065,48.13405447170176,42.706200502221364,18.526173459532547,66858,3.0990882827449067,25.587938469066334
55045,Wisconsin,Green,37017,8.017937704298028,49.520490585406705,33.41167571656266,20.622957019747684,82852,3.6269943514022396,27.67283788351046
55047,Wisconsin,Green Lake,19263,9.468930073197324,50.002595649691116,33.733063385765455,23.501012303379536,68196,2.7564243356028992,22.83792674903136
55049,Wisconsin,Iowa,23867,7.608832278878785,48.904344911383916,33.20484350777224,20.48435077722378,82182,3.11999389732245,28.43457943925234
55051,Wisconsin,Iron,6210,7.085346215780996,49.09822866344606,23.89694041867955,33.027375201288244,60625,2.536620221507681,25.969070094396464
55053,Wisconsin,Jackson,20981,14.718078261284017,46.375291930794525,33.821076211810684,20.456603593727657,68110,4.723525811058968,15.892242520518932
55055,Wisconsin,Jefferson,86003,13.040242782228528,50.00406962547818,35.74875295047847,18.526097926816508,83750,3.5528400090518217,28.546963071346624
55057,Wisconsin,Juneau,26689,12.615684364344858,46.105136947806216,31.42118475776537,21.81423058188767,67270,3.7755594912252457,16.86540016168149
55059,Wisconsin,Kenosha,168438,28.497726166304517,50.43042543844026,37.92018428145668,15.830157090442775,81239,4.409552566566017,31.150250995326296
55061,Wisconsin,Kewaunee,20664,8.004258614014715,48.949864498644985,33.23170731707317,22.173828881145955,82725,1.4930909765371418,21.910415542363733
55063,Wisconsin,La Crosse,120488,12.603744771263525,50.81252904853596,41.07877962950667,18.079808777637606,73013,3.141905637347237,36.45521441258564
55065,Wisconsin,Lafayette,16942,10.276236571833309,49.12052886318026,38.13009089835911,20.363593436430172,76462,2.9046125246892065,22.63803680981595
55067,Wisconsin,Langlade,19490,8.512057465366851,49.086711133914825,30.56952283222165,25.60287326834274,55878,3.4895097293184043,16.983742649602213
55069,Wisconsin,Lincoln,28426,6.9724899739675,49.3034545838317,29.0543868289594,23.64384718215718,68164,3.1552706552706553,19.59144058788187
55071,Wisconsin,Manitowoc,81406,12.725106257524011,49.53811758347051,32.72486057538757,22.25634474117387,69148,2.5981858535173212,22.635952812145625
55073,Wisconsin,Marathon,138403,13.8161745048879,49.53144079246837,35.727549258325325,19.185277775770757,77884,2.86645214277059,28.103444725842653
55075,Wisconsin,Marinette,42046,6.564239166627028,49.16520001902678,29.962422109118585,25.296104266755457,63809,3.4347891490748634,19.770691736009656
55077,Wisconsin,Marquette,15746,7.71624539565604,48.101105042550486,28.68029975866887,26.5654769465261,65681,2.7078774617067833,16.217808449755932
55078,Wisconsin,Menominee,4252,86.99435559736595,50.35277516462841,44.590780809031045,16.768579492003763,62108,10.00633312222926,18.136311128224875
55079,Wisconsin,Milwaukee,926331,51.94676632866653,51.41596254470594,41.216476615810116,14.744297664657665,64435,4.797189839218298,34.68774461148635
55081,Wisconsin,Monroe,46208,11.917849722991692,48.71450831024931,37.8332756232687,18.005540166204987,69467,3.1939605110336817,21.347990513428627
55083,Wisconsin,Oconto,39589,6.736719795902902,48.36191871479451,30.104321907600596,22.670438758240927,75049,1.9987946966653274,18.899830220713074
55085,Wisconsin,Oneida,38167,6.6444834542929705,49.43013598134514,26.69845678203684,28.296696098724027,69371,1.9594632530458704,28.745867907980845
55087,Wisconsin,Outagamie,192826,15.128146619231842,49.75521973177891,37.672305601941645,16.586456183294786,85069,2.742433368468604,32.72555752613109
55089,Wisconsin,Ozaukee,92966,10.848051975991224,50.34098487619129,33.91347374308887,21.626185917432178,96996,2.7680483557832796,51.17018686469048
55091,Wisconsin,Pepin,7431,5.867312609339259,48.997443143587674,33.064190553088416,24.518907280312206,75256,3.1088082901554404,22.972972972972975
55093,Wisconsin,Pierce,42584,8.679316175089236,50.01643809881646,40.37666729287996,16.759815893293254,92109,3.2474570618642655,33.48249729339589
55095,Wisconsin,Polk,45555,7.048622544177363,49.10986719350236,31.17550214027,22.62100757326309,77219,3.425102969867765,24.32657926102503
55097,Wisconsin,Portage,70832,10.952676756268353,49.02868759882539,40.55652812288231,18.33916873729388,76070,3.2021841192080016,34.03446201443795
55099,Wisconsin,Price,14092,6.8620493897246675,48.154981549815496,26.986942946352542,28.49134260573375,60546,2.8863020251953437,17.902033271719038
55101,Wisconsin,Racine,197532,31.434906749286196,50.182755199157604,36.86592552092826,18.12465828321487,78096,4.412111911226537,28.446003339093757
55103,Wisconsin,Richland,17205,7.939552455681486,49.68904388259227,32.711421098517874,24.957861086893345,66420,3.5862232216830394,21.196705426356587
55105,Wisconsin,Rock,164350,20.372984484332214,50.2257377547916,36.90721022208701,17.808335868573167,75673,3.763952382057411,25.812634633138437
55107,Wisconsin,Rusk,14179,6.946893292897949,48.529515480640384,31.038860286338952,26.03145496861556,59944,5.381165919282512,16.916897771827482
55109,Wisconsin,St. Croix,96033,8.574135974092234,49.53089042308373,36.49891183239095,15.996584507408912,103046,2.5680103634839595,39.451566090216474
55111,Wisconsin,Sauk,66009,13.708736687421407,49.76897089790786,35.11642351800512,19.90637640321774,79541,2.3192012897021805,27.34796534749242
55113,Wisconsin,Sawyer,18476,23.094825719852786,48.257198527819874,27.441004546438624,28.528902359818144,60801,5.96906718221363,27.425451490970183
55115,Wisconsin,Shawano,41039,15.356124661906968,49.660079436633445,32.890664977216794,22.30073832208387,66479,2.590364440908865,19.092570036540803
55117,Wisconsin,Sheboygan,117991,19.176886372689438,49.155444059292655,35.81798611758524,19.598952462475953,73094,2.736061875604254,27.46979817221673
55119,Wisconsin,Taylor,20024,6.172592888533757,49.031162604874154,34.55852976428286,21.35437475029964,69350,2.6207862358707614,17.013839349407906
55121,Wisconsin,Trempealeau,30839,16.109471772755278,49.00612860339181,38.69451019812575,18.671163137585523,76313,2.3021490976340795,20.87992577762586
55123,Wisconsin,Vernon,31049,5.726432413282234,49.24796289735579,37.334535733840056,21.250281812618763,71893,2.487527229288174,24.934017947118384
55125,Wisconsin,Vilas,23647,15.194316403772145,48.15832875206157,24.654290184801454,31.77147206833848,68431,3.966444788912191,30.939787359085326
55127,Wisconsin,Walworth,105657,16.946345249249926,49.70044578210625,37.52425300737291,19.96554889879516,80520,2.8828517044471362,32.40138466262807
55129,Wisconsin,Washburn,16854,7.576836359321226,49.60840156639374,27.95182152604723,28.088287646849412,63441,3.9184952978056424,25.50948699929726
55131,Wisconsin,Washington,137879,9.80714974724215,50.05330761029598,33.13194902777072,19.848562870342835,96359,2.5491605147971517,35.161938617841024
55133,Wisconsin,Waukesha,411762,14.963498331560466,50.40678838746655,33.396719464156476,20.482220311733478,106076,2.299450684301887,48.877177523215614
55135,Wisconsin,Waupaca,51569,7.615040043436949,48.9538288506661,32.23642110570304,21.26665244623708,72830,2.7773527161438407,20.51316068775207
55137,Wisconsin,Waushara,24868,12.751327006594826,47.05645809876146,28.454238378639214,26.186263471127553,67107,3.908085995299852,17.665081880612785
55139,Wisconsin,Winnebago,171769,15.058013960609884,49.21144094685304,38.342774307354645,17.40360600574027,74925,2.1808229805299053,31.11919927206551
55141,Wisconsin,Wood,74004,9.761634506242912,50.07432030701043,33.86979082211772,21.788011458840064,67989,4.003761923955395,21.42870584692975
56001,Wyoming,Albany,38249,20.126016366440957,47.431305393605065,52.23665978195508,13.514078799445738,61917,3.7496153677084707,55.01733302519066
56003,Wyoming,Big Horn,11828,15.006763611768681,49.12918498478187,36.7855935069327,21.73655732160974,62101,3.343184336904322,22.849429377837772
56005,Wyoming,Campbell,47240,15.766299745977985,48.67696867061812,40.52074513124471,13.027095681625742,89869,3.541936528497409,23.330227776528417
56007,Wyoming,Carbon,14463,24.579962663347853,46.03470925810689,35.34536403235843,19.138491322685475,70511,4.9564832571175685,24.350205198358413
56009,Wyoming,Converse,13762,12.759773288766162,49.77474204330766,35.53262607179189,18.42028774887371,81558,4.176040494938133,24.882186616399622
56011,Wyoming,Crook,7455,7.082494969818908,48.89336016096579,34.51374916163648,22.870556673373574,79637,0.5683355886332883,24.462778204144282
56013,Wyoming,Fremont,39533,31.308021146889942,49.41188374269598,38.06693142437963,19.99089368375787,64904,7.400769595698698,26.502588729646583
56015,Wyoming,Goshen,12605,15.525585085283621,48.06822689408965,35.12098373661246,23.942879809599365,58929,3.4827647794248975,23.023516237402017
56017,Wyoming,Hot Springs,4620,10.497835497835496,49.1991341991342,34.56709956709957,26.21212121212121,61250,2.94543698696282,26.699326393141458
56019,Wyoming,Johnson,8686,9.981579553304165,48.68754317292194,30.428275385678102,27.5385678102694,64871,3.130109787432843,30.324290614281256
56021,Wyoming,Laramie,101060,25.139521076588167,49.18167425291906,38.163467247179895,17.341183455373045,80173,3.6821400472069237,33.06443480891399
56023,Wyoming,Lincoln,20486,9.201405838133358,48.20365127404081,36.639656350678514,19.13013765498389,89330,2.0237062734894478,26.040845575062697
56025,Wyoming,Natrona,79977,15.380671943183666,49.43421233604661,37.51578578841417,17.00238818660365,72156,4.140218584450914,27.66314254465913
56027,Wyoming,Niobrara,2368,13.048986486486491,55.320945945945944,20.14358108108108,32.98141891891892,64113,2.4701873935264054,19.372509960159363
56029,Wyoming,Park,30449,13.051331735032345,50.494269105717756,32.933758087293505,25.419554008341816,73035,2.1975872187805674,35.9872029250457
56031,Wyoming,Platte,8612,15.02554575011612,48.676265675801204,29.818857408267533,27.090106827682305,67718,4.577087794432548,20.741528643063365
56033,Wyoming,Sheridan,32055,10.77211043518952,49.85181718920605,33.610981126189365,22.399001715800967,71388,2.1624278166850965,31.0985743024578
56035,Wyoming,Sublette,8838,13.521158633174924,45.6551255940258,30.979859696763974,24.1683638832315,83597,2.3098714316844626,32.252612169637366
56037,Wyoming,Sweetwater,41542,23.23431707669347,48.70733233835636,39.261470319195034,14.758557604352221,75034,5.594146522182087,20.902742416527243
56039,Wyoming,Teton,23396,22.435459052829543,47.71755855701829,31.24038297144811,17.92186698580954,124172,1.7531282586027113,61.08396268325189
56041,Wyoming,Uinta,20644,14.226894012788216,50.358457663243556,40.42821158690176,17.0509591164503,82980,3.228991804088081,22.895322939866368
56043,Wyoming,Washakie,7703,19.43398675840582,49.09775412177074,32.53277943658315,24.276256004154227,65714,2.7143581938102486,23.50909090909091
56045,Wyoming,Weston,6826,14.767067096396136,44.79929680632874,30.457075886317025,22.121300908291825,89509,1.0283577438454348,20.0750098697197
